minute_of_day,probability,day_of_week,time_label,prob_smoothed
0,0.00012914372467972857,Monday,Monday 00:00,4.449235546642416e-05
5,8.632261360191664e-05,Monday,Monday 00:05,4.2757580615738184e-05
10,9.414761103147558e-05,Monday,Monday 00:10,4.011965210630851e-05
15,0.0,Monday,Monday 00:15,3.646218354068599e-05
20,6.916832447334474e-05,Monday,Monday 00:20,3.1927780132179906e-05
25,0.0,Monday,Monday 00:25,2.68657200971118e-05
30,0.0,Monday,Monday 00:30,2.1717411994086344e-05
35,0.0,Monday,Monday 00:35,1.6887232973584664e-05
40,0.0,Monday,Monday 00:40,1.2667905515643558e-05
45,1.7739419301010546e-05,Monday,Monday 00:45,9.203970698291651e-06
50,0.0,Monday,Monday 00:50,6.506136544572837e-06
55,0.0,Monday,Monday 00:55,4.50108739632864e-06
60,0.0,Monday,Monday 01:00,3.069830967510459e-06
65,0.0,Monday,Monday 01:05,2.092699375317321e-06
70,0.0,Monday,Monday 01:10,1.4715596013761249e-06
75,0.0,Monday,Monday 01:15,1.1394099493160088e-06
80,0.0,Monday,Monday 01:20,1.0527060997434094e-06
85,0.0,Monday,Monday 01:25,1.182129533824575e-06
90,0.0,Monday,Monday 01:30,1.5046681685363761e-06
95,0.0,Monday,Monday 01:35,1.9815222103982744e-06
100,0.0,Monday,Monday 01:40,2.5566707091233957e-06
105,0.0,Monday,Monday 01:45,3.1484116655637623e-06
110,0.0,Monday,Monday 01:50,3.6668856327336736e-06
115,0.0,Monday,Monday 01:55,4.021273054220905e-06
120,4.155771173557385e-05,Monday,Monday 02:00,4.146492513074159e-06
125,0.0,Monday,Monday 02:05,4.017996234826769e-06
130,0.0,Monday,Monday 02:10,3.65788678072704e-06
135,0.0,Monday,Monday 02:15,3.1287563657144643e-06
140,0.0,Monday,Monday 02:20,2.5140263674249183e-06
145,0.0,Monday,Monday 02:25,1.8989666312621043e-06
150,0.0,Monday,Monday 02:30,1.350557670311811e-06
155,0.0,Monday,Monday 02:35,9.087655072242285e-07
160,0.0,Monday,Monday 02:40,5.932261865399282e-07
165,0.0,Monday,Monday 02:45,4.0355919108083894e-07
170,0.0,Monday,Monday 02:50,3.4018646457980767e-07
175,0.0,Monday,Monday 02:55,4.138762570576687e-07
180,0.0,Monday,Monday 03:00,6.550273999442097e-07
185,0.0,Monday,Monday 03:05,1.1171863757720162e-06
190,0.0,Monday,Monday 03:10,1.874484135035386e-06
195,0.0,Monday,Monday 03:15,3.0017146073625675e-06
200,0.0,Monday,Monday 03:20,4.558358286292405e-06
205,0.0,Monday,Monday 03:25,6.553558983758118e-06
210,0.0,Monday,Monday 03:30,8.92529218118923e-06
215,0.0,Monday,Monday 03:35,1.1526818631614981e-05
220,0.0,Monday,Monday 03:40,1.4140812813764928e-05
225,3.825513658414457e-05,Monday,Monday 03:45,1.6512113873757206e-05
230,4.555034647466628e-05,Monday,Monday 03:50,1.8421276212398584e-05
235,0.0,Monday,Monday 03:55,1.9755130679539824e-05
240,8.747833025361603e-05,Monday,Monday 04:00,2.0558869869598026e-05
245,1.7507632865725388e-05,Monday,Monday 04:05,2.106665566976789e-05
250,0.0,Monday,Monday 04:10,2.1689334658817783e-05
255,0.0,Monday,Monday 04:15,2.2939453155652805e-05
260,0.0,Monday,Monday 04:20,2.5376810562069537e-05
265,0.0,Monday,Monday 04:25,2.94813550157659e-05
270,6.720049544306351e-05,Monday,Monday 04:30,3.5556132500962394e-05
275,0.0,Monday,Monday 04:35,4.362094575250403e-05
280,2.2556200072747153e-05,Monday,Monday 04:40,5.337248649393656e-05
285,0.0,Monday,Monday 04:45,6.415227021818815e-05
290,0.0,Monday,Monday 04:50,7.510594423851894e-05
295,0.00013583154398245874,Monday,Monday 04:55,8.534529435354893e-05
300,0.00031228073340271623,Monday,Monday 05:00,9.418255479593582e-05
305,0.00019160525827657476,Monday,Monday 05:05,0.00010134519560186684
310,6.668653653922905e-05,Monday,Monday 05:10,0.00010706668041566302
315,5.6003608312450975e-05,Monday,Monday 05:15,0.00011198306377421405
320,0.0,Monday,Monday 05:20,0.00011703364034265787
325,4.7075098651051404e-05,Monday,Monday 05:25,0.00012321443228018383
330,0.00031604864850026736,Monday,Monday 05:30,0.00013140358012936356
335,4.35601708299775e-05,Monday,Monday 05:35,0.00014225141419837076
340,0.000159606019193997,Monday,Monday 05:40,0.0001561581489611997
345,9.079043737712637e-05,Monday,Monday 05:45,0.00017319482091969688
350,0.00011118699494422114,Monday,Monday 05:50,0.00019324231585697015
355,5.4543851258236585e-05,Monday,Monday 05:55,0.00021595410651037764
360,0.0005593912020021796,Monday,Monday 06:00,0.00024083809387655939
365,0.0001339455580177201,Monday,Monday 06:05,0.00026729625290373635
370,0.00032291712347005583,Monday,Monday 06:10,0.00029466143261467514
375,0.00039716125474945063,Monday,Monday 06:15,0.00032215677540711437
380,0.00010496459291480348,Monday,Monday 06:20,0.0003490147279555976
385,0.00018432614655105228,Monday,Monday 06:25,0.0003744903924773057
390,0.0009519238898820068,Monday,Monday 06:30,0.00039800369171105477
395,0.0004028998034767917,Monday,Monday 06:35,0.00041923322033013855
400,0.00047327270125508265,Monday,Monday 06:40,0.0004381301744895697
405,0.0004882055288165868,Monday,Monday 06:45,0.00045480733264118315
410,0.00018848580697095047,Monday,Monday 06:50,0.0004694616022011705
415,0.00016281325624223965,Monday,Monday 06:55,0.00048217695358503815
420,0.0011691898618377493,Monday,Monday 07:00,0.0004929305210791912
425,0.0002782271139772694,Monday,Monday 07:05,0.0005016620481742241
430,0.0007377854689146074,Monday,Monday 07:10,0.0005084864051216802
435,0.0005731522516362308,Monday,Monday 07:15,0.0005137567948064901
440,0.00024115997406507845,Monday,Monday 07:20,0.0005181857694786063
445,0.0003037387807575694,Monday,Monday 07:25,0.0005227056816191009
450,0.001008342978753754,Monday,Monday 07:30,0.000528304772755104
455,0.0002830790886878763,Monday,Monday 07:35,0.0005357567555363165
460,0.0006412394878759803,Monday,Monday 07:40,0.0005454946813987348
465,0.0004175683889796919,Monday,Monday 07:45,0.0005574484882189589
470,0.0002413988758184885,Monday,Monday 07:50,0.0005710325645152191
475,0.0006734273170550728,Monday,Monday 07:55,0.0005852557564074735
480,0.0011696357007049232,Monday,Monday 08:00,0.0005988510301926504
485,0.0002906266261098141,Monday,Monday 08:05,0.0006104314581456326
490,0.000688327834599495,Monday,Monday 08:10,0.0006187278101544048
495,0.0006623777486629639,Monday,Monday 08:15,0.000622659837244278
500,0.0005329216152195804,Monday,Monday 08:20,0.0006215531677001737
505,0.0005502556182918211,Monday,Monday 08:25,0.0006152142817243265
510,0.0012704254162885114,Monday,Monday 08:30,0.0006040816145351044
515,0.0004540815991893032,Monday,Monday 08:35,0.0005891936825937279
520,0.0003677673842196984,Monday,Monday 08:40,0.0005722167846214101
525,0.0005526308677085889,Monday,Monday 08:45,0.0005550509778878842
530,0.0005414994371271233,Monday,Monday 08:50,0.0005396237375942306
535,0.00031846647041130864,Monday,Monday 08:55,0.0005274728545274044
540,0.0006095923320267178,Monday,Monday 09:00,0.0005195194551759646
545,0.00045736200773612435,Monday,Monday 09:05,0.0005158619514746488
550,0.00024076541771806073,Monday,Monday 09:10,0.0005159963741774377
555,0.0007892767399740932,Monday,Monday 09:15,0.0005188606040084502
560,0.0004817464196658928,Monday,Monday 09:20,0.0005232331729545991
565,0.0003741129172773962,Monday,Monday 09:25,0.0005279228586766605
570,0.0010337365933822762,Monday,Monday 09:30,0.0005319334631617
575,0.00014730073916762574,Monday,Monday 09:35,0.0005344623457481439
580,0.0005216664546360173,Monday,Monday 09:40,0.0005349773953642151
585,0.0007927129656370494,Monday,Monday 09:45,0.0005330827402496548
590,0.00029212832249355406,Monday,Monday 09:50,0.0005286450784188055
595,0.0002674106275533676,Monday,Monday 09:55,0.0005217979070062887
600,0.0015193167296078812,Monday,Monday 10:00,0.0005130394594927994
605,0.0002241027049351489,Monday,Monday 10:05,0.0005031237321638213
610,0.00017279472454950754,Monday,Monday 10:10,0.0004929091807693903
615,0.0002548945141797252,Monday,Monday 10:15,0.00048317539380797925
620,0.0005429907813542554,Monday,Monday 10:20,0.0004744454943835357
625,0.00016118534620744113,Monday,Monday 10:25,0.0004670109854576181
630,0.0013220079419786655,Monday,Monday 10:30,0.0004610621881973083
635,0.0002592592384159241,Monday,Monday 10:35,0.00045682467524050315
640,0.0003561912030962635,Monday,Monday 10:40,0.0004545789544427268
645,0.0003163256566974898,Monday,Monday 10:45,0.00045447761999273
650,0.00010308915406901306,Monday,Monday 10:50,0.0004562589775982824
655,0.00020459305331998453,Monday,Monday 10:55,0.0004590292160478817
660,0.001147287698938699,Monday,Monday 11:00,0.0004612988478030128
665,0.0003921830887137977,Monday,Monday 11:05,0.00046118019195259265
670,0.0006037467869431177,Monday,Monday 11:10,0.00045695266393697094
675,0.00044900527477016977,Monday,Monday 11:15,0.00044746741540784333
680,0.00022476341519259775,Monday,Monday 11:20,0.0004325015959701601
685,0.0007632611345418699,Monday,Monday 11:25,0.0004129011111558591
690,0.0004762410805399193,Monday,Monday 11:30,0.0003905203492351342
695,0.0003870523638281399,Monday,Monday 11:35,0.0003678329906663716
700,5.105133466163819e-05,Monday,Monday 11:40,0.00034767617053951485
705,0.00029453833015107993,Monday,Monday 11:45,0.00033277936278434456
710,0.00016530787429886747,Monday,Monday 11:50,0.00032547314175043106
715,0.0001303998150387012,Monday,Monday 11:55,0.00032730774561400813
720,0.0006061237068285358,Monday,Monday 12:00,0.0003389378177976495
725,0.0001353304003234766,Monday,Monday 12:05,0.0003598614973594234
730,0.00013968944720001695,Monday,Monday 12:10,0.00038846651425759307
735,0.0003629018498289774,Monday,Monday 12:15,0.0004219868552636705
740,0.0004297210560469278,Monday,Monday 12:20,0.0004568690718195602
745,0.0003978468785204741,Monday,Monday 12:25,0.0004891509100147923
750,0.001056178206754228,Monday,Monday 12:30,0.0005151582098682702
755,0.0008142521136894268,Monday,Monday 12:35,0.0005320463859112804
760,0.0005350327322235369,Monday,Monday 12:40,0.0005384021729612988
765,0.0005984239089169491,Monday,Monday 12:45,0.0005343860321541885
770,0.0004912420604387903,Monday,Monday 12:50,0.000521677610114451
775,0.0004612098715604327,Monday,Monday 12:55,0.0005030653848228977
780,0.0008453538410572198,Monday,Monday 13:00,0.0004817886089786015
785,0.00020717692117500145,Monday,Monday 13:05,0.00046087271722173917
790,0.00033282405229630163,Monday,Monday 13:10,0.0004425069516472646
795,0.00023161197837474253,Monday,Monday 13:15,0.0004276134230529275
800,3.8344066134937e-05,Monday,Monday 13:20,0.0004158874781543674
805,0.0003262789633028473,Monday,Monday 13:25,0.0004060812580664498
810,0.0013498025878910182,Monday,Monday 13:30,0.0003966652077024229
815,0.00019889292497128112,Monday,Monday 13:35,0.00038643428285580736
820,0.0004865814111617629,Monday,Monday 13:40,0.0003750290502046679
825,0.0001855585595227089,Monday,Monday 13:45,0.0003629788327338029
830,0.000135816506669393,Monday,Monday 13:50,0.0003514628352940515
835,0.0001265259268587499,Monday,Monday 13:55,0.0003418108178316385
840,0.0006833264835730857,Monday,Monday 14:00,0.0003350459917060212
845,0.0002248295213021129,Monday,Monday 14:05,0.0003315086777319202
850,0.0003118921650783159,Monday,Monday 14:10,0.00033080600029510113
855,0.00023006442109747117,Monday,Monday 14:15,0.00033194951308417503
860,0.00016186144907648115,Monday,Monday 14:20,0.0003336689898874371
865,0.00025314977090188056,Monday,Monday 14:25,0.0003348063798148586
870,0.0011132440107668423,Monday,Monday 14:30,0.0003346693170108478
875,8.225801563146541e-05,Monday,Monday 14:35,0.0003331646181834253
880,0.0003117894785313023,Monday,Monday 14:40,0.00033084946021550733
885,0.0002689672153552168,Monday,Monday 14:45,0.00032858132502508724
890,0.00018589194177456687,Monday,Monday 14:50,0.00032715400078133644
895,0.0,Monday,Monday 14:55,0.0003269496552990883
900,0.0006002810835563524,Monday,Monday 15:00,0.00032784683050934615
905,0.0004154098052071561,Monday,Monday 15:05,0.00032922385772278447
910,0.0003507120766231104,Monday,Monday 15:10,0.0003304138899392589
915,0.00039155246535403296,Monday,Monday 15:15,0.00033099200682875496
920,0.00040575238162689805,Monday,Monday 15:20,0.00033108560329401094
925,0.00022209915272153427,Monday,Monday 15:25,0.00033135335795234734
930,0.0003730944873524946,Monday,Monday 15:30,0.0003328429801066705
935,0.00020744696991238833,Monday,Monday 15:35,0.0003366916007614884
940,0.00011975288757242681,Monday,Monday 15:40,0.0003439074162863006
945,0.00043160087839988785,Monday,Monday 15:45,0.00035514338368320347
950,0.0005582534684671134,Monday,Monday 15:50,0.0003707436432597233
955,0.0001288789681594661,Monday,Monday 15:55,0.0003907466637422299
960,0.0005724045102928829,Monday,Monday 16:00,0.00041486253685660073
965,0.000382646776564148,Monday,Monday 16:05,0.0004423757464145007
970,0.0002853453761884149,Monday,Monday 16:10,0.00047228198269033575
975,0.00025124418958732665,Monday,Monday 16:15,0.0005031929379837126
980,0.0006782609918745371,Monday,Monday 16:20,0.0005337679607525641
985,0.0008196590068063394,Monday,Monday 16:25,0.00056308496637644
990,0.0009604826993488486,Monday,Monday 16:30,0.0005910710602077245
995,0.00047528681603805874,Monday,Monday 16:35,0.000618647875877414
1000,0.0006720154469049546,Monday,Monday 16:40,0.0006477059876999758
1005,0.0005728344821934856,Monday,Monday 16:45,0.000680385740254221
1010,8.126689433185787e-05,Monday,Monday 16:50,0.0007187048133822088
1015,0.0004892767813099676,Monday,Monday 16:55,0.0007639432286524648
1020,0.0015447910119858136,Monday,Monday 17:00,0.000816460012712226
1025,0.0007566001431747031,Monday,Monday 17:05,0.0008758300676177407
1030,0.0005149168986556235,Monday,Monday 17:10,0.0009413731867515159
1035,0.0014049359758136427,Monday,Monday 17:15,0.0010122242427464975
1040,0.0010680737865634547,Monday,Monday 17:20,0.001087773699987699
1045,0.0003790213813424568,Monday,Monday 17:25,0.001167558300308575
1050,0.0020738024103296735,Monday,Monday 17:30,0.0012509257874794473
1055,0.0010894668011590413,Monday,Monday 17:35,0.0013369419419016282
1060,0.0010764670936150387,Monday,Monday 17:40,0.001424191886622373
1065,0.0016549763374493457,Monday,Monday 17:45,0.0015107026511821482
1070,0.0017382369702402152,Monday,Monday 17:50,0.0015944764594899487
1075,0.0010646164818300802,Monday,Monday 17:55,0.0016736811834444035
1080,0.003490878588187467,Monday,Monday 18:00,0.0017469564277965881
1085,0.001185756100585522,Monday,Monday 18:05,0.0018135440544914398
1090,0.0013112453940799455,Monday,Monday 18:10,0.001873187277184338
1095,0.0022321015208305603,Monday,Monday 18:15,0.0019256267598943989
1100,0.0021889847325180277,Monday,Monday 18:20,0.001970445832260037
1105,0.0008839052125924965,Monday,Monday 18:25,0.002006843331596384
1110,0.004101588077361983,Monday,Monday 18:30,0.0020335375688981423
1115,0.001801871528084738,Monday,Monday 18:35,0.0020490154252067855
1120,0.0010533155114058996,Monday,Monday 18:40,0.0020518180714320933
1125,0.0029818924769750075,Monday,Monday 18:45,0.002040715107197133
1130,0.0013484917700274245,Monday,Monday 18:50,0.00201527822102457
1135,0.0021023409983033452,Monday,Monday 18:55,0.0019760979676277895
1140,0.00393263018155983,Monday,Monday 19:00,0.0019252640690699623
1145,0.0009715603177177127,Monday,Monday 19:05,0.0018661539124980066
1150,0.0013467508718188871,Monday,Monday 19:10,0.00180315548761257
1155,0.001965939720308364,Monday,Monday 19:15,0.0017406664583411672
1160,0.0010880061128304295,Monday,Monday 19:20,0.0016822060901438684
1165,0.0009766845403471227,Monday,Monday 19:25,0.0016295226183146354
1170,0.002824199371232245,Monday,Monday 19:30,0.0015825102241669138
1175,0.0009411289331842348,Monday,Monday 19:35,0.0015392862364090468
1180,0.001104765638947304,Monday,Monday 19:40,0.0014971541780846808
1185,0.0027178419858730615,Monday,Monday 19:45,0.001453407618852246
1190,0.0008425982790595405,Monday,Monday 19:50,0.0014061269539902832
1195,0.0006542665659090198,Monday,Monday 19:55,0.0013544618726142208
1200,0.00283023555347443,Monday,Monday 20:00,0.001298842289320697
1205,0.0004488033212144563,Monday,Monday 20:05,0.0012403773680447947
1210,0.0012270381784268505,Monday,Monday 20:10,0.0011805250737186251
1215,0.0010155739868466058,Monday,Monday 20:15,0.0011206149685419429
1220,0.0010324107457999516,Monday,Monday 20:20,0.0010613759476684958
1225,0.00041943310495740635,Monday,Monday 20:25,0.001003027667713154
1230,0.0018592867894919203,Monday,Monday 20:30,0.0009454914389419932
1235,0.0007845059794309743,Monday,Monday 20:35,0.0008885226116944013
1240,0.0007961397942518186,Monday,Monday 20:40,0.0008323169671469524
1245,0.0007116008056524154,Monday,Monday 20:45,0.0007775143494372393
1250,0.00046417026573939763,Monday,Monday 20:50,0.0007251995631609236
1255,0.000543321674861811,Monday,Monday 20:55,0.0006766895514885196
1260,0.0011909183666426481,Monday,Monday 21:00,0.0006332829102309832
1265,0.0001719647404633056,Monday,Monday 21:05,0.0005958295228859643
1270,0.0002694611710961124,Monday,Monday 21:10,0.0005646498418289832
1275,0.0007438863984254089,Monday,Monday 21:15,0.0005394988892627934
1280,0.000319881513189735,Monday,Monday 21:20,0.0005194764792754924
1285,0.00025776986554129085,Monday,Monday 21:25,0.0005033149561531105
1290,0.0010492656375923962,Monday,Monday 21:30,0.0004896434887589613
1295,0.0004878792139528097,Monday,Monday 21:35,0.0004769439719066206
1300,0.00022072708351675063,Monday,Monday 21:40,0.0004638797584448057
1305,0.00039899319905898603,Monday,Monday 21:45,0.0004492114018854043
1310,0.00045020868347568383,Monday,Monday 21:50,0.00043187653800419624
1315,0.00017409094824587595,Monday,Monday 21:55,0.0004110232324166643
1320,0.0011968284338623003,Monday,Monday 22:00,0.0003862783111195112
1325,0.00023189808461943602,Monday,Monday 22:05,0.00035774596761608103
1330,9.598650014104265e-05,Monday,Monday 22:10,0.00032619833791977456
1335,0.00048009507053872513,Monday,Monday 22:15,0.0002929554534788649
1340,3.0289409811346344e-05,Monday,Monday 22:20,0.00025966759366829773
1345,0.0002103435608467468,Monday,Monday 22:25,0.00022802820392755485
1350,0.00027792381101402435,Monday,Monday 22:30,0.00019951283873921512
1355,9.110422499120174e-05,Monday,Monday 22:35,0.000175115772413024
1360,0.0,Monday,Monday 22:40,0.00015533344667727892
1365,0.00021240742652828805,Monday,Monday 22:45,0.00014017290299948209
1370,3.978362777426953e-05,Monday,Monday 22:50,0.00012918990236209795
1375,5.583662412984206e-05,Monday,Monday 22:55,0.00012162245865933035
1380,0.00012239014278170424,Monday,Monday 23:00,0.00011656327772782156
1385,0.00017191736252278146,Monday,Monday 23:05,0.00011302206866944638
1390,0.00016387332390305494,Monday,Monday 23:10,0.00011010837535635237
1395,4.4049300849742265e-05,Monday,Monday 23:15,0.00010714229263150007
1400,0.00012480376050977955,Monday,Monday 23:20,0.00010371117536390963
1405,7.538224120985426e-05,Monday,Monday 23:25,9.96613113888948e-05
1410,0.00019630407912806804,Monday,Monday 23:30,9.512337745818396e-05
1415,0.00011285187577346934,Monday,Monday 23:35,9.031077992532595e-05
1420,0.0,Monday,Monday 23:40,8.546808029725584e-05
1425,5.177860356732272e-05,Monday,Monday 23:45,8.075485672343321e-05
1430,0.0,Monday,Monday 23:50,7.612946944688266e-05
1435,0.00012484151770369794,Monday,Monday 23:55,7.139781454561127e-05
0,0.00012914372467972857,Tuesday,Tuesday 00:00,6.627435475196241e-05
5,8.632261360191664e-05,Tuesday,Tuesday 00:05,6.0500492996370215e-05
10,9.414761103147558e-05,Tuesday,Tuesday 00:10,5.396731545718475e-05
15,0.0,Tuesday,Tuesday 00:15,4.6789229431661456e-05
20,6.916832447334474e-05,Tuesday,Tuesday 00:20,3.926753733961641e-05
25,0.0,Tuesday,Tuesday 00:25,3.1825877379933464e-05
30,0.0,Tuesday,Tuesday 00:30,2.489534135656263e-05
35,0.0,Tuesday,Tuesday 00:35,1.881443975588798e-05
40,0.0,Tuesday,Tuesday 00:40,1.3773598101782192e-05
45,1.7739419301010546e-05,Tuesday,Tuesday 00:45,9.801130115041567e-06
50,0.0,Tuesday,Tuesday 00:50,6.812007999856745e-06
55,0.0,Tuesday,Tuesday 00:55,4.64682949404424e-06
60,0.0,Tuesday,Tuesday 01:00,3.1350571407463375e-06
65,0.0,Tuesday,Tuesday 01:05,2.120656954914349e-06
70,0.0,Tuesday,Tuesday 01:10,1.48256463583784e-06
75,0.0,Tuesday,Tuesday 01:15,1.1435869892521554e-06
80,0.0,Tuesday,Tuesday 01:20,1.0527060997434094e-06
85,0.0,Tuesday,Tuesday 01:25,1.182129533824575e-06
90,0.0,Tuesday,Tuesday 01:30,1.5046681685363761e-06
95,0.0,Tuesday,Tuesday 01:35,1.9815222103982744e-06
100,0.0,Tuesday,Tuesday 01:40,2.5566707091233957e-06
105,0.0,Tuesday,Tuesday 01:45,3.1484116655637623e-06
110,0.0,Tuesday,Tuesday 01:50,3.6668856327336736e-06
115,0.0,Tuesday,Tuesday 01:55,4.021273054220905e-06
120,4.155771173557385e-05,Tuesday,Tuesday 02:00,4.146492513074159e-06
125,0.0,Tuesday,Tuesday 02:05,4.017996234826769e-06
130,0.0,Tuesday,Tuesday 02:10,3.65788678072704e-06
135,0.0,Tuesday,Tuesday 02:15,3.1287563657144643e-06
140,0.0,Tuesday,Tuesday 02:20,2.5140263674249183e-06
145,0.0,Tuesday,Tuesday 02:25,1.8989666312621043e-06
150,0.0,Tuesday,Tuesday 02:30,1.350557670311811e-06
155,0.0,Tuesday,Tuesday 02:35,9.087655072242285e-07
160,0.0,Tuesday,Tuesday 02:40,5.932261865399282e-07
165,0.0,Tuesday,Tuesday 02:45,4.0355919108083894e-07
170,0.0,Tuesday,Tuesday 02:50,3.4018646457980767e-07
175,0.0,Tuesday,Tuesday 02:55,4.138762570576687e-07
180,0.0,Tuesday,Tuesday 03:00,6.550273999442097e-07
185,0.0,Tuesday,Tuesday 03:05,1.1171863757720162e-06
190,0.0,Tuesday,Tuesday 03:10,1.874484135035386e-06
195,0.0,Tuesday,Tuesday 03:15,3.0017146073625675e-06
200,0.0,Tuesday,Tuesday 03:20,4.558358286292405e-06
205,0.0,Tuesday,Tuesday 03:25,6.553558983758118e-06
210,0.0,Tuesday,Tuesday 03:30,8.92529218118923e-06
215,0.0,Tuesday,Tuesday 03:35,1.1526818631614981e-05
220,0.0,Tuesday,Tuesday 03:40,1.4140812813764928e-05
225,3.825513658414457e-05,Tuesday,Tuesday 03:45,1.6512113873757206e-05
230,4.555034647466628e-05,Tuesday,Tuesday 03:50,1.8421276212398584e-05
235,0.0,Tuesday,Tuesday 03:55,1.9755130679539824e-05
240,8.747833025361603e-05,Tuesday,Tuesday 04:00,2.0558869869598026e-05
245,1.7507632865725388e-05,Tuesday,Tuesday 04:05,2.106665566976789e-05
250,0.0,Tuesday,Tuesday 04:10,2.1689334658817783e-05
255,0.0,Tuesday,Tuesday 04:15,2.2939453155652805e-05
260,0.0,Tuesday,Tuesday 04:20,2.5376810562069537e-05
265,0.0,Tuesday,Tuesday 04:25,2.94813550157659e-05
270,6.720049544306351e-05,Tuesday,Tuesday 04:30,3.5556132500962394e-05
275,0.0,Tuesday,Tuesday 04:35,4.362094575250403e-05
280,2.2556200072747153e-05,Tuesday,Tuesday 04:40,5.337248649393656e-05
285,0.0,Tuesday,Tuesday 04:45,6.415227021818815e-05
290,0.0,Tuesday,Tuesday 04:50,7.510594423851894e-05
295,0.00013583154398245874,Tuesday,Tuesday 04:55,8.534529435354893e-05
300,0.00031228073340271623,Tuesday,Tuesday 05:00,9.418255479593582e-05
305,0.00019160525827657476,Tuesday,Tuesday 05:05,0.00010134519560186684
310,6.668653653922905e-05,Tuesday,Tuesday 05:10,0.00010706668041566302
315,5.6003608312450975e-05,Tuesday,Tuesday 05:15,0.00011198306377421405
320,0.0,Tuesday,Tuesday 05:20,0.00011703364034265787
325,4.7075098651051404e-05,Tuesday,Tuesday 05:25,0.00012321443228018383
330,0.00031604864850026736,Tuesday,Tuesday 05:30,0.00013140358012936356
335,4.35601708299775e-05,Tuesday,Tuesday 05:35,0.00014225141419837076
340,0.000159606019193997,Tuesday,Tuesday 05:40,0.0001561581489611997
345,9.079043737712637e-05,Tuesday,Tuesday 05:45,0.00017319482091969688
350,0.00011118699494422114,Tuesday,Tuesday 05:50,0.00019324231585697015
355,5.4543851258236585e-05,Tuesday,Tuesday 05:55,0.00021595410651037764
360,0.0005593912020021796,Tuesday,Tuesday 06:00,0.00024083809387655939
365,0.0001339455580177201,Tuesday,Tuesday 06:05,0.00026729625290373635
370,0.00032291712347005583,Tuesday,Tuesday 06:10,0.00029466143261467514
375,0.00039716125474945063,Tuesday,Tuesday 06:15,0.00032215677540711437
380,0.00010496459291480348,Tuesday,Tuesday 06:20,0.0003490147279555976
385,0.00018432614655105228,Tuesday,Tuesday 06:25,0.0003744903924773057
390,0.0009519238898820068,Tuesday,Tuesday 06:30,0.00039800369171105477
395,0.0004028998034767917,Tuesday,Tuesday 06:35,0.00041923322033013855
400,0.00047327270125508265,Tuesday,Tuesday 06:40,0.0004381301744895697
405,0.0004882055288165868,Tuesday,Tuesday 06:45,0.00045480733264118315
410,0.00018848580697095047,Tuesday,Tuesday 06:50,0.0004694616022011705
415,0.00016281325624223965,Tuesday,Tuesday 06:55,0.00048217695358503815
420,0.0011691898618377493,Tuesday,Tuesday 07:00,0.0004929305210791912
425,0.0002782271139772694,Tuesday,Tuesday 07:05,0.0005016620481742241
430,0.0007377854689146074,Tuesday,Tuesday 07:10,0.0005084864051216802
435,0.0005731522516362308,Tuesday,Tuesday 07:15,0.0005137567948064901
440,0.00024115997406507845,Tuesday,Tuesday 07:20,0.0005181857694786063
445,0.0003037387807575694,Tuesday,Tuesday 07:25,0.0005227056816191009
450,0.001008342978753754,Tuesday,Tuesday 07:30,0.000528304772755104
455,0.0002830790886878763,Tuesday,Tuesday 07:35,0.0005357567555363165
460,0.0006412394878759803,Tuesday,Tuesday 07:40,0.0005454946813987348
465,0.0004175683889796919,Tuesday,Tuesday 07:45,0.0005574484882189589
470,0.0002413988758184885,Tuesday,Tuesday 07:50,0.0005710325645152191
475,0.0006734273170550728,Tuesday,Tuesday 07:55,0.0005852557564074735
480,0.0011696357007049232,Tuesday,Tuesday 08:00,0.0005988510301926504
485,0.0002906266261098141,Tuesday,Tuesday 08:05,0.0006104314581456326
490,0.000688327834599495,Tuesday,Tuesday 08:10,0.0006187278101544048
495,0.0006623777486629639,Tuesday,Tuesday 08:15,0.000622659837244278
500,0.0005329216152195804,Tuesday,Tuesday 08:20,0.0006215531677001737
505,0.0005502556182918211,Tuesday,Tuesday 08:25,0.0006152142817243265
510,0.0012704254162885114,Tuesday,Tuesday 08:30,0.0006040816145351044
515,0.0004540815991893032,Tuesday,Tuesday 08:35,0.0005891936825937279
520,0.0003677673842196984,Tuesday,Tuesday 08:40,0.0005722167846214101
525,0.0005526308677085889,Tuesday,Tuesday 08:45,0.0005550509778878842
530,0.0005414994371271233,Tuesday,Tuesday 08:50,0.0005396237375942306
535,0.00031846647041130864,Tuesday,Tuesday 08:55,0.0005274728545274044
540,0.0006095923320267178,Tuesday,Tuesday 09:00,0.0005195194551759646
545,0.00045736200773612435,Tuesday,Tuesday 09:05,0.0005158619514746488
550,0.00024076541771806073,Tuesday,Tuesday 09:10,0.0005159963741774377
555,0.0007892767399740932,Tuesday,Tuesday 09:15,0.0005188606040084502
560,0.0004817464196658928,Tuesday,Tuesday 09:20,0.0005232331729545991
565,0.0003741129172773962,Tuesday,Tuesday 09:25,0.0005279228586766605
570,0.0010337365933822762,Tuesday,Tuesday 09:30,0.0005319334631617
575,0.00014730073916762574,Tuesday,Tuesday 09:35,0.0005344623457481439
580,0.0005216664546360173,Tuesday,Tuesday 09:40,0.0005349773953642151
585,0.0007927129656370494,Tuesday,Tuesday 09:45,0.0005330827402496548
590,0.00029212832249355406,Tuesday,Tuesday 09:50,0.0005286450784188055
595,0.0002674106275533676,Tuesday,Tuesday 09:55,0.0005217979070062887
600,0.0015193167296078812,Tuesday,Tuesday 10:00,0.0005130394594927994
605,0.0002241027049351489,Tuesday,Tuesday 10:05,0.0005031237321638213
610,0.00017279472454950754,Tuesday,Tuesday 10:10,0.0004929091807693903
615,0.0002548945141797252,Tuesday,Tuesday 10:15,0.00048317539380797925
620,0.0005429907813542554,Tuesday,Tuesday 10:20,0.0004744454943835357
625,0.00016118534620744113,Tuesday,Tuesday 10:25,0.0004670109854576181
630,0.0013220079419786655,Tuesday,Tuesday 10:30,0.0004610621881973083
635,0.0002592592384159241,Tuesday,Tuesday 10:35,0.00045682467524050315
640,0.0003561912030962635,Tuesday,Tuesday 10:40,0.0004545789544427268
645,0.0003163256566974898,Tuesday,Tuesday 10:45,0.00045447761999273
650,0.00010308915406901306,Tuesday,Tuesday 10:50,0.0004562589775982824
655,0.00020459305331998453,Tuesday,Tuesday 10:55,0.0004590292160478817
660,0.001147287698938699,Tuesday,Tuesday 11:00,0.0004612988478030128
665,0.0003921830887137977,Tuesday,Tuesday 11:05,0.00046118019195259265
670,0.0006037467869431177,Tuesday,Tuesday 11:10,0.00045695266393697094
675,0.00044900527477016977,Tuesday,Tuesday 11:15,0.00044746741540784333
680,0.00022476341519259775,Tuesday,Tuesday 11:20,0.0004325015959701601
685,0.0007632611345418699,Tuesday,Tuesday 11:25,0.0004129011111558591
690,0.0004762410805399193,Tuesday,Tuesday 11:30,0.0003905203492351342
695,0.0003870523638281399,Tuesday,Tuesday 11:35,0.0003678329906663716
700,5.105133466163819e-05,Tuesday,Tuesday 11:40,0.00034767617053951485
705,0.00029453833015107993,Tuesday,Tuesday 11:45,0.00033277936278434456
710,0.00016530787429886747,Tuesday,Tuesday 11:50,0.00032547314175043106
715,0.0001303998150387012,Tuesday,Tuesday 11:55,0.00032730774561400813
720,0.0006061237068285358,Tuesday,Tuesday 12:00,0.0003389378177976495
725,0.0001353304003234766,Tuesday,Tuesday 12:05,0.0003598614973594234
730,0.00013968944720001695,Tuesday,Tuesday 12:10,0.00038846651425759307
735,0.0003629018498289774,Tuesday,Tuesday 12:15,0.0004219868552636705
740,0.0004297210560469278,Tuesday,Tuesday 12:20,0.0004568690718195602
745,0.0003978468785204741,Tuesday,Tuesday 12:25,0.0004891509100147923
750,0.001056178206754228,Tuesday,Tuesday 12:30,0.0005151582098682702
755,0.0008142521136894268,Tuesday,Tuesday 12:35,0.0005320463859112804
760,0.0005350327322235369,Tuesday,Tuesday 12:40,0.0005384021729612988
765,0.0005984239089169491,Tuesday,Tuesday 12:45,0.0005343860321541885
770,0.0004912420604387903,Tuesday,Tuesday 12:50,0.000521677610114451
775,0.0004612098715604327,Tuesday,Tuesday 12:55,0.0005030653848228977
780,0.0008453538410572198,Tuesday,Tuesday 13:00,0.0004817886089786015
785,0.00020717692117500145,Tuesday,Tuesday 13:05,0.00046087271722173917
790,0.00033282405229630163,Tuesday,Tuesday 13:10,0.0004425069516472646
795,0.00023161197837474253,Tuesday,Tuesday 13:15,0.0004276134230529275
800,3.8344066134937e-05,Tuesday,Tuesday 13:20,0.0004158874781543674
805,0.0003262789633028473,Tuesday,Tuesday 13:25,0.0004060812580664498
810,0.0013498025878910182,Tuesday,Tuesday 13:30,0.0003966652077024229
815,0.00019889292497128112,Tuesday,Tuesday 13:35,0.00038643428285580736
820,0.0004865814111617629,Tuesday,Tuesday 13:40,0.0003750290502046679
825,0.0001855585595227089,Tuesday,Tuesday 13:45,0.0003629788327338029
830,0.000135816506669393,Tuesday,Tuesday 13:50,0.0003514628352940515
835,0.0001265259268587499,Tuesday,Tuesday 13:55,0.0003418108178316385
840,0.0006833264835730857,Tuesday,Tuesday 14:00,0.0003350459917060212
845,0.0002248295213021129,Tuesday,Tuesday 14:05,0.0003315086777319202
850,0.0003118921650783159,Tuesday,Tuesday 14:10,0.00033080600029510113
855,0.00023006442109747117,Tuesday,Tuesday 14:15,0.00033194951308417503
860,0.00016186144907648115,Tuesday,Tuesday 14:20,0.0003336689898874371
865,0.00025314977090188056,Tuesday,Tuesday 14:25,0.0003348063798148586
870,0.0011132440107668423,Tuesday,Tuesday 14:30,0.0003346693170108478
875,8.225801563146541e-05,Tuesday,Tuesday 14:35,0.0003331646181834253
880,0.0003117894785313023,Tuesday,Tuesday 14:40,0.00033084946021550733
885,0.0002689672153552168,Tuesday,Tuesday 14:45,0.00032858132502508724
890,0.00018589194177456687,Tuesday,Tuesday 14:50,0.00032715400078133644
895,0.0,Tuesday,Tuesday 14:55,0.0003269496552990883
900,0.0006002810835563524,Tuesday,Tuesday 15:00,0.00032784683050934615
905,0.0004154098052071561,Tuesday,Tuesday 15:05,0.00032922385772278447
910,0.0003507120766231104,Tuesday,Tuesday 15:10,0.0003304138899392589
915,0.00039155246535403296,Tuesday,Tuesday 15:15,0.00033099200682875496
920,0.00040575238162689805,Tuesday,Tuesday 15:20,0.00033108560329401094
925,0.00022209915272153427,Tuesday,Tuesday 15:25,0.00033135335795234734
930,0.0003730944873524946,Tuesday,Tuesday 15:30,0.0003328429801066705
935,0.00020744696991238833,Tuesday,Tuesday 15:35,0.0003366916007614884
940,0.00011975288757242681,Tuesday,Tuesday 15:40,0.0003439074162863006
945,0.00043160087839988785,Tuesday,Tuesday 15:45,0.00035514338368320347
950,0.0005582534684671134,Tuesday,Tuesday 15:50,0.0003707436432597233
955,0.0001288789681594661,Tuesday,Tuesday 15:55,0.0003907466637422299
960,0.0005724045102928829,Tuesday,Tuesday 16:00,0.00041486253685660073
965,0.000382646776564148,Tuesday,Tuesday 16:05,0.0004423757464145007
970,0.0002853453761884149,Tuesday,Tuesday 16:10,0.00047228198269033575
975,0.00025124418958732665,Tuesday,Tuesday 16:15,0.0005031929379837126
980,0.0006782609918745371,Tuesday,Tuesday 16:20,0.0005337679607525641
985,0.0008196590068063394,Tuesday,Tuesday 16:25,0.00056308496637644
990,0.0009604826993488486,Tuesday,Tuesday 16:30,0.0005910710602077245
995,0.00047528681603805874,Tuesday,Tuesday 16:35,0.000618647875877414
1000,0.0006720154469049546,Tuesday,Tuesday 16:40,0.0006477059876999758
1005,0.0005728344821934856,Tuesday,Tuesday 16:45,0.000680385740254221
1010,8.126689433185787e-05,Tuesday,Tuesday 16:50,0.0007187048133822088
1015,0.0004892767813099676,Tuesday,Tuesday 16:55,0.0007639432286524648
1020,0.0015447910119858136,Tuesday,Tuesday 17:00,0.000816460012712226
1025,0.0007566001431747031,Tuesday,Tuesday 17:05,0.0008758300676177407
1030,0.0005149168986556235,Tuesday,Tuesday 17:10,0.0009413731867515159
1035,0.0014049359758136427,Tuesday,Tuesday 17:15,0.0010122242427464975
1040,0.0010680737865634547,Tuesday,Tuesday 17:20,0.001087773699987699
1045,0.0003790213813424568,Tuesday,Tuesday 17:25,0.001167558300308575
1050,0.0020738024103296735,Tuesday,Tuesday 17:30,0.0012509257874794473
1055,0.0010894668011590413,Tuesday,Tuesday 17:35,0.0013369419419016282
1060,0.0010764670936150387,Tuesday,Tuesday 17:40,0.001424191886622373
1065,0.0016549763374493457,Tuesday,Tuesday 17:45,0.0015107026511821482
1070,0.0017382369702402152,Tuesday,Tuesday 17:50,0.0015944764594899487
1075,0.0010646164818300802,Tuesday,Tuesday 17:55,0.0016736811834444035
1080,0.003490878588187467,Tuesday,Tuesday 18:00,0.0017469564277965881
1085,0.001185756100585522,Tuesday,Tuesday 18:05,0.0018135440544914398
1090,0.0013112453940799455,Tuesday,Tuesday 18:10,0.001873187277184338
1095,0.0022321015208305603,Tuesday,Tuesday 18:15,0.0019256267598943989
1100,0.0021889847325180277,Tuesday,Tuesday 18:20,0.001970445832260037
1105,0.0008839052125924965,Tuesday,Tuesday 18:25,0.002006843331596384
1110,0.004101588077361983,Tuesday,Tuesday 18:30,0.0020335375688981423
1115,0.001801871528084738,Tuesday,Tuesday 18:35,0.0020490154252067855
1120,0.0010533155114058996,Tuesday,Tuesday 18:40,0.0020518180714320933
1125,0.0029818924769750075,Tuesday,Tuesday 18:45,0.002040715107197133
1130,0.0013484917700274245,Tuesday,Tuesday 18:50,0.00201527822102457
1135,0.0021023409983033452,Tuesday,Tuesday 18:55,0.0019760979676277895
1140,0.00393263018155983,Tuesday,Tuesday 19:00,0.0019252640690699623
1145,0.0009715603177177127,Tuesday,Tuesday 19:05,0.0018661539124980066
1150,0.0013467508718188871,Tuesday,Tuesday 19:10,0.00180315548761257
1155,0.001965939720308364,Tuesday,Tuesday 19:15,0.0017406664583411672
1160,0.0010880061128304295,Tuesday,Tuesday 19:20,0.0016822060901438684
1165,0.0009766845403471227,Tuesday,Tuesday 19:25,0.0016295226183146354
1170,0.002824199371232245,Tuesday,Tuesday 19:30,0.0015825102241669138
1175,0.0009411289331842348,Tuesday,Tuesday 19:35,0.0015392862364090468
1180,0.001104765638947304,Tuesday,Tuesday 19:40,0.0014971541780846808
1185,0.0027178419858730615,Tuesday,Tuesday 19:45,0.001453407618852246
1190,0.0008425982790595405,Tuesday,Tuesday 19:50,0.0014061269539902832
1195,0.0006542665659090198,Tuesday,Tuesday 19:55,0.0013544618726142208
1200,0.00283023555347443,Tuesday,Tuesday 20:00,0.001298842289320697
1205,0.0004488033212144563,Tuesday,Tuesday 20:05,0.0012403773680447947
1210,0.0012270381784268505,Tuesday,Tuesday 20:10,0.0011805250737186251
1215,0.0010155739868466058,Tuesday,Tuesday 20:15,0.0011206149685419429
1220,0.0010324107457999516,Tuesday,Tuesday 20:20,0.0010613759476684958
1225,0.00041943310495740635,Tuesday,Tuesday 20:25,0.001003027667713154
1230,0.0018592867894919203,Tuesday,Tuesday 20:30,0.0009454914389419932
1235,0.0007845059794309743,Tuesday,Tuesday 20:35,0.0008885226116944013
1240,0.0007961397942518186,Tuesday,Tuesday 20:40,0.0008323169671469524
1245,0.0007116008056524154,Tuesday,Tuesday 20:45,0.0007775143494372393
1250,0.00046417026573939763,Tuesday,Tuesday 20:50,0.0007251995631609236
1255,0.000543321674861811,Tuesday,Tuesday 20:55,0.0006766895514885196
1260,0.0011909183666426481,Tuesday,Tuesday 21:00,0.0006332829102309832
1265,0.0001719647404633056,Tuesday,Tuesday 21:05,0.0005958295228859643
1270,0.0002694611710961124,Tuesday,Tuesday 21:10,0.0005646498418289832
1275,0.0007438863984254089,Tuesday,Tuesday 21:15,0.0005394988892627934
1280,0.000319881513189735,Tuesday,Tuesday 21:20,0.0005194764792754924
1285,0.00025776986554129085,Tuesday,Tuesday 21:25,0.0005033149561531105
1290,0.0010492656375923962,Tuesday,Tuesday 21:30,0.0004896434887589613
1295,0.0004878792139528097,Tuesday,Tuesday 21:35,0.0004769439719066206
1300,0.00022072708351675063,Tuesday,Tuesday 21:40,0.0004638797584448057
1305,0.00039899319905898603,Tuesday,Tuesday 21:45,0.0004492114018854043
1310,0.00045020868347568383,Tuesday,Tuesday 21:50,0.00043187653800419624
1315,0.00017409094824587595,Tuesday,Tuesday 21:55,0.0004110232324166643
1320,0.0011968284338623003,Tuesday,Tuesday 22:00,0.0003862783111195112
1325,0.00023189808461943602,Tuesday,Tuesday 22:05,0.00035774596761608103
1330,9.598650014104265e-05,Tuesday,Tuesday 22:10,0.00032619833791977456
1335,0.00048009507053872513,Tuesday,Tuesday 22:15,0.0002929554534788649
1340,3.0289409811346344e-05,Tuesday,Tuesday 22:20,0.00025966759366829773
1345,0.0002103435608467468,Tuesday,Tuesday 22:25,0.00022802820392755485
1350,0.00027792381101402435,Tuesday,Tuesday 22:30,0.00019951283873921512
1355,9.110422499120174e-05,Tuesday,Tuesday 22:35,0.000175115772413024
1360,0.0,Tuesday,Tuesday 22:40,0.00015533344667727892
1365,0.00021240742652828805,Tuesday,Tuesday 22:45,0.00014017290299948209
1370,3.978362777426953e-05,Tuesday,Tuesday 22:50,0.00012918990236209795
1375,5.583662412984206e-05,Tuesday,Tuesday 22:55,0.00012162245865933035
1380,0.00012239014278170424,Tuesday,Tuesday 23:00,0.00011656327772782156
1385,0.00017191736252278146,Tuesday,Tuesday 23:05,0.00011302206866944638
1390,0.00016387332390305494,Tuesday,Tuesday 23:10,0.00011010837535635237
1395,4.4049300849742265e-05,Tuesday,Tuesday 23:15,0.00010714229263150007
1400,0.00012480376050977955,Tuesday,Tuesday 23:20,0.00010371117536390963
1405,7.538224120985426e-05,Tuesday,Tuesday 23:25,9.96613113888948e-05
1410,0.00019630407912806804,Tuesday,Tuesday 23:30,9.512337745818396e-05
1415,0.00011285187577346934,Tuesday,Tuesday 23:35,9.031077992532595e-05
1420,0.0,Tuesday,Tuesday 23:40,8.546808029725584e-05
1425,5.177860356732272e-05,Tuesday,Tuesday 23:45,8.075485672343321e-05
1430,0.0,Tuesday,Tuesday 23:50,7.612946944688266e-05
1435,0.00012484151770369794,Tuesday,Tuesday 23:55,7.139781454561127e-05
0,0.00012914372467972857,Wednesday,Wednesday 00:00,6.627435475196241e-05
5,8.632261360191664e-05,Wednesday,Wednesday 00:05,6.0500492996370215e-05
10,9.414761103147558e-05,Wednesday,Wednesday 00:10,5.396731545718475e-05
15,0.0,Wednesday,Wednesday 00:15,4.6789229431661456e-05
20,6.916832447334474e-05,Wednesday,Wednesday 00:20,3.926753733961641e-05
25,0.0,Wednesday,Wednesday 00:25,3.1825877379933464e-05
30,0.0,Wednesday,Wednesday 00:30,2.489534135656263e-05
35,0.0,Wednesday,Wednesday 00:35,1.881443975588798e-05
40,0.0,Wednesday,Wednesday 00:40,1.3773598101782192e-05
45,1.7739419301010546e-05,Wednesday,Wednesday 00:45,9.801130115041567e-06
50,0.0,Wednesday,Wednesday 00:50,6.812007999856745e-06
55,0.0,Wednesday,Wednesday 00:55,4.64682949404424e-06
60,0.0,Wednesday,Wednesday 01:00,3.1350571407463375e-06
65,0.0,Wednesday,Wednesday 01:05,2.120656954914349e-06
70,0.0,Wednesday,Wednesday 01:10,1.48256463583784e-06
75,0.0,Wednesday,Wednesday 01:15,1.1435869892521554e-06
80,0.0,Wednesday,Wednesday 01:20,1.0527060997434094e-06
85,0.0,Wednesday,Wednesday 01:25,1.182129533824575e-06
90,0.0,Wednesday,Wednesday 01:30,1.5046681685363761e-06
95,0.0,Wednesday,Wednesday 01:35,1.9815222103982744e-06
100,0.0,Wednesday,Wednesday 01:40,2.5566707091233957e-06
105,0.0,Wednesday,Wednesday 01:45,3.1484116655637623e-06
110,0.0,Wednesday,Wednesday 01:50,3.6668856327336736e-06
115,0.0,Wednesday,Wednesday 01:55,4.021273054220905e-06
120,4.155771173557385e-05,Wednesday,Wednesday 02:00,4.146492513074159e-06
125,0.0,Wednesday,Wednesday 02:05,4.017996234826769e-06
130,0.0,Wednesday,Wednesday 02:10,3.65788678072704e-06
135,0.0,Wednesday,Wednesday 02:15,3.1287563657144643e-06
140,0.0,Wednesday,Wednesday 02:20,2.5140263674249183e-06
145,0.0,Wednesday,Wednesday 02:25,1.8989666312621043e-06
150,0.0,Wednesday,Wednesday 02:30,1.350557670311811e-06
155,0.0,Wednesday,Wednesday 02:35,9.087655072242285e-07
160,0.0,Wednesday,Wednesday 02:40,5.932261865399282e-07
165,0.0,Wednesday,Wednesday 02:45,4.0355919108083894e-07
170,0.0,Wednesday,Wednesday 02:50,3.4018646457980767e-07
175,0.0,Wednesday,Wednesday 02:55,4.138762570576687e-07
180,0.0,Wednesday,Wednesday 03:00,6.550273999442097e-07
185,0.0,Wednesday,Wednesday 03:05,1.1171863757720162e-06
190,0.0,Wednesday,Wednesday 03:10,1.874484135035386e-06
195,0.0,Wednesday,Wednesday 03:15,3.0017146073625675e-06
200,0.0,Wednesday,Wednesday 03:20,4.558358286292405e-06
205,0.0,Wednesday,Wednesday 03:25,6.553558983758118e-06
210,0.0,Wednesday,Wednesday 03:30,8.92529218118923e-06
215,0.0,Wednesday,Wednesday 03:35,1.1526818631614981e-05
220,0.0,Wednesday,Wednesday 03:40,1.4140812813764928e-05
225,3.825513658414457e-05,Wednesday,Wednesday 03:45,1.6512113873757206e-05
230,4.555034647466628e-05,Wednesday,Wednesday 03:50,1.8421276212398584e-05
235,0.0,Wednesday,Wednesday 03:55,1.9755130679539824e-05
240,8.747833025361603e-05,Wednesday,Wednesday 04:00,2.0558869869598026e-05
245,1.7507632865725388e-05,Wednesday,Wednesday 04:05,2.106665566976789e-05
250,0.0,Wednesday,Wednesday 04:10,2.1689334658817783e-05
255,0.0,Wednesday,Wednesday 04:15,2.2939453155652805e-05
260,0.0,Wednesday,Wednesday 04:20,2.5376810562069537e-05
265,0.0,Wednesday,Wednesday 04:25,2.94813550157659e-05
270,6.720049544306351e-05,Wednesday,Wednesday 04:30,3.5556132500962394e-05
275,0.0,Wednesday,Wednesday 04:35,4.362094575250403e-05
280,2.2556200072747153e-05,Wednesday,Wednesday 04:40,5.337248649393656e-05
285,0.0,Wednesday,Wednesday 04:45,6.415227021818815e-05
290,0.0,Wednesday,Wednesday 04:50,7.510594423851894e-05
295,0.00013583154398245874,Wednesday,Wednesday 04:55,8.534529435354893e-05
300,0.00031228073340271623,Wednesday,Wednesday 05:00,9.418255479593582e-05
305,0.00019160525827657476,Wednesday,Wednesday 05:05,0.00010134519560186684
310,6.668653653922905e-05,Wednesday,Wednesday 05:10,0.00010706668041566302
315,5.6003608312450975e-05,Wednesday,Wednesday 05:15,0.00011198306377421405
320,0.0,Wednesday,Wednesday 05:20,0.00011703364034265787
325,4.7075098651051404e-05,Wednesday,Wednesday 05:25,0.00012321443228018383
330,0.00031604864850026736,Wednesday,Wednesday 05:30,0.00013140358012936356
335,4.35601708299775e-05,Wednesday,Wednesday 05:35,0.00014225141419837076
340,0.000159606019193997,Wednesday,Wednesday 05:40,0.0001561581489611997
345,9.079043737712637e-05,Wednesday,Wednesday 05:45,0.00017319482091969688
350,0.00011118699494422114,Wednesday,Wednesday 05:50,0.00019324231585697015
355,5.4543851258236585e-05,Wednesday,Wednesday 05:55,0.00021595410651037764
360,0.0005593912020021796,Wednesday,Wednesday 06:00,0.00024083809387655939
365,0.0001339455580177201,Wednesday,Wednesday 06:05,0.00026729625290373635
370,0.00032291712347005583,Wednesday,Wednesday 06:10,0.00029466143261467514
375,0.00039716125474945063,Wednesday,Wednesday 06:15,0.00032215677540711437
380,0.00010496459291480348,Wednesday,Wednesday 06:20,0.0003490147279555976
385,0.00018432614655105228,Wednesday,Wednesday 06:25,0.0003744903924773057
390,0.0009519238898820068,Wednesday,Wednesday 06:30,0.00039800369171105477
395,0.0004028998034767917,Wednesday,Wednesday 06:35,0.00041923322033013855
400,0.00047327270125508265,Wednesday,Wednesday 06:40,0.0004381301744895697
405,0.0004882055288165868,Wednesday,Wednesday 06:45,0.00045480733264118315
410,0.00018848580697095047,Wednesday,Wednesday 06:50,0.0004694616022011705
415,0.00016281325624223965,Wednesday,Wednesday 06:55,0.00048217695358503815
420,0.0011691898618377493,Wednesday,Wednesday 07:00,0.0004929305210791912
425,0.0002782271139772694,Wednesday,Wednesday 07:05,0.0005016620481742241
430,0.0007377854689146074,Wednesday,Wednesday 07:10,0.0005084864051216802
435,0.0005731522516362308,Wednesday,Wednesday 07:15,0.0005137567948064901
440,0.00024115997406507845,Wednesday,Wednesday 07:20,0.0005181857694786063
445,0.0003037387807575694,Wednesday,Wednesday 07:25,0.0005227056816191009
450,0.001008342978753754,Wednesday,Wednesday 07:30,0.000528304772755104
455,0.0002830790886878763,Wednesday,Wednesday 07:35,0.0005357567555363165
460,0.0006412394878759803,Wednesday,Wednesday 07:40,0.0005454946813987348
465,0.0004175683889796919,Wednesday,Wednesday 07:45,0.0005574484882189589
470,0.0002413988758184885,Wednesday,Wednesday 07:50,0.0005710325645152191
475,0.0006734273170550728,Wednesday,Wednesday 07:55,0.0005852557564074735
480,0.0011696357007049232,Wednesday,Wednesday 08:00,0.0005988510301926504
485,0.0002906266261098141,Wednesday,Wednesday 08:05,0.0006104314581456326
490,0.000688327834599495,Wednesday,Wednesday 08:10,0.0006187278101544048
495,0.0006623777486629639,Wednesday,Wednesday 08:15,0.000622659837244278
500,0.0005329216152195804,Wednesday,Wednesday 08:20,0.0006215531677001737
505,0.0005502556182918211,Wednesday,Wednesday 08:25,0.0006152142817243265
510,0.0012704254162885114,Wednesday,Wednesday 08:30,0.0006040816145351044
515,0.0004540815991893032,Wednesday,Wednesday 08:35,0.0005891936825937279
520,0.0003677673842196984,Wednesday,Wednesday 08:40,0.0005722167846214101
525,0.0005526308677085889,Wednesday,Wednesday 08:45,0.0005550509778878842
530,0.0005414994371271233,Wednesday,Wednesday 08:50,0.0005396237375942306
535,0.00031846647041130864,Wednesday,Wednesday 08:55,0.0005274728545274044
540,0.0006095923320267178,Wednesday,Wednesday 09:00,0.0005195194551759646
545,0.00045736200773612435,Wednesday,Wednesday 09:05,0.0005158619514746488
550,0.00024076541771806073,Wednesday,Wednesday 09:10,0.0005159963741774377
555,0.0007892767399740932,Wednesday,Wednesday 09:15,0.0005188606040084502
560,0.0004817464196658928,Wednesday,Wednesday 09:20,0.0005232331729545991
565,0.0003741129172773962,Wednesday,Wednesday 09:25,0.0005279228586766605
570,0.0010337365933822762,Wednesday,Wednesday 09:30,0.0005319334631617
575,0.00014730073916762574,Wednesday,Wednesday 09:35,0.0005344623457481439
580,0.0005216664546360173,Wednesday,Wednesday 09:40,0.0005349773953642151
585,0.0007927129656370494,Wednesday,Wednesday 09:45,0.0005330827402496548
590,0.00029212832249355406,Wednesday,Wednesday 09:50,0.0005286450784188055
595,0.0002674106275533676,Wednesday,Wednesday 09:55,0.0005217979070062887
600,0.0015193167296078812,Wednesday,Wednesday 10:00,0.0005130394594927994
605,0.0002241027049351489,Wednesday,Wednesday 10:05,0.0005031237321638213
610,0.00017279472454950754,Wednesday,Wednesday 10:10,0.0004929091807693903
615,0.0002548945141797252,Wednesday,Wednesday 10:15,0.00048317539380797925
620,0.0005429907813542554,Wednesday,Wednesday 10:20,0.0004744454943835357
625,0.00016118534620744113,Wednesday,Wednesday 10:25,0.0004670109854576181
630,0.0013220079419786655,Wednesday,Wednesday 10:30,0.0004610621881973083
635,0.0002592592384159241,Wednesday,Wednesday 10:35,0.00045682467524050315
640,0.0003561912030962635,Wednesday,Wednesday 10:40,0.0004545789544427268
645,0.0003163256566974898,Wednesday,Wednesday 10:45,0.00045447761999273
650,0.00010308915406901306,Wednesday,Wednesday 10:50,0.0004562589775982824
655,0.00020459305331998453,Wednesday,Wednesday 10:55,0.0004590292160478817
660,0.001147287698938699,Wednesday,Wednesday 11:00,0.0004612988478030128
665,0.0003921830887137977,Wednesday,Wednesday 11:05,0.00046118019195259265
670,0.0006037467869431177,Wednesday,Wednesday 11:10,0.00045695266393697094
675,0.00044900527477016977,Wednesday,Wednesday 11:15,0.00044746741540784333
680,0.00022476341519259775,Wednesday,Wednesday 11:20,0.0004325015959701601
685,0.0007632611345418699,Wednesday,Wednesday 11:25,0.0004129011111558591
690,0.0004762410805399193,Wednesday,Wednesday 11:30,0.0003905203492351342
695,0.0003870523638281399,Wednesday,Wednesday 11:35,0.0003678329906663716
700,5.105133466163819e-05,Wednesday,Wednesday 11:40,0.00034767617053951485
705,0.00029453833015107993,Wednesday,Wednesday 11:45,0.00033277936278434456
710,0.00016530787429886747,Wednesday,Wednesday 11:50,0.00032547314175043106
715,0.0001303998150387012,Wednesday,Wednesday 11:55,0.00032730774561400813
720,0.0006061237068285358,Wednesday,Wednesday 12:00,0.0003389378177976495
725,0.0001353304003234766,Wednesday,Wednesday 12:05,0.0003598614973594234
730,0.00013968944720001695,Wednesday,Wednesday 12:10,0.00038846651425759307
735,0.0003629018498289774,Wednesday,Wednesday 12:15,0.0004219868552636705
740,0.0004297210560469278,Wednesday,Wednesday 12:20,0.0004568690718195602
745,0.0003978468785204741,Wednesday,Wednesday 12:25,0.0004891509100147923
750,0.001056178206754228,Wednesday,Wednesday 12:30,0.0005151582098682702
755,0.0008142521136894268,Wednesday,Wednesday 12:35,0.0005320463859112804
760,0.0005350327322235369,Wednesday,Wednesday 12:40,0.0005384021729612988
765,0.0005984239089169491,Wednesday,Wednesday 12:45,0.0005343860321541885
770,0.0004912420604387903,Wednesday,Wednesday 12:50,0.000521677610114451
775,0.0004612098715604327,Wednesday,Wednesday 12:55,0.0005030653848228977
780,0.0008453538410572198,Wednesday,Wednesday 13:00,0.0004817886089786015
785,0.00020717692117500145,Wednesday,Wednesday 13:05,0.00046087271722173917
790,0.00033282405229630163,Wednesday,Wednesday 13:10,0.0004425069516472646
795,0.00023161197837474253,Wednesday,Wednesday 13:15,0.0004276134230529275
800,3.8344066134937e-05,Wednesday,Wednesday 13:20,0.0004158874781543674
805,0.0003262789633028473,Wednesday,Wednesday 13:25,0.0004060812580664498
810,0.0013498025878910182,Wednesday,Wednesday 13:30,0.0003966652077024229
815,0.00019889292497128112,Wednesday,Wednesday 13:35,0.00038643428285580736
820,0.0004865814111617629,Wednesday,Wednesday 13:40,0.0003750290502046679
825,0.0001855585595227089,Wednesday,Wednesday 13:45,0.0003629788327338029
830,0.000135816506669393,Wednesday,Wednesday 13:50,0.0003514628352940515
835,0.0001265259268587499,Wednesday,Wednesday 13:55,0.0003418108178316385
840,0.0006833264835730857,Wednesday,Wednesday 14:00,0.0003350459917060212
845,0.0002248295213021129,Wednesday,Wednesday 14:05,0.0003315086777319202
850,0.0003118921650783159,Wednesday,Wednesday 14:10,0.00033080600029510113
855,0.00023006442109747117,Wednesday,Wednesday 14:15,0.00033194951308417503
860,0.00016186144907648115,Wednesday,Wednesday 14:20,0.0003336689898874371
865,0.00025314977090188056,Wednesday,Wednesday 14:25,0.0003348063798148586
870,0.0011132440107668423,Wednesday,Wednesday 14:30,0.0003346693170108478
875,8.225801563146541e-05,Wednesday,Wednesday 14:35,0.0003331646181834253
880,0.0003117894785313023,Wednesday,Wednesday 14:40,0.00033084946021550733
885,0.0002689672153552168,Wednesday,Wednesday 14:45,0.00032858132502508724
890,0.00018589194177456687,Wednesday,Wednesday 14:50,0.00032715400078133644
895,0.0,Wednesday,Wednesday 14:55,0.0003269496552990883
900,0.0006002810835563524,Wednesday,Wednesday 15:00,0.00032784683050934615
905,0.0004154098052071561,Wednesday,Wednesday 15:05,0.00032922385772278447
910,0.0003507120766231104,Wednesday,Wednesday 15:10,0.0003304138899392589
915,0.00039155246535403296,Wednesday,Wednesday 15:15,0.00033099200682875496
920,0.00040575238162689805,Wednesday,Wednesday 15:20,0.00033108560329401094
925,0.00022209915272153427,Wednesday,Wednesday 15:25,0.00033135335795234734
930,0.0003730944873524946,Wednesday,Wednesday 15:30,0.0003328429801066705
935,0.00020744696991238833,Wednesday,Wednesday 15:35,0.0003366916007614884
940,0.00011975288757242681,Wednesday,Wednesday 15:40,0.0003439074162863006
945,0.00043160087839988785,Wednesday,Wednesday 15:45,0.00035514338368320347
950,0.0005582534684671134,Wednesday,Wednesday 15:50,0.0003707436432597233
955,0.0001288789681594661,Wednesday,Wednesday 15:55,0.0003907466637422299
960,0.0005724045102928829,Wednesday,Wednesday 16:00,0.00041486253685660073
965,0.000382646776564148,Wednesday,Wednesday 16:05,0.0004423757464145007
970,0.0002853453761884149,Wednesday,Wednesday 16:10,0.00047228198269033575
975,0.00025124418958732665,Wednesday,Wednesday 16:15,0.0005031929379837126
980,0.0006782609918745371,Wednesday,Wednesday 16:20,0.0005337679607525641
985,0.0008196590068063394,Wednesday,Wednesday 16:25,0.00056308496637644
990,0.0009604826993488486,Wednesday,Wednesday 16:30,0.0005910710602077245
995,0.00047528681603805874,Wednesday,Wednesday 16:35,0.000618647875877414
1000,0.0006720154469049546,Wednesday,Wednesday 16:40,0.0006477059876999758
1005,0.0005728344821934856,Wednesday,Wednesday 16:45,0.000680385740254221
1010,8.126689433185787e-05,Wednesday,Wednesday 16:50,0.0007187048133822088
1015,0.0004892767813099676,Wednesday,Wednesday 16:55,0.0007639432286524648
1020,0.0015447910119858136,Wednesday,Wednesday 17:00,0.000816460012712226
1025,0.0007566001431747031,Wednesday,Wednesday 17:05,0.0008758300676177407
1030,0.0005149168986556235,Wednesday,Wednesday 17:10,0.0009413731867515159
1035,0.0014049359758136427,Wednesday,Wednesday 17:15,0.0010122242427464975
1040,0.0010680737865634547,Wednesday,Wednesday 17:20,0.001087773699987699
1045,0.0003790213813424568,Wednesday,Wednesday 17:25,0.001167558300308575
1050,0.0020738024103296735,Wednesday,Wednesday 17:30,0.0012509257874794473
1055,0.0010894668011590413,Wednesday,Wednesday 17:35,0.0013369419419016282
1060,0.0010764670936150387,Wednesday,Wednesday 17:40,0.001424191886622373
1065,0.0016549763374493457,Wednesday,Wednesday 17:45,0.0015107026511821482
1070,0.0017382369702402152,Wednesday,Wednesday 17:50,0.0015944764594899487
1075,0.0010646164818300802,Wednesday,Wednesday 17:55,0.0016736811834444035
1080,0.003490878588187467,Wednesday,Wednesday 18:00,0.0017469564277965881
1085,0.001185756100585522,Wednesday,Wednesday 18:05,0.0018135440544914398
1090,0.0013112453940799455,Wednesday,Wednesday 18:10,0.001873187277184338
1095,0.0022321015208305603,Wednesday,Wednesday 18:15,0.0019256267598943989
1100,0.0021889847325180277,Wednesday,Wednesday 18:20,0.001970445832260037
1105,0.0008839052125924965,Wednesday,Wednesday 18:25,0.002006843331596384
1110,0.004101588077361983,Wednesday,Wednesday 18:30,0.0020335375688981423
1115,0.001801871528084738,Wednesday,Wednesday 18:35,0.0020490154252067855
1120,0.0010533155114058996,Wednesday,Wednesday 18:40,0.0020518180714320933
1125,0.0029818924769750075,Wednesday,Wednesday 18:45,0.002040715107197133
1130,0.0013484917700274245,Wednesday,Wednesday 18:50,0.00201527822102457
1135,0.0021023409983033452,Wednesday,Wednesday 18:55,0.0019760979676277895
1140,0.00393263018155983,Wednesday,Wednesday 19:00,0.0019252640690699623
1145,0.0009715603177177127,Wednesday,Wednesday 19:05,0.0018661539124980066
1150,0.0013467508718188871,Wednesday,Wednesday 19:10,0.00180315548761257
1155,0.001965939720308364,Wednesday,Wednesday 19:15,0.0017406664583411672
1160,0.0010880061128304295,Wednesday,Wednesday 19:20,0.0016822060901438684
1165,0.0009766845403471227,Wednesday,Wednesday 19:25,0.0016295226183146354
1170,0.002824199371232245,Wednesday,Wednesday 19:30,0.0015825102241669138
1175,0.0009411289331842348,Wednesday,Wednesday 19:35,0.0015392862364090468
1180,0.001104765638947304,Wednesday,Wednesday 19:40,0.0014971541780846808
1185,0.0027178419858730615,Wednesday,Wednesday 19:45,0.001453407618852246
1190,0.0008425982790595405,Wednesday,Wednesday 19:50,0.0014061269539902832
1195,0.0006542665659090198,Wednesday,Wednesday 19:55,0.0013544618726142208
1200,0.00283023555347443,Wednesday,Wednesday 20:00,0.001298842289320697
1205,0.0004488033212144563,Wednesday,Wednesday 20:05,0.0012403773680447947
1210,0.0012270381784268505,Wednesday,Wednesday 20:10,0.0011805250737186251
1215,0.0010155739868466058,Wednesday,Wednesday 20:15,0.0011206149685419429
1220,0.0010324107457999516,Wednesday,Wednesday 20:20,0.0010613759476684958
1225,0.00041943310495740635,Wednesday,Wednesday 20:25,0.001003027667713154
1230,0.0018592867894919203,Wednesday,Wednesday 20:30,0.0009454914389419932
1235,0.0007845059794309743,Wednesday,Wednesday 20:35,0.0008885226116944013
1240,0.0007961397942518186,Wednesday,Wednesday 20:40,0.0008323169671469524
1245,0.0007116008056524154,Wednesday,Wednesday 20:45,0.0007775143494372393
1250,0.00046417026573939763,Wednesday,Wednesday 20:50,0.0007251995631609236
1255,0.000543321674861811,Wednesday,Wednesday 20:55,0.0006766895514885196
1260,0.0011909183666426481,Wednesday,Wednesday 21:00,0.0006332829102309832
1265,0.0001719647404633056,Wednesday,Wednesday 21:05,0.0005958295228859643
1270,0.0002694611710961124,Wednesday,Wednesday 21:10,0.0005646498418289832
1275,0.0007438863984254089,Wednesday,Wednesday 21:15,0.0005394988892627934
1280,0.000319881513189735,Wednesday,Wednesday 21:20,0.0005194764792754924
1285,0.00025776986554129085,Wednesday,Wednesday 21:25,0.0005033149561531105
1290,0.0010492656375923962,Wednesday,Wednesday 21:30,0.0004896434887589613
1295,0.0004878792139528097,Wednesday,Wednesday 21:35,0.0004769439719066206
1300,0.00022072708351675063,Wednesday,Wednesday 21:40,0.0004638797584448057
1305,0.00039899319905898603,Wednesday,Wednesday 21:45,0.0004492114018854043
1310,0.00045020868347568383,Wednesday,Wednesday 21:50,0.00043187653800419624
1315,0.00017409094824587595,Wednesday,Wednesday 21:55,0.0004110232324166643
1320,0.0011968284338623003,Wednesday,Wednesday 22:00,0.0003862783111195112
1325,0.00023189808461943602,Wednesday,Wednesday 22:05,0.00035774596761608103
1330,9.598650014104265e-05,Wednesday,Wednesday 22:10,0.00032619833791977456
1335,0.00048009507053872513,Wednesday,Wednesday 22:15,0.0002929554534788649
1340,3.0289409811346344e-05,Wednesday,Wednesday 22:20,0.00025966759366829773
1345,0.0002103435608467468,Wednesday,Wednesday 22:25,0.00022802820392755485
1350,0.00027792381101402435,Wednesday,Wednesday 22:30,0.00019951283873921512
1355,9.110422499120174e-05,Wednesday,Wednesday 22:35,0.000175115772413024
1360,0.0,Wednesday,Wednesday 22:40,0.00015533344667727892
1365,0.00021240742652828805,Wednesday,Wednesday 22:45,0.00014017290299948209
1370,3.978362777426953e-05,Wednesday,Wednesday 22:50,0.00012918990236209795
1375,5.583662412984206e-05,Wednesday,Wednesday 22:55,0.00012162245865933035
1380,0.00012239014278170424,Wednesday,Wednesday 23:00,0.00011656327772782156
1385,0.00017191736252278146,Wednesday,Wednesday 23:05,0.00011302206866944638
1390,0.00016387332390305494,Wednesday,Wednesday 23:10,0.00011010837535635237
1395,4.4049300849742265e-05,Wednesday,Wednesday 23:15,0.00010714229263150007
1400,0.00012480376050977955,Wednesday,Wednesday 23:20,0.00010371117536390963
1405,7.538224120985426e-05,Wednesday,Wednesday 23:25,9.96613113888948e-05
1410,0.00019630407912806804,Wednesday,Wednesday 23:30,9.512337745818396e-05
1415,0.00011285187577346934,Wednesday,Wednesday 23:35,9.031077992532595e-05
1420,0.0,Wednesday,Wednesday 23:40,8.546808029725584e-05
1425,5.177860356732272e-05,Wednesday,Wednesday 23:45,8.075485672343321e-05
1430,0.0,Wednesday,Wednesday 23:50,7.612946944688266e-05
1435,0.00012484151770369794,Wednesday,Wednesday 23:55,7.139781454561127e-05
0,0.00012914372467972857,Thursday,Thursday 00:00,6.627435475196241e-05
5,8.632261360191664e-05,Thursday,Thursday 00:05,6.0500492996370215e-05
10,9.414761103147558e-05,Thursday,Thursday 00:10,5.396731545718475e-05
15,0.0,Thursday,Thursday 00:15,4.6789229431661456e-05
20,6.916832447334474e-05,Thursday,Thursday 00:20,3.926753733961641e-05
25,0.0,Thursday,Thursday 00:25,3.1825877379933464e-05
30,0.0,Thursday,Thursday 00:30,2.489534135656263e-05
35,0.0,Thursday,Thursday 00:35,1.881443975588798e-05
40,0.0,Thursday,Thursday 00:40,1.3773598101782192e-05
45,1.7739419301010546e-05,Thursday,Thursday 00:45,9.801130115041567e-06
50,0.0,Thursday,Thursday 00:50,6.812007999856745e-06
55,0.0,Thursday,Thursday 00:55,4.64682949404424e-06
60,0.0,Thursday,Thursday 01:00,3.1350571407463375e-06
65,0.0,Thursday,Thursday 01:05,2.120656954914349e-06
70,0.0,Thursday,Thursday 01:10,1.48256463583784e-06
75,0.0,Thursday,Thursday 01:15,1.1435869892521554e-06
80,0.0,Thursday,Thursday 01:20,1.0527060997434094e-06
85,0.0,Thursday,Thursday 01:25,1.182129533824575e-06
90,0.0,Thursday,Thursday 01:30,1.5046681685363761e-06
95,0.0,Thursday,Thursday 01:35,1.9815222103982744e-06
100,0.0,Thursday,Thursday 01:40,2.5566707091233957e-06
105,0.0,Thursday,Thursday 01:45,3.1484116655637623e-06
110,0.0,Thursday,Thursday 01:50,3.6668856327336736e-06
115,0.0,Thursday,Thursday 01:55,4.021273054220905e-06
120,4.155771173557385e-05,Thursday,Thursday 02:00,4.146492513074159e-06
125,0.0,Thursday,Thursday 02:05,4.017996234826769e-06
130,0.0,Thursday,Thursday 02:10,3.65788678072704e-06
135,0.0,Thursday,Thursday 02:15,3.1287563657144643e-06
140,0.0,Thursday,Thursday 02:20,2.5140263674249183e-06
145,0.0,Thursday,Thursday 02:25,1.8989666312621043e-06
150,0.0,Thursday,Thursday 02:30,1.350557670311811e-06
155,0.0,Thursday,Thursday 02:35,9.087655072242285e-07
160,0.0,Thursday,Thursday 02:40,5.932261865399282e-07
165,0.0,Thursday,Thursday 02:45,4.0355919108083894e-07
170,0.0,Thursday,Thursday 02:50,3.4018646457980767e-07
175,0.0,Thursday,Thursday 02:55,4.138762570576687e-07
180,0.0,Thursday,Thursday 03:00,6.550273999442097e-07
185,0.0,Thursday,Thursday 03:05,1.1171863757720162e-06
190,0.0,Thursday,Thursday 03:10,1.874484135035386e-06
195,0.0,Thursday,Thursday 03:15,3.0017146073625675e-06
200,0.0,Thursday,Thursday 03:20,4.558358286292405e-06
205,0.0,Thursday,Thursday 03:25,6.553558983758118e-06
210,0.0,Thursday,Thursday 03:30,8.92529218118923e-06
215,0.0,Thursday,Thursday 03:35,1.1526818631614981e-05
220,0.0,Thursday,Thursday 03:40,1.4140812813764928e-05
225,3.825513658414457e-05,Thursday,Thursday 03:45,1.6512113873757206e-05
230,4.555034647466628e-05,Thursday,Thursday 03:50,1.8421276212398584e-05
235,0.0,Thursday,Thursday 03:55,1.9755130679539824e-05
240,8.747833025361603e-05,Thursday,Thursday 04:00,2.0558869869598026e-05
245,1.7507632865725388e-05,Thursday,Thursday 04:05,2.106665566976789e-05
250,0.0,Thursday,Thursday 04:10,2.1689334658817783e-05
255,0.0,Thursday,Thursday 04:15,2.2939453155652805e-05
260,0.0,Thursday,Thursday 04:20,2.5376810562069537e-05
265,0.0,Thursday,Thursday 04:25,2.94813550157659e-05
270,6.720049544306351e-05,Thursday,Thursday 04:30,3.5556132500962394e-05
275,0.0,Thursday,Thursday 04:35,4.362094575250403e-05
280,2.2556200072747153e-05,Thursday,Thursday 04:40,5.337248649393656e-05
285,0.0,Thursday,Thursday 04:45,6.415227021818815e-05
290,0.0,Thursday,Thursday 04:50,7.510594423851894e-05
295,0.00013583154398245874,Thursday,Thursday 04:55,8.534529435354893e-05
300,0.00031228073340271623,Thursday,Thursday 05:00,9.418255479593582e-05
305,0.00019160525827657476,Thursday,Thursday 05:05,0.00010134519560186684
310,6.668653653922905e-05,Thursday,Thursday 05:10,0.00010706668041566302
315,5.6003608312450975e-05,Thursday,Thursday 05:15,0.00011198306377421405
320,0.0,Thursday,Thursday 05:20,0.00011703364034265787
325,4.7075098651051404e-05,Thursday,Thursday 05:25,0.00012321443228018383
330,0.00031604864850026736,Thursday,Thursday 05:30,0.00013140358012936356
335,4.35601708299775e-05,Thursday,Thursday 05:35,0.00014225141419837076
340,0.000159606019193997,Thursday,Thursday 05:40,0.0001561581489611997
345,9.079043737712637e-05,Thursday,Thursday 05:45,0.00017319482091969688
350,0.00011118699494422114,Thursday,Thursday 05:50,0.00019324231585697015
355,5.4543851258236585e-05,Thursday,Thursday 05:55,0.00021595410651037764
360,0.0005593912020021796,Thursday,Thursday 06:00,0.00024083809387655939
365,0.0001339455580177201,Thursday,Thursday 06:05,0.00026729625290373635
370,0.00032291712347005583,Thursday,Thursday 06:10,0.00029466143261467514
375,0.00039716125474945063,Thursday,Thursday 06:15,0.00032215677540711437
380,0.00010496459291480348,Thursday,Thursday 06:20,0.0003490147279555976
385,0.00018432614655105228,Thursday,Thursday 06:25,0.0003744903924773057
390,0.0009519238898820068,Thursday,Thursday 06:30,0.00039800369171105477
395,0.0004028998034767917,Thursday,Thursday 06:35,0.00041923322033013855
400,0.00047327270125508265,Thursday,Thursday 06:40,0.0004381301744895697
405,0.0004882055288165868,Thursday,Thursday 06:45,0.00045480733264118315
410,0.00018848580697095047,Thursday,Thursday 06:50,0.0004694616022011705
415,0.00016281325624223965,Thursday,Thursday 06:55,0.00048217695358503815
420,0.0011691898618377493,Thursday,Thursday 07:00,0.0004929305210791912
425,0.0002782271139772694,Thursday,Thursday 07:05,0.0005016620481742241
430,0.0007377854689146074,Thursday,Thursday 07:10,0.0005084864051216802
435,0.0005731522516362308,Thursday,Thursday 07:15,0.0005137567948064901
440,0.00024115997406507845,Thursday,Thursday 07:20,0.0005181857694786063
445,0.0003037387807575694,Thursday,Thursday 07:25,0.0005227056816191009
450,0.001008342978753754,Thursday,Thursday 07:30,0.000528304772755104
455,0.0002830790886878763,Thursday,Thursday 07:35,0.0005357567555363165
460,0.0006412394878759803,Thursday,Thursday 07:40,0.0005454946813987348
465,0.0004175683889796919,Thursday,Thursday 07:45,0.0005574484882189589
470,0.0002413988758184885,Thursday,Thursday 07:50,0.0005710325645152191
475,0.0006734273170550728,Thursday,Thursday 07:55,0.0005852557564074735
480,0.0011696357007049232,Thursday,Thursday 08:00,0.0005988510301926504
485,0.0002906266261098141,Thursday,Thursday 08:05,0.0006104314581456326
490,0.000688327834599495,Thursday,Thursday 08:10,0.0006187278101544048
495,0.0006623777486629639,Thursday,Thursday 08:15,0.000622659837244278
500,0.0005329216152195804,Thursday,Thursday 08:20,0.0006215531677001737
505,0.0005502556182918211,Thursday,Thursday 08:25,0.0006152142817243265
510,0.0012704254162885114,Thursday,Thursday 08:30,0.0006040816145351044
515,0.0004540815991893032,Thursday,Thursday 08:35,0.0005891936825937279
520,0.0003677673842196984,Thursday,Thursday 08:40,0.0005722167846214101
525,0.0005526308677085889,Thursday,Thursday 08:45,0.0005550509778878842
530,0.0005414994371271233,Thursday,Thursday 08:50,0.0005396237375942306
535,0.00031846647041130864,Thursday,Thursday 08:55,0.0005274728545274044
540,0.0006095923320267178,Thursday,Thursday 09:00,0.0005195194551759646
545,0.00045736200773612435,Thursday,Thursday 09:05,0.0005158619514746488
550,0.00024076541771806073,Thursday,Thursday 09:10,0.0005159963741774377
555,0.0007892767399740932,Thursday,Thursday 09:15,0.0005188606040084502
560,0.0004817464196658928,Thursday,Thursday 09:20,0.0005232331729545991
565,0.0003741129172773962,Thursday,Thursday 09:25,0.0005279228586766605
570,0.0010337365933822762,Thursday,Thursday 09:30,0.0005319334631617
575,0.00014730073916762574,Thursday,Thursday 09:35,0.0005344623457481439
580,0.0005216664546360173,Thursday,Thursday 09:40,0.0005349773953642151
585,0.0007927129656370494,Thursday,Thursday 09:45,0.0005330827402496548
590,0.00029212832249355406,Thursday,Thursday 09:50,0.0005286450784188055
595,0.0002674106275533676,Thursday,Thursday 09:55,0.0005217979070062887
600,0.0015193167296078812,Thursday,Thursday 10:00,0.0005130394594927994
605,0.0002241027049351489,Thursday,Thursday 10:05,0.0005031237321638213
610,0.00017279472454950754,Thursday,Thursday 10:10,0.0004929091807693903
615,0.0002548945141797252,Thursday,Thursday 10:15,0.00048317539380797925
620,0.0005429907813542554,Thursday,Thursday 10:20,0.0004744454943835357
625,0.00016118534620744113,Thursday,Thursday 10:25,0.0004670109854576181
630,0.0013220079419786655,Thursday,Thursday 10:30,0.0004610621881973083
635,0.0002592592384159241,Thursday,Thursday 10:35,0.00045682467524050315
640,0.0003561912030962635,Thursday,Thursday 10:40,0.0004545789544427268
645,0.0003163256566974898,Thursday,Thursday 10:45,0.00045447761999273
650,0.00010308915406901306,Thursday,Thursday 10:50,0.0004562589775982824
655,0.00020459305331998453,Thursday,Thursday 10:55,0.0004590292160478817
660,0.001147287698938699,Thursday,Thursday 11:00,0.0004612988478030128
665,0.0003921830887137977,Thursday,Thursday 11:05,0.00046118019195259265
670,0.0006037467869431177,Thursday,Thursday 11:10,0.00045695266393697094
675,0.00044900527477016977,Thursday,Thursday 11:15,0.00044746741540784333
680,0.00022476341519259775,Thursday,Thursday 11:20,0.0004325015959701601
685,0.0007632611345418699,Thursday,Thursday 11:25,0.0004129011111558591
690,0.0004762410805399193,Thursday,Thursday 11:30,0.0003905203492351342
695,0.0003870523638281399,Thursday,Thursday 11:35,0.0003678329906663716
700,5.105133466163819e-05,Thursday,Thursday 11:40,0.00034767617053951485
705,0.00029453833015107993,Thursday,Thursday 11:45,0.00033277936278434456
710,0.00016530787429886747,Thursday,Thursday 11:50,0.00032547314175043106
715,0.0001303998150387012,Thursday,Thursday 11:55,0.00032730774561400813
720,0.0006061237068285358,Thursday,Thursday 12:00,0.0003389378177976495
725,0.0001353304003234766,Thursday,Thursday 12:05,0.0003598614973594234
730,0.00013968944720001695,Thursday,Thursday 12:10,0.00038846651425759307
735,0.0003629018498289774,Thursday,Thursday 12:15,0.0004219868552636705
740,0.0004297210560469278,Thursday,Thursday 12:20,0.0004568690718195602
745,0.0003978468785204741,Thursday,Thursday 12:25,0.0004891509100147923
750,0.001056178206754228,Thursday,Thursday 12:30,0.0005151582098682702
755,0.0008142521136894268,Thursday,Thursday 12:35,0.0005320463859112804
760,0.0005350327322235369,Thursday,Thursday 12:40,0.0005384021729612988
765,0.0005984239089169491,Thursday,Thursday 12:45,0.0005343860321541885
770,0.0004912420604387903,Thursday,Thursday 12:50,0.000521677610114451
775,0.0004612098715604327,Thursday,Thursday 12:55,0.0005030653848228977
780,0.0008453538410572198,Thursday,Thursday 13:00,0.0004817886089786015
785,0.00020717692117500145,Thursday,Thursday 13:05,0.00046087271722173917
790,0.00033282405229630163,Thursday,Thursday 13:10,0.0004425069516472646
795,0.00023161197837474253,Thursday,Thursday 13:15,0.0004276134230529275
800,3.8344066134937e-05,Thursday,Thursday 13:20,0.0004158874781543674
805,0.0003262789633028473,Thursday,Thursday 13:25,0.0004060812580664498
810,0.0013498025878910182,Thursday,Thursday 13:30,0.0003966652077024229
815,0.00019889292497128112,Thursday,Thursday 13:35,0.00038643428285580736
820,0.0004865814111617629,Thursday,Thursday 13:40,0.0003750290502046679
825,0.0001855585595227089,Thursday,Thursday 13:45,0.0003629788327338029
830,0.000135816506669393,Thursday,Thursday 13:50,0.0003514628352940515
835,0.0001265259268587499,Thursday,Thursday 13:55,0.0003418108178316385
840,0.0006833264835730857,Thursday,Thursday 14:00,0.0003350459917060212
845,0.0002248295213021129,Thursday,Thursday 14:05,0.0003315086777319202
850,0.0003118921650783159,Thursday,Thursday 14:10,0.00033080600029510113
855,0.00023006442109747117,Thursday,Thursday 14:15,0.00033194951308417503
860,0.00016186144907648115,Thursday,Thursday 14:20,0.0003336689898874371
865,0.00025314977090188056,Thursday,Thursday 14:25,0.0003348063798148586
870,0.0011132440107668423,Thursday,Thursday 14:30,0.0003346693170108478
875,8.225801563146541e-05,Thursday,Thursday 14:35,0.0003331646181834253
880,0.0003117894785313023,Thursday,Thursday 14:40,0.00033084946021550733
885,0.0002689672153552168,Thursday,Thursday 14:45,0.00032858132502508724
890,0.00018589194177456687,Thursday,Thursday 14:50,0.00032715400078133644
895,0.0,Thursday,Thursday 14:55,0.0003269496552990883
900,0.0006002810835563524,Thursday,Thursday 15:00,0.00032784683050934615
905,0.0004154098052071561,Thursday,Thursday 15:05,0.00032922385772278447
910,0.0003507120766231104,Thursday,Thursday 15:10,0.0003304138899392589
915,0.00039155246535403296,Thursday,Thursday 15:15,0.00033099200682875496
920,0.00040575238162689805,Thursday,Thursday 15:20,0.00033108560329401094
925,0.00022209915272153427,Thursday,Thursday 15:25,0.00033135335795234734
930,0.0003730944873524946,Thursday,Thursday 15:30,0.0003328429801066705
935,0.00020744696991238833,Thursday,Thursday 15:35,0.0003366916007614884
940,0.00011975288757242681,Thursday,Thursday 15:40,0.0003439074162863006
945,0.00043160087839988785,Thursday,Thursday 15:45,0.00035514338368320347
950,0.0005582534684671134,Thursday,Thursday 15:50,0.0003707436432597233
955,0.0001288789681594661,Thursday,Thursday 15:55,0.0003907466637422299
960,0.0005724045102928829,Thursday,Thursday 16:00,0.00041486253685660073
965,0.000382646776564148,Thursday,Thursday 16:05,0.0004423757464145007
970,0.0002853453761884149,Thursday,Thursday 16:10,0.00047228198269033575
975,0.00025124418958732665,Thursday,Thursday 16:15,0.0005031929379837126
980,0.0006782609918745371,Thursday,Thursday 16:20,0.0005337679607525641
985,0.0008196590068063394,Thursday,Thursday 16:25,0.00056308496637644
990,0.0009604826993488486,Thursday,Thursday 16:30,0.0005910710602077245
995,0.00047528681603805874,Thursday,Thursday 16:35,0.000618647875877414
1000,0.0006720154469049546,Thursday,Thursday 16:40,0.0006477059876999758
1005,0.0005728344821934856,Thursday,Thursday 16:45,0.000680385740254221
1010,8.126689433185787e-05,Thursday,Thursday 16:50,0.0007187048133822088
1015,0.0004892767813099676,Thursday,Thursday 16:55,0.0007639432286524648
1020,0.0015447910119858136,Thursday,Thursday 17:00,0.000816460012712226
1025,0.0007566001431747031,Thursday,Thursday 17:05,0.0008758300676177407
1030,0.0005149168986556235,Thursday,Thursday 17:10,0.0009413731867515159
1035,0.0014049359758136427,Thursday,Thursday 17:15,0.0010122242427464975
1040,0.0010680737865634547,Thursday,Thursday 17:20,0.001087773699987699
1045,0.0003790213813424568,Thursday,Thursday 17:25,0.001167558300308575
1050,0.0020738024103296735,Thursday,Thursday 17:30,0.0012509257874794473
1055,0.0010894668011590413,Thursday,Thursday 17:35,0.0013369419419016282
1060,0.0010764670936150387,Thursday,Thursday 17:40,0.001424191886622373
1065,0.0016549763374493457,Thursday,Thursday 17:45,0.0015107026511821482
1070,0.0017382369702402152,Thursday,Thursday 17:50,0.0015944764594899487
1075,0.0010646164818300802,Thursday,Thursday 17:55,0.0016736811834444035
1080,0.003490878588187467,Thursday,Thursday 18:00,0.0017469564277965881
1085,0.001185756100585522,Thursday,Thursday 18:05,0.0018135440544914398
1090,0.0013112453940799455,Thursday,Thursday 18:10,0.001873187277184338
1095,0.0022321015208305603,Thursday,Thursday 18:15,0.0019256267598943989
1100,0.0021889847325180277,Thursday,Thursday 18:20,0.001970445832260037
1105,0.0008839052125924965,Thursday,Thursday 18:25,0.002006843331596384
1110,0.004101588077361983,Thursday,Thursday 18:30,0.0020335375688981423
1115,0.001801871528084738,Thursday,Thursday 18:35,0.0020490154252067855
1120,0.0010533155114058996,Thursday,Thursday 18:40,0.0020518180714320933
1125,0.0029818924769750075,Thursday,Thursday 18:45,0.002040715107197133
1130,0.0013484917700274245,Thursday,Thursday 18:50,0.00201527822102457
1135,0.0021023409983033452,Thursday,Thursday 18:55,0.0019760979676277895
1140,0.00393263018155983,Thursday,Thursday 19:00,0.0019252640690699623
1145,0.0009715603177177127,Thursday,Thursday 19:05,0.0018661539124980066
1150,0.0013467508718188871,Thursday,Thursday 19:10,0.00180315548761257
1155,0.001965939720308364,Thursday,Thursday 19:15,0.0017406664583411672
1160,0.0010880061128304295,Thursday,Thursday 19:20,0.0016822060901438684
1165,0.0009766845403471227,Thursday,Thursday 19:25,0.0016295226183146354
1170,0.002824199371232245,Thursday,Thursday 19:30,0.0015825102241669138
1175,0.0009411289331842348,Thursday,Thursday 19:35,0.0015392862364090468
1180,0.001104765638947304,Thursday,Thursday 19:40,0.0014971541780846808
1185,0.0027178419858730615,Thursday,Thursday 19:45,0.001453407618852246
1190,0.0008425982790595405,Thursday,Thursday 19:50,0.0014061269539902832
1195,0.0006542665659090198,Thursday,Thursday 19:55,0.0013544618726142208
1200,0.00283023555347443,Thursday,Thursday 20:00,0.001298842289320697
1205,0.0004488033212144563,Thursday,Thursday 20:05,0.0012403773680447947
1210,0.0012270381784268505,Thursday,Thursday 20:10,0.0011805250737186251
1215,0.0010155739868466058,Thursday,Thursday 20:15,0.0011206149685419429
1220,0.0010324107457999516,Thursday,Thursday 20:20,0.0010613759476684958
1225,0.00041943310495740635,Thursday,Thursday 20:25,0.001003027667713154
1230,0.0018592867894919203,Thursday,Thursday 20:30,0.0009454914389419932
1235,0.0007845059794309743,Thursday,Thursday 20:35,0.0008885226116944013
1240,0.0007961397942518186,Thursday,Thursday 20:40,0.0008323169671469524
1245,0.0007116008056524154,Thursday,Thursday 20:45,0.0007775143494372393
1250,0.00046417026573939763,Thursday,Thursday 20:50,0.0007251995631609236
1255,0.000543321674861811,Thursday,Thursday 20:55,0.0006766895514885196
1260,0.0011909183666426481,Thursday,Thursday 21:00,0.0006332829102309832
1265,0.0001719647404633056,Thursday,Thursday 21:05,0.0005958295228859643
1270,0.0002694611710961124,Thursday,Thursday 21:10,0.0005646498418289832
1275,0.0007438863984254089,Thursday,Thursday 21:15,0.0005394988892627934
1280,0.000319881513189735,Thursday,Thursday 21:20,0.0005194764792754924
1285,0.00025776986554129085,Thursday,Thursday 21:25,0.0005033149561531105
1290,0.0010492656375923962,Thursday,Thursday 21:30,0.0004896434887589613
1295,0.0004878792139528097,Thursday,Thursday 21:35,0.0004769439719066206
1300,0.00022072708351675063,Thursday,Thursday 21:40,0.0004638797584448057
1305,0.00039899319905898603,Thursday,Thursday 21:45,0.0004492114018854043
1310,0.00045020868347568383,Thursday,Thursday 21:50,0.00043187653800419624
1315,0.00017409094824587595,Thursday,Thursday 21:55,0.0004110232324166643
1320,0.0011968284338623003,Thursday,Thursday 22:00,0.0003862783111195112
1325,0.00023189808461943602,Thursday,Thursday 22:05,0.00035774596761608103
1330,9.598650014104265e-05,Thursday,Thursday 22:10,0.00032619833791977456
1335,0.00048009507053872513,Thursday,Thursday 22:15,0.0002929554534788649
1340,3.0289409811346344e-05,Thursday,Thursday 22:20,0.00025966759366829773
1345,0.0002103435608467468,Thursday,Thursday 22:25,0.00022802820392755485
1350,0.00027792381101402435,Thursday,Thursday 22:30,0.00019951283873921512
1355,9.110422499120174e-05,Thursday,Thursday 22:35,0.000175115772413024
1360,0.0,Thursday,Thursday 22:40,0.00015533344667727892
1365,0.00021240742652828805,Thursday,Thursday 22:45,0.00014017290299948209
1370,3.978362777426953e-05,Thursday,Thursday 22:50,0.00012918990236209795
1375,5.583662412984206e-05,Thursday,Thursday 22:55,0.00012162245865933035
1380,0.00012239014278170424,Thursday,Thursday 23:00,0.00011656327772782156
1385,0.00017191736252278146,Thursday,Thursday 23:05,0.00011302206866944638
1390,0.00016387332390305494,Thursday,Thursday 23:10,0.00011010837535635237
1395,4.4049300849742265e-05,Thursday,Thursday 23:15,0.00010714229263150007
1400,0.00012480376050977955,Thursday,Thursday 23:20,0.00010371117536390963
1405,7.538224120985426e-05,Thursday,Thursday 23:25,9.96613113888948e-05
1410,0.00019630407912806804,Thursday,Thursday 23:30,9.512337745818396e-05
1415,0.00011285187577346934,Thursday,Thursday 23:35,9.031077992532595e-05
1420,0.0,Thursday,Thursday 23:40,8.546808029725584e-05
1425,5.177860356732272e-05,Thursday,Thursday 23:45,8.075485672343321e-05
1430,0.0,Thursday,Thursday 23:50,7.612946944688266e-05
1435,0.00012484151770369794,Thursday,Thursday 23:55,7.139781454561127e-05
0,0.00012914372467972857,Friday,Friday 00:00,6.627435475196241e-05
5,8.632261360191664e-05,Friday,Friday 00:05,6.0500492996370215e-05
10,9.414761103147558e-05,Friday,Friday 00:10,5.396731545718475e-05
15,0.0,Friday,Friday 00:15,4.6789229431661456e-05
20,6.916832447334474e-05,Friday,Friday 00:20,3.926753733961641e-05
25,0.0,Friday,Friday 00:25,3.1825877379933464e-05
30,0.0,Friday,Friday 00:30,2.489534135656263e-05
35,0.0,Friday,Friday 00:35,1.881443975588798e-05
40,0.0,Friday,Friday 00:40,1.3773598101782192e-05
45,1.7739419301010546e-05,Friday,Friday 00:45,9.801130115041567e-06
50,0.0,Friday,Friday 00:50,6.812007999856745e-06
55,0.0,Friday,Friday 00:55,4.64682949404424e-06
60,0.0,Friday,Friday 01:00,3.1350571407463375e-06
65,0.0,Friday,Friday 01:05,2.120656954914349e-06
70,0.0,Friday,Friday 01:10,1.48256463583784e-06
75,0.0,Friday,Friday 01:15,1.1435869892521554e-06
80,0.0,Friday,Friday 01:20,1.0527060997434094e-06
85,0.0,Friday,Friday 01:25,1.182129533824575e-06
90,0.0,Friday,Friday 01:30,1.5046681685363761e-06
95,0.0,Friday,Friday 01:35,1.9815222103982744e-06
100,0.0,Friday,Friday 01:40,2.5566707091233957e-06
105,0.0,Friday,Friday 01:45,3.1484116655637623e-06
110,0.0,Friday,Friday 01:50,3.6668856327336736e-06
115,0.0,Friday,Friday 01:55,4.021273054220905e-06
120,4.155771173557385e-05,Friday,Friday 02:00,4.146492513074159e-06
125,0.0,Friday,Friday 02:05,4.017996234826769e-06
130,0.0,Friday,Friday 02:10,3.65788678072704e-06
135,0.0,Friday,Friday 02:15,3.1287563657144643e-06
140,0.0,Friday,Friday 02:20,2.5140263674249183e-06
145,0.0,Friday,Friday 02:25,1.8989666312621043e-06
150,0.0,Friday,Friday 02:30,1.350557670311811e-06
155,0.0,Friday,Friday 02:35,9.087655072242285e-07
160,0.0,Friday,Friday 02:40,5.932261865399282e-07
165,0.0,Friday,Friday 02:45,4.0355919108083894e-07
170,0.0,Friday,Friday 02:50,3.4018646457980767e-07
175,0.0,Friday,Friday 02:55,4.138762570576687e-07
180,0.0,Friday,Friday 03:00,6.550273999442097e-07
185,0.0,Friday,Friday 03:05,1.1171863757720162e-06
190,0.0,Friday,Friday 03:10,1.874484135035386e-06
195,0.0,Friday,Friday 03:15,3.0017146073625675e-06
200,0.0,Friday,Friday 03:20,4.558358286292405e-06
205,0.0,Friday,Friday 03:25,6.553558983758118e-06
210,0.0,Friday,Friday 03:30,8.92529218118923e-06
215,0.0,Friday,Friday 03:35,1.1526818631614981e-05
220,0.0,Friday,Friday 03:40,1.4140812813764928e-05
225,3.825513658414457e-05,Friday,Friday 03:45,1.6512113873757206e-05
230,4.555034647466628e-05,Friday,Friday 03:50,1.8421276212398584e-05
235,0.0,Friday,Friday 03:55,1.9755130679539824e-05
240,8.747833025361603e-05,Friday,Friday 04:00,2.0558869869598026e-05
245,1.7507632865725388e-05,Friday,Friday 04:05,2.106665566976789e-05
250,0.0,Friday,Friday 04:10,2.1689334658817783e-05
255,0.0,Friday,Friday 04:15,2.2939453155652805e-05
260,0.0,Friday,Friday 04:20,2.5376810562069537e-05
265,0.0,Friday,Friday 04:25,2.94813550157659e-05
270,6.720049544306351e-05,Friday,Friday 04:30,3.5556132500962394e-05
275,0.0,Friday,Friday 04:35,4.362094575250403e-05
280,2.2556200072747153e-05,Friday,Friday 04:40,5.337248649393656e-05
285,0.0,Friday,Friday 04:45,6.415227021818815e-05
290,0.0,Friday,Friday 04:50,7.510594423851894e-05
295,0.00013583154398245874,Friday,Friday 04:55,8.534529435354893e-05
300,0.00031228073340271623,Friday,Friday 05:00,9.418255479593582e-05
305,0.00019160525827657476,Friday,Friday 05:05,0.00010134519560186684
310,6.668653653922905e-05,Friday,Friday 05:10,0.00010706668041566302
315,5.6003608312450975e-05,Friday,Friday 05:15,0.00011198306377421405
320,0.0,Friday,Friday 05:20,0.00011703364034265787
325,4.7075098651051404e-05,Friday,Friday 05:25,0.00012321443228018383
330,0.00031604864850026736,Friday,Friday 05:30,0.00013140358012936356
335,4.35601708299775e-05,Friday,Friday 05:35,0.00014225141419837076
340,0.000159606019193997,Friday,Friday 05:40,0.0001561581489611997
345,9.079043737712637e-05,Friday,Friday 05:45,0.00017319482091969688
350,0.00011118699494422114,Friday,Friday 05:50,0.00019324231585697015
355,5.4543851258236585e-05,Friday,Friday 05:55,0.00021595410651037764
360,0.0005593912020021796,Friday,Friday 06:00,0.00024083809387655939
365,0.0001339455580177201,Friday,Friday 06:05,0.00026729625290373635
370,0.00032291712347005583,Friday,Friday 06:10,0.00029466143261467514
375,0.00039716125474945063,Friday,Friday 06:15,0.00032215677540711437
380,0.00010496459291480348,Friday,Friday 06:20,0.0003490147279555976
385,0.00018432614655105228,Friday,Friday 06:25,0.0003744903924773057
390,0.0009519238898820068,Friday,Friday 06:30,0.00039800369171105477
395,0.0004028998034767917,Friday,Friday 06:35,0.00041923322033013855
400,0.00047327270125508265,Friday,Friday 06:40,0.0004381301744895697
405,0.0004882055288165868,Friday,Friday 06:45,0.00045480733264118315
410,0.00018848580697095047,Friday,Friday 06:50,0.0004694616022011705
415,0.00016281325624223965,Friday,Friday 06:55,0.00048217695358503815
420,0.0011691898618377493,Friday,Friday 07:00,0.0004929305210791912
425,0.0002782271139772694,Friday,Friday 07:05,0.0005016620481742241
430,0.0007377854689146074,Friday,Friday 07:10,0.0005084864051216802
435,0.0005731522516362308,Friday,Friday 07:15,0.0005137567948064901
440,0.00024115997406507845,Friday,Friday 07:20,0.0005181857694786063
445,0.0003037387807575694,Friday,Friday 07:25,0.0005227056816191009
450,0.001008342978753754,Friday,Friday 07:30,0.000528304772755104
455,0.0002830790886878763,Friday,Friday 07:35,0.0005357567555363165
460,0.0006412394878759803,Friday,Friday 07:40,0.0005454946813987348
465,0.0004175683889796919,Friday,Friday 07:45,0.0005574484882189589
470,0.0002413988758184885,Friday,Friday 07:50,0.0005710325645152191
475,0.0006734273170550728,Friday,Friday 07:55,0.0005852557564074735
480,0.0011696357007049232,Friday,Friday 08:00,0.0005988510301926504
485,0.0002906266261098141,Friday,Friday 08:05,0.0006104314581456326
490,0.000688327834599495,Friday,Friday 08:10,0.0006187278101544048
495,0.0006623777486629639,Friday,Friday 08:15,0.000622659837244278
500,0.0005329216152195804,Friday,Friday 08:20,0.0006215531677001737
505,0.0005502556182918211,Friday,Friday 08:25,0.0006152142817243265
510,0.0012704254162885114,Friday,Friday 08:30,0.0006040816145351044
515,0.0004540815991893032,Friday,Friday 08:35,0.0005891936825937279
520,0.0003677673842196984,Friday,Friday 08:40,0.0005722167846214101
525,0.0005526308677085889,Friday,Friday 08:45,0.0005550509778878842
530,0.0005414994371271233,Friday,Friday 08:50,0.0005396237375942306
535,0.00031846647041130864,Friday,Friday 08:55,0.0005274728545274044
540,0.0006095923320267178,Friday,Friday 09:00,0.0005195194551759646
545,0.00045736200773612435,Friday,Friday 09:05,0.0005158619514746488
550,0.00024076541771806073,Friday,Friday 09:10,0.0005159963741774377
555,0.0007892767399740932,Friday,Friday 09:15,0.0005188606040084502
560,0.0004817464196658928,Friday,Friday 09:20,0.0005232331729545991
565,0.0003741129172773962,Friday,Friday 09:25,0.0005279228586766605
570,0.0010337365933822762,Friday,Friday 09:30,0.0005319334631617
575,0.00014730073916762574,Friday,Friday 09:35,0.0005344623457481439
580,0.0005216664546360173,Friday,Friday 09:40,0.0005349773953642151
585,0.0007927129656370494,Friday,Friday 09:45,0.0005330827402496548
590,0.00029212832249355406,Friday,Friday 09:50,0.0005286450784188055
595,0.0002674106275533676,Friday,Friday 09:55,0.0005217979070062887
600,0.0015193167296078812,Friday,Friday 10:00,0.0005130394594927994
605,0.0002241027049351489,Friday,Friday 10:05,0.0005031237321638213
610,0.00017279472454950754,Friday,Friday 10:10,0.0004929091807693903
615,0.0002548945141797252,Friday,Friday 10:15,0.00048317539380797925
620,0.0005429907813542554,Friday,Friday 10:20,0.0004744454943835357
625,0.00016118534620744113,Friday,Friday 10:25,0.0004670109854576181
630,0.0013220079419786655,Friday,Friday 10:30,0.0004610621881973083
635,0.0002592592384159241,Friday,Friday 10:35,0.00045682467524050315
640,0.0003561912030962635,Friday,Friday 10:40,0.0004545789544427268
645,0.0003163256566974898,Friday,Friday 10:45,0.00045447761999273
650,0.00010308915406901306,Friday,Friday 10:50,0.0004562589775982824
655,0.00020459305331998453,Friday,Friday 10:55,0.0004590292160478817
660,0.001147287698938699,Friday,Friday 11:00,0.0004612988478030128
665,0.0003921830887137977,Friday,Friday 11:05,0.00046118019195259265
670,0.0006037467869431177,Friday,Friday 11:10,0.00045695266393697094
675,0.00044900527477016977,Friday,Friday 11:15,0.00044746741540784333
680,0.00022476341519259775,Friday,Friday 11:20,0.0004325015959701601
685,0.0007632611345418699,Friday,Friday 11:25,0.0004129011111558591
690,0.0004762410805399193,Friday,Friday 11:30,0.0003905203492351342
695,0.0003870523638281399,Friday,Friday 11:35,0.0003678329906663716
700,5.105133466163819e-05,Friday,Friday 11:40,0.00034767617053951485
705,0.00029453833015107993,Friday,Friday 11:45,0.00033277936278434456
710,0.00016530787429886747,Friday,Friday 11:50,0.00032547314175043106
715,0.0001303998150387012,Friday,Friday 11:55,0.00032730774561400813
720,0.0006061237068285358,Friday,Friday 12:00,0.0003389378177976495
725,0.0001353304003234766,Friday,Friday 12:05,0.0003598614973594234
730,0.00013968944720001695,Friday,Friday 12:10,0.00038846651425759307
735,0.0003629018498289774,Friday,Friday 12:15,0.0004219868552636705
740,0.0004297210560469278,Friday,Friday 12:20,0.0004568690718195602
745,0.0003978468785204741,Friday,Friday 12:25,0.0004891509100147923
750,0.001056178206754228,Friday,Friday 12:30,0.0005151582098682702
755,0.0008142521136894268,Friday,Friday 12:35,0.0005320463859112804
760,0.0005350327322235369,Friday,Friday 12:40,0.0005384021729612988
765,0.0005984239089169491,Friday,Friday 12:45,0.0005343860321541885
770,0.0004912420604387903,Friday,Friday 12:50,0.000521677610114451
775,0.0004612098715604327,Friday,Friday 12:55,0.0005030653848228977
780,0.0008453538410572198,Friday,Friday 13:00,0.0004817886089786015
785,0.00020717692117500145,Friday,Friday 13:05,0.00046087271722173917
790,0.00033282405229630163,Friday,Friday 13:10,0.0004425069516472646
795,0.00023161197837474253,Friday,Friday 13:15,0.0004276134230529275
800,3.8344066134937e-05,Friday,Friday 13:20,0.0004158874781543674
805,0.0003262789633028473,Friday,Friday 13:25,0.0004060812580664498
810,0.0013498025878910182,Friday,Friday 13:30,0.0003966652077024229
815,0.00019889292497128112,Friday,Friday 13:35,0.00038643428285580736
820,0.0004865814111617629,Friday,Friday 13:40,0.0003750290502046679
825,0.0001855585595227089,Friday,Friday 13:45,0.0003629788327338029
830,0.000135816506669393,Friday,Friday 13:50,0.0003514628352940515
835,0.0001265259268587499,Friday,Friday 13:55,0.0003418108178316385
840,0.0006833264835730857,Friday,Friday 14:00,0.0003350459917060212
845,0.0002248295213021129,Friday,Friday 14:05,0.0003315086777319202
850,0.0003118921650783159,Friday,Friday 14:10,0.00033080600029510113
855,0.00023006442109747117,Friday,Friday 14:15,0.00033194951308417503
860,0.00016186144907648115,Friday,Friday 14:20,0.0003336689898874371
865,0.00025314977090188056,Friday,Friday 14:25,0.0003348063798148586
870,0.0011132440107668423,Friday,Friday 14:30,0.0003346693170108478
875,8.225801563146541e-05,Friday,Friday 14:35,0.0003331646181834253
880,0.0003117894785313023,Friday,Friday 14:40,0.00033084946021550733
885,0.0002689672153552168,Friday,Friday 14:45,0.00032858132502508724
890,0.00018589194177456687,Friday,Friday 14:50,0.00032715400078133644
895,0.0,Friday,Friday 14:55,0.0003269496552990883
900,0.0006002810835563524,Friday,Friday 15:00,0.00032784683050934615
905,0.0004154098052071561,Friday,Friday 15:05,0.00032922385772278447
910,0.0003507120766231104,Friday,Friday 15:10,0.0003304138899392589
915,0.00039155246535403296,Friday,Friday 15:15,0.00033099200682875496
920,0.00040575238162689805,Friday,Friday 15:20,0.00033108560329401094
925,0.00022209915272153427,Friday,Friday 15:25,0.00033135335795234734
930,0.0003730944873524946,Friday,Friday 15:30,0.0003328429801066705
935,0.00020744696991238833,Friday,Friday 15:35,0.0003366916007614884
940,0.00011975288757242681,Friday,Friday 15:40,0.0003439074162863006
945,0.00043160087839988785,Friday,Friday 15:45,0.00035514338368320347
950,0.0005582534684671134,Friday,Friday 15:50,0.0003707436432597233
955,0.0001288789681594661,Friday,Friday 15:55,0.0003907466637422299
960,0.0005724045102928829,Friday,Friday 16:00,0.00041486253685660073
965,0.000382646776564148,Friday,Friday 16:05,0.0004423757464145007
970,0.0002853453761884149,Friday,Friday 16:10,0.00047228198269033575
975,0.00025124418958732665,Friday,Friday 16:15,0.0005031929379837126
980,0.0006782609918745371,Friday,Friday 16:20,0.0005337679607525641
985,0.0008196590068063394,Friday,Friday 16:25,0.00056308496637644
990,0.0009604826993488486,Friday,Friday 16:30,0.0005910710602077245
995,0.00047528681603805874,Friday,Friday 16:35,0.000618647875877414
1000,0.0006720154469049546,Friday,Friday 16:40,0.0006477059876999758
1005,0.0005728344821934856,Friday,Friday 16:45,0.000680385740254221
1010,8.126689433185787e-05,Friday,Friday 16:50,0.0007187048133822088
1015,0.0004892767813099676,Friday,Friday 16:55,0.0007639432286524648
1020,0.0015447910119858136,Friday,Friday 17:00,0.000816460012712226
1025,0.0007566001431747031,Friday,Friday 17:05,0.0008758300676177407
1030,0.0005149168986556235,Friday,Friday 17:10,0.0009413731867515159
1035,0.0014049359758136427,Friday,Friday 17:15,0.0010122242427464975
1040,0.0010680737865634547,Friday,Friday 17:20,0.001087773699987699
1045,0.0003790213813424568,Friday,Friday 17:25,0.001167558300308575
1050,0.0020738024103296735,Friday,Friday 17:30,0.0012509257874794473
1055,0.0010894668011590413,Friday,Friday 17:35,0.0013369419419016282
1060,0.0010764670936150387,Friday,Friday 17:40,0.001424191886622373
1065,0.0016549763374493457,Friday,Friday 17:45,0.0015107026511821482
1070,0.0017382369702402152,Friday,Friday 17:50,0.0015944764594899487
1075,0.0010646164818300802,Friday,Friday 17:55,0.0016736811834444035
1080,0.003490878588187467,Friday,Friday 18:00,0.0017469564277965881
1085,0.001185756100585522,Friday,Friday 18:05,0.0018135440544914398
1090,0.0013112453940799455,Friday,Friday 18:10,0.001873187277184338
1095,0.0022321015208305603,Friday,Friday 18:15,0.0019256267598943989
1100,0.0021889847325180277,Friday,Friday 18:20,0.001970445832260037
1105,0.0008839052125924965,Friday,Friday 18:25,0.002006843331596384
1110,0.004101588077361983,Friday,Friday 18:30,0.0020335375688981423
1115,0.001801871528084738,Friday,Friday 18:35,0.0020490154252067855
1120,0.0010533155114058996,Friday,Friday 18:40,0.0020518180714320933
1125,0.0029818924769750075,Friday,Friday 18:45,0.002040715107197133
1130,0.0013484917700274245,Friday,Friday 18:50,0.00201527822102457
1135,0.0021023409983033452,Friday,Friday 18:55,0.0019760979676277895
1140,0.00393263018155983,Friday,Friday 19:00,0.0019252640690699623
1145,0.0009715603177177127,Friday,Friday 19:05,0.0018661539124980066
1150,0.0013467508718188871,Friday,Friday 19:10,0.00180315548761257
1155,0.001965939720308364,Friday,Friday 19:15,0.0017406664583411672
1160,0.0010880061128304295,Friday,Friday 19:20,0.0016822060901438684
1165,0.0009766845403471227,Friday,Friday 19:25,0.0016295226183146354
1170,0.002824199371232245,Friday,Friday 19:30,0.0015825102241669138
1175,0.0009411289331842348,Friday,Friday 19:35,0.0015392862364090468
1180,0.001104765638947304,Friday,Friday 19:40,0.0014971541780846808
1185,0.0027178419858730615,Friday,Friday 19:45,0.001453407618852246
1190,0.0008425982790595405,Friday,Friday 19:50,0.0014061269539902832
1195,0.0006542665659090198,Friday,Friday 19:55,0.0013544618726142208
1200,0.00283023555347443,Friday,Friday 20:00,0.001298842289320697
1205,0.0004488033212144563,Friday,Friday 20:05,0.0012403773680447947
1210,0.0012270381784268505,Friday,Friday 20:10,0.0011805250737186251
1215,0.0010155739868466058,Friday,Friday 20:15,0.0011206149685419429
1220,0.0010324107457999516,Friday,Friday 20:20,0.0010613759476684958
1225,0.00041943310495740635,Friday,Friday 20:25,0.001003027667713154
1230,0.0018592867894919203,Friday,Friday 20:30,0.0009454914389419932
1235,0.0007845059794309743,Friday,Friday 20:35,0.0008885226116944013
1240,0.0007961397942518186,Friday,Friday 20:40,0.0008323169671469524
1245,0.0007116008056524154,Friday,Friday 20:45,0.0007775143494372393
1250,0.00046417026573939763,Friday,Friday 20:50,0.0007251995631609236
1255,0.000543321674861811,Friday,Friday 20:55,0.0006766895514885196
1260,0.0011909183666426481,Friday,Friday 21:00,0.0006332829102309832
1265,0.0001719647404633056,Friday,Friday 21:05,0.0005958295228859643
1270,0.0002694611710961124,Friday,Friday 21:10,0.0005646498418289832
1275,0.0007438863984254089,Friday,Friday 21:15,0.0005394988892627934
1280,0.000319881513189735,Friday,Friday 21:20,0.0005194764792754924
1285,0.00025776986554129085,Friday,Friday 21:25,0.0005033149561531105
1290,0.0010492656375923962,Friday,Friday 21:30,0.0004896434887589613
1295,0.0004878792139528097,Friday,Friday 21:35,0.0004769439719066206
1300,0.00022072708351675063,Friday,Friday 21:40,0.0004638797584448057
1305,0.00039899319905898603,Friday,Friday 21:45,0.0004492114018854043
1310,0.00045020868347568383,Friday,Friday 21:50,0.00043187653800419624
1315,0.00017409094824587595,Friday,Friday 21:55,0.0004110232324166643
1320,0.0011968284338623003,Friday,Friday 22:00,0.0003862783111195112
1325,0.00023189808461943602,Friday,Friday 22:05,0.00035774596761608103
1330,9.598650014104265e-05,Friday,Friday 22:10,0.00032619833791977456
1335,0.00048009507053872513,Friday,Friday 22:15,0.0002929554534788649
1340,3.0289409811346344e-05,Friday,Friday 22:20,0.00025966759366829773
1345,0.0002103435608467468,Friday,Friday 22:25,0.00022802820392755485
1350,0.00027792381101402435,Friday,Friday 22:30,0.00019951283873921512
1355,9.110422499120174e-05,Friday,Friday 22:35,0.000175115772413024
1360,0.0,Friday,Friday 22:40,0.00015533181954628376
1365,0.00021240742652828805,Friday,Friday 22:45,0.00014016983184886918
1370,3.978362777426953e-05,Friday,Friday 22:50,0.00012917934519829727
1375,5.583662412984206e-05,Friday,Friday 22:55,0.00012159830751138192
1380,0.00012239014278170424,Friday,Friday 23:00,0.00011651142049175388
1385,0.00017191736252278146,Friday,Friday 23:05,0.00011291501503754364
1390,0.00016387332390305494,Friday,Friday 23:10,0.00010990413726295407
1395,4.4049300849742265e-05,Friday,Friday 23:15,0.0001067722611050734
1400,0.00012480376050977955,Friday,Friday 23:20,0.00010308633279146022
1405,7.538224120985426e-05,Friday,Friday 23:25,9.867672622246234e-05
1410,0.00019630407912806804,Friday,Friday 23:30,9.368694846308482e-05
1415,0.00011285187577346934,Friday,Friday 23:35,8.838676751866983e-05
1420,0.0,Friday,Friday 23:40,8.314960006011764e-05
1425,5.177860356732272e-05,Friday,Friday 23:45,7.831298363258618e-05
1430,0.0,Friday,Friday 23:50,7.408005506968816e-05
1435,0.00012484151770369794,Friday,Friday 23:55,7.05037043737268e-05
0,8.051275489170092e-05,Saturday,Saturday 00:00,6.749445497141262e-05
5,0.00012265896593029448,Saturday,Saturday 00:05,6.487483549071199e-05
10,0.0,Saturday,Saturday 00:10,6.246552520816192e-05
15,2.6595910951022445e-05,Saturday,Saturday 00:15,6.016518664622593e-05
20,0.00012265896593029448,Saturday,Saturday 00:20,5.797034256606754e-05
25,1.4584524216179975e-05,Saturday,Saturday 00:25,5.596940087941391e-05
30,0.0001235046704878597,Saturday,Saturday 00:30,5.430778905031456e-05
35,0.0,Saturday,Saturday 00:35,5.309878861239136e-05
40,5.236917654528459e-05,Saturday,Saturday 00:40,5.234417093230884e-05
45,0.0,Saturday,Saturday 00:45,5.187945576508957e-05
50,0.0,Saturday,Saturday 00:50,5.139661098966974e-05
55,0.0,Saturday,Saturday 00:55,5.051591884710346e-05
60,0.0003301255872865524,Saturday,Saturday 01:00,4.892809954075947e-05
65,0.0,Saturday,Saturday 01:05,4.650134960119753e-05
70,4.3109679506507584e-05,Saturday,Saturday 01:10,4.334117449368155e-05
75,0.0,Saturday,Saturday 01:15,3.9751386825114305e-05
80,0.0,Saturday,Saturday 01:20,3.6101340672996376e-05
85,0.0,Saturday,Saturday 01:25,3.269186292024755e-05
90,0.0,Saturday,Saturday 01:30,2.9646231909196288e-05
95,0.0,Saturday,Saturday 01:35,2.6909947705719584e-05
100,0.00017939441090378104,Saturday,Saturday 01:40,2.431440942873772e-05
105,0.0,Saturday,Saturday 01:45,2.1695631355171778e-05
110,0.0,Saturday,Saturday 01:50,1.898433979006487e-05
115,0.0,Saturday,Saturday 01:55,1.622505453994184e-05
120,0.0,Saturday,Saturday 02:00,1.3557354199149705e-05
125,0.0,Saturday,Saturday 02:05,1.1131138635471974e-05
130,0.0,Saturday,Saturday 02:10,9.054690290016128e-06
135,0.0,Saturday,Saturday 02:15,7.353774035155185e-06
140,3.551498918408276e-05,Saturday,Saturday 02:20,5.984189324909722e-06
145,0.0,Saturday,Saturday 02:25,4.8605796036067605e-06
150,0.0,Saturday,Saturday 02:30,3.913599686968202e-06
155,0.0,Saturday,Saturday 02:35,3.0816657832398595e-06
160,0.0,Saturday,Saturday 02:40,2.348943335616751e-06
165,0.0,Saturday,Saturday 02:45,1.717237584716872e-06
170,0.0,Saturday,Saturday 02:50,1.202790639499847e-06
175,0.0,Saturday,Saturday 02:55,8.144201301438184e-07
180,0.0,Saturday,Saturday 03:00,5.598469932406383e-07
185,0.0,Saturday,Saturday 03:05,4.4093283081319024e-07
190,0.0,Saturday,Saturday 03:10,4.775745123425446e-07
195,0.0,Saturday,Saturday 03:15,6.926649863050033e-07
200,0.0,Saturday,Saturday 03:20,1.1391287081346907e-06
205,0.0,Saturday,Saturday 03:25,1.8897620934695634e-06
210,0.0,Saturday,Saturday 03:30,3.0250217095628065e-06
215,0.0,Saturday,Saturday 03:35,4.617208514117548e-06
220,0.0,Saturday,Saturday 03:40,6.706466817708874e-06
225,0.0,Saturday,Saturday 03:45,9.270099666827486e-06
230,0.0,Saturday,Saturday 03:50,1.2214565528773186e-05
235,0.0,Saturday,Saturday 03:55,1.5368483090338883e-05
240,5.084321150326296e-05,Saturday,Saturday 04:00,1.8503806432769723e-05
245,0.0,Saturday,Saturday 04:05,2.136765765390893e-05
250,7.660383941692255e-05,Saturday,Saturday 04:10,2.373314653692614e-05
255,0.0,Saturday,Saturday 04:15,2.5431184518789917e-05
260,4.207936643858525e-05,Saturday,Saturday 04:20,2.640291047272275e-05
265,2.854155712921906e-05,Saturday,Saturday 04:25,2.6699981185040134e-05
270,7.648339364230878e-05,Saturday,Saturday 04:30,2.6488581928399702e-05
275,0.0,Saturday,Saturday 04:35,2.602040665513334e-05
280,0.0,Saturday,Saturday 04:40,2.561309310995484e-05
285,3.2820827552697234e-05,Saturday,Saturday 04:45,2.556423466584004e-05
290,0.0,Saturday,Saturday 04:50,2.6179956149705673e-05
295,0.0,Saturday,Saturday 04:55,2.773358415192086e-05
300,8.239915162200673e-05,Saturday,Saturday 05:00,3.0446805293325702e-05
305,2.3336904188423297e-05,Saturday,Saturday 05:05,3.449600258783932e-05
310,0.0,Saturday,Saturday 05:10,4.0009740811834155e-05
315,0.0,Saturday,Saturday 05:15,4.70388054611466e-05
320,3.1987201858229185e-05,Saturday,Saturday 05:20,5.559669813663578e-05
325,3.246807077360278e-05,Saturday,Saturday 05:25,6.564801866545242e-05
330,0.0001840898503088473,Saturday,Saturday 05:30,7.715100420148262e-05
335,4.056343976479775e-05,Saturday,Saturday 05:35,9.005141672889675e-05
340,0.00013804979521984484,Saturday,Saturday 05:40,0.00010429985286959421
345,5.462443928138822e-05,Saturday,Saturday 05:45,0.00011970520295069784
350,2.5041706963672133e-05,Saturday,Saturday 05:50,0.00013599301153338617
355,2.4817954749219537e-05,Saturday,Saturday 05:55,0.00015270356080656657
360,0.0005993222824176396,Saturday,Saturday 06:00,0.00016921642510457838
365,3.383895285617343e-05,Saturday,Saturday 06:05,0.00018484290788726895
370,5.4344126352052946e-05,Saturday,Saturday 06:10,0.00019899054695241288
375,0.00034060298756574843,Saturday,Saturday 06:15,0.00021122265976712283
380,0.00028292710863558033,Saturday,Saturday 06:20,0.0002214873234907447
385,0.00020852774939013625,Saturday,Saturday 06:25,0.00023016412179053484
390,0.0004371233292954056,Saturday,Saturday 06:30,0.00023803578170612002
395,0.00010593150270867262,Saturday,Saturday 06:35,0.0002461730119506625
400,0.0002652264184191459,Saturday,Saturday 06:40,0.0002557835847803231
405,0.0001335503637810287,Saturday,Saturday 06:45,0.0002678201924832306
410,0.00010115991310937636,Saturday,Saturday 06:50,0.0002830024308689618
415,7.329738745611733e-05,Saturday,Saturday 06:55,0.00030165797509664567
420,0.0010360927715908166,Saturday,Saturday 07:00,0.0003238016027934181
425,0.0,Saturday,Saturday 07:05,0.0003492131748820414
430,0.00025064964615622036,Saturday,Saturday 07:10,0.00037761954065696645
435,0.0005167220844983624,Saturday,Saturday 07:15,0.0004086283661733726
440,0.0002464467477656984,Saturday,Saturday 07:20,0.0004418051361547552
445,0.00010295616728273153,Saturday,Saturday 07:25,0.00047664490482966776
450,0.0012843153989931314,Saturday,Saturday 07:30,0.0005125287066025361
455,0.0004790611204371108,Saturday,Saturday 07:35,0.0005486645846141506
460,0.0003444996471339595,Saturday,Saturday 07:40,0.0005842156780109688
465,0.0005988272332296443,Saturday,Saturday 07:45,0.0006181511240155792
470,0.0004383295600010267,Saturday,Saturday 07:50,0.0006495198127759596
475,0.0003330151461502178,Saturday,Saturday 07:55,0.0006776076005609132
480,0.0022084709084730773,Saturday,Saturday 08:00,0.0007021847937993454
485,0.00033234075069677073,Saturday,Saturday 08:05,0.000723707008233521
490,0.0003656297049128571,Saturday,Saturday 08:10,0.0007433835355433285
495,0.0006368786815223651,Saturday,Saturday 08:15,0.0007628746409065288
500,0.0008767762544255768,Saturday,Saturday 08:20,0.0007839789372794154
505,0.000408977211809389,Saturday,Saturday 08:25,0.0008081404278859861
510,0.0014378453653448677,Saturday,Saturday 08:30,0.0008360352768859388
515,0.0007872856381660744,Saturday,Saturday 08:35,0.0008672092733331282
520,0.00034806653484085315,Saturday,Saturday 08:40,0.0009000734983039051
525,0.0010539707898044968,Saturday,Saturday 08:45,0.0009317960568331738
530,0.0010715308991161654,Saturday,Saturday 08:50,0.0009587865984978633
535,0.0004669753053696136,Saturday,Saturday 08:55,0.0009771821504241831
540,0.002419791931412495,Saturday,Saturday 09:00,0.000983735903517424
545,0.000907903775199196,Saturday,Saturday 09:05,0.0009764903555225597
550,0.0007293266223362799,Saturday,Saturday 09:10,0.0009555528364927811
555,0.0012777790951673917,Saturday,Saturday 09:15,0.0009231711829198877
560,0.0009399322409272975,Saturday,Saturday 09:20,0.0008835221400917654
565,0.0005833149089092699,Saturday,Saturday 09:25,0.0008418467003874006
570,0.0011325305903852993,Saturday,Saturday 09:30,0.0008034654567266125
575,0.00028706955914153384,Saturday,Saturday 09:35,0.0007724575727855395
580,0.00012064501064935623,Saturday,Saturday 09:40,0.0007509689555172144
585,0.0008499199404764616,Saturday,Saturday 09:45,0.0007386773959136071
590,0.0005797297103476587,Saturday,Saturday 09:50,0.0007331864366428449
595,0.0004324562165980778,Saturday,Saturday 09:55,0.0007307816932700316
600,0.0021010728497306568,Saturday,Saturday 10:00,0.0007276102050318123
605,0.00039262252278850934,Saturday,Saturday 10:05,0.0007207343544760152
610,0.000624363582039311,Saturday,Saturday 10:10,0.0007088838835882633
615,0.0006404984211312756,Saturday,Saturday 10:15,0.000692566379925986
620,0.0008969087594500446,Saturday,Saturday 10:20,0.000673778564761362
625,0.0001083416019187959,Saturday,Saturday 10:25,0.0006552570591706241
630,0.0011867210478520862,Saturday,Saturday 10:30,0.0006398519396234811
635,0.00022209675015497275,Saturday,Saturday 10:35,0.0006297402852164381
640,0.000514575194022562,Saturday,Saturday 10:40,0.0006260850282130932
645,0.000664512666742103,Saturday,Saturday 10:45,0.0006287815093882365
650,0.0003856880951475494,Saturday,Saturday 10:50,0.0006365092644507812
655,0.00023589251049800752,Saturday,Saturday 10:55,0.0006470272810261534
660,0.0015887619101435837,Saturday,Saturday 11:00,0.0006576658006461162
665,0.0004638927396009596,Saturday,Saturday 11:05,0.000665839212547229
670,0.0004587348369473369,Saturday,Saturday 11:10,0.0006696425034867725
675,0.0012437803387824009,Saturday,Saturday 11:15,0.0006681490340557845
680,0.0005759176592956445,Saturday,Saturday 11:20,0.0006615274518272631
685,0.0002516209267577634,Saturday,Saturday 11:25,0.0006508543573658943
690,0.0011624616551585995,Saturday,Saturday 11:30,0.0006378695781064409
695,0.0002779310302761778,Saturday,Saturday 11:35,0.0006244233504544188
700,0.0005775019105264995,Saturday,Saturday 11:40,0.0006122668376538842
705,0.0008953952012844312,Saturday,Saturday 11:45,0.0006025883920234848
710,0.00016559349968599095,Saturday,Saturday 11:50,0.0005960014986738831
715,0.00031411929372624576,Saturday,Saturday 11:55,0.0005924497272194806
720,0.00105592663210548,Saturday,Saturday 12:00,0.0005914237058107654
725,0.0006001809482979075,Saturday,Saturday 12:05,0.0005921318588787471
730,0.0003913741710574035,Saturday,Saturday 12:10,0.0005938502675586154
735,0.0007775652132447476,Saturday,Saturday 12:15,0.0005960668198757328
740,0.0006060442075058665,Saturday,Saturday 12:20,0.0005986310118208633
745,0.0003139265663864695,Saturday,Saturday 12:25,0.0006016614976019742
750,0.0009939179907721015,Saturday,Saturday 12:30,0.0006054526092734795
755,0.00034619536028220553,Saturday,Saturday 12:35,0.0006100639336164897
760,0.0006002359067863334,Saturday,Saturday 12:40,0.0006152213879938536
765,0.0007966940971803917,Saturday,Saturday 12:45,0.0006200413438585549
770,0.00030834831020974673,Saturday,Saturday 12:50,0.0006231572914423011
775,0.00025689562601255715,Saturday,Saturday 12:55,0.0006229532017308994
780,0.00164249657444295,Saturday,Saturday 13:00,0.0006180344391948795
785,0.0006038761741662235,Saturday,Saturday 13:05,0.0006076378198245774
790,0.0003821603905266019,Saturday,Saturday 13:10,0.0005920725686547519
795,0.0008325638909230892,Saturday,Saturday 13:15,0.0005727719775293742
800,0.00027427646778350833,Saturday,Saturday 13:20,0.0005520519692368648
805,0.00037011022160088824,Saturday,Saturday 13:25,0.0005326545029438115
810,0.0008800938273671453,Saturday,Saturday 13:30,0.000517114697044229
815,0.0002143503440481843,Saturday,Saturday 13:35,0.0005071076070464244
820,0.00028464447718419035,Saturday,Saturday 13:40,0.0005030857420921677
825,0.0002743747960588212,Saturday,Saturday 13:45,0.000504124334857851
830,0.0004749475864822278,Saturday,Saturday 13:50,0.0005082377497579689
835,0.0003184199349273718,Saturday,Saturday 13:55,0.0005129089866953193
840,0.0017647816625008834,Saturday,Saturday 14:00,0.0005157843219506867
845,0.00019383043383754055,Saturday,Saturday 14:05,0.0005151700524238665
850,0.00013799417468141805,Saturday,Saturday 14:10,0.0005104181432384848
855,0.0006250050725009317,Saturday,Saturday 14:15,0.0005018420319172818
860,0.0004532210092896015,Saturday,Saturday 14:20,0.0004905307336492877
865,0.0004270805681581115,Saturday,Saturday 14:25,0.00047801615032656126
870,0.0007095719229656188,Saturday,Saturday 14:30,0.00046598898222749733
875,0.0004613071512298066,Saturday,Saturday 14:35,0.00045601444470485066
880,0.0003573386170962248,Saturday,Saturday 14:40,0.0004494155297363385
885,0.00029317725467986605,Saturday,Saturday 14:45,0.00044702396755724993
890,0.00011019731655298107,Saturday,Saturday 14:50,0.0004490813636433343
895,0.0002121720046430144,Saturday,Saturday 14:55,0.0004552055385656593
900,0.0012463831569152139,Saturday,Saturday 15:00,0.00046446614216868467
905,0.00039320424860696967,Saturday,Saturday 15:05,0.00047557536776432854
910,0.00011236233607179614,Saturday,Saturday 15:10,0.0004872383791616301
915,0.0004978485310347078,Saturday,Saturday 15:15,0.0004983227280157098
920,0.000634516234467196,Saturday,Saturday 15:20,0.0005081314882547953
925,0.0005525435046245373,Saturday,Saturday 15:25,0.0005164281071005081
930,0.0010005998001126097,Saturday,Saturday 15:30,0.0005234281865972484
935,0.0001266260993653619,Saturday,Saturday 15:35,0.0005294865072044344
940,0.0002386408253628235,Saturday,Saturday 15:40,0.0005350060740639093
945,0.0010029738672693474,Saturday,Saturday 15:45,0.0005400592233010993
950,0.0002327327999795608,Saturday,Saturday 15:50,0.0005444359761694639
955,0.0001746358414825206,Saturday,Saturday 15:55,0.0005476720085723707
960,0.0013122032015951534,Saturday,Saturday 16:00,0.0005494300329511003
965,0.0005271096475645665,Saturday,Saturday 16:05,0.0005498226863457072
970,0.0004532065381785112,Saturday,Saturday 16:10,0.0005497745233870818
975,0.0007411642793712311,Saturday,Saturday 16:15,0.0005508763250449199
980,0.00029611403007905024,Saturday,Saturday 16:20,0.0005551862811463238
985,9.481031550854963e-05,Saturday,Saturday 16:25,0.000564656365836512
990,0.0009768546721122642,Saturday,Saturday 16:30,0.0005805513870552857
995,0.00036703441945482013,Saturday,Saturday 16:35,0.0006030877421376577
1000,0.00022048967773525397,Saturday,Saturday 16:40,0.0006315328450682881
1005,0.0009009673364955002,Saturday,Saturday 16:45,0.0006644242467154808
1010,0.0008147905504527558,Saturday,Saturday 16:50,0.0007003111438605219
1015,0.0005668474700707703,Saturday,Saturday 16:55,0.0007382170610691842
1020,0.001815547337769145,Saturday,Saturday 17:00,0.0007779002682157009
1025,8.081260049456649e-05,Saturday,Saturday 17:05,0.0008196281607240584
1030,0.0005630312053239846,Saturday,Saturday 17:10,0.0008639066490782357
1035,0.0005970636471508233,Saturday,Saturday 17:15,0.0009107270476124037
1040,0.001013816798880193,Saturday,Saturday 17:20,0.0009595391031005593
1045,0.0007944044129238361,Saturday,Saturday 17:25,0.0010093241179996485
1050,0.0023009153960820944,Saturday,Saturday 17:30,0.0010590153178157567
1055,0.0009713483238211032,Saturday,Saturday 17:35,0.001107977379897486
1060,0.0006138023645778071,Saturday,Saturday 17:40,0.001156338309234369
1065,0.0014279653137899849,Saturday,Saturday 17:45,0.0012046288600608803
1070,0.0007252068174713221,Saturday,Saturday 17:50,0.0012536163316663892
1075,0.0006995042721744532,Saturday,Saturday 17:55,0.0013037840867075098
1080,0.002858619663662503,Saturday,Saturday 18:00,0.0013550673789350445
1085,0.0012202494805582669,Saturday,Saturday 18:05,0.001406688438723833
1090,0.0009582622237388617,Saturday,Saturday 18:10,0.0014573521172002422
1095,0.0014795979542362675,Saturday,Saturday 18:15,0.0015051502787768144
1100,0.0015278664089901524,Saturday,Saturday 18:20,0.0015480220199390175
1105,0.0007957780903570833,Saturday,Saturday 18:25,0.0015839207604583599
1110,0.003737620375723593,Saturday,Saturday 18:30,0.001611202094381527
1115,0.0011710584709845318,Saturday,Saturday 18:35,0.0016287392487310233
1120,0.001278858794654211,Saturday,Saturday 18:40,0.0016361296465856922
1125,0.0022334228953256505,Saturday,Saturday 18:45,0.0016333409953359721
1130,0.0008388017862093646,Saturday,Saturday 18:50,0.001620605685358665
1135,0.0006274556042097615,Saturday,Saturday 18:55,0.0015981553569061186
1140,0.0037692202309126373,Saturday,Saturday 19:00,0.0015663694300591265
1145,0.001586463287636665,Saturday,Saturday 19:05,0.001525885408765218
1150,0.0011751103180362079,Saturday,Saturday 19:10,0.0014778834748724887
1155,0.0013155139203893302,Saturday,Saturday 19:15,0.0014240221415906893
1160,0.0008933261982835272,Saturday,Saturday 19:20,0.0013662220834829394
1165,0.00038934058945429913,Saturday,Saturday 19:25,0.0013062909213763995
1170,0.0033560181188683987,Saturday,Saturday 19:30,0.0012458121941705874
1175,0.0006895395356311001,Saturday,Saturday 19:35,0.0011858647891088397
1180,0.0005518344724412315,Saturday,Saturday 19:40,0.0011272275001101835
1185,0.00116283275341586,Saturday,Saturday 19:45,0.0010703744614157166
1190,0.000844107314782339,Saturday,Saturday 19:50,0.001015601764614781
1195,0.0007147661357079296,Saturday,Saturday 19:55,0.0009629425100586348
1200,0.001717796863465362,Saturday,Saturday 20:00,0.0009124679720947704
1205,0.0004834920114375344,Saturday,Saturday 20:05,0.0008641147190241276
1210,0.0006341088797992105,Saturday,Saturday 20:10,0.0008180505483454362
1215,0.001067873219163965,Saturday,Saturday 20:15,0.0007747040504868978
1220,0.0005329687725044526,Saturday,Saturday 20:20,0.000734679779248545
1225,0.00034172622311472384,Saturday,Saturday 20:25,0.0006986677745812627
1230,0.0011500689785520735,Saturday,Saturday 20:30,0.0006673748337038628
1235,0.00026173359775172875,Saturday,Saturday 20:35,0.0006410060483932919
1240,0.0007836777094952455,Saturday,Saturday 20:40,0.0006192895188255163
1245,0.0004967987591682575,Saturday,Saturday 20:45,0.0006012192099236958
1250,0.00028608819510324534,Saturday,Saturday 20:50,0.0005852193843405676
1255,0.00033528697260141343,Saturday,Saturday 20:55,0.0005692953775887228
1260,0.0012838498555029039,Saturday,Saturday 21:00,0.000551661017918709
1265,0.0004641365088602452,Saturday,Saturday 21:05,0.0005309751270621185
1270,0.0007451996853379854,Saturday,Saturday 21:10,0.0005070146958039208
1275,0.00047834989217503387,Saturday,Saturday 21:15,0.00048074184321690084
1280,0.0001644490060065563,Saturday,Saturday 21:20,0.0004541923024234837
1285,0.00023151723922797222,Saturday,Saturday 21:25,0.00042995664141380613
1290,0.0007157449544786296,Saturday,Saturday 21:30,0.0004105434351208816
1295,0.0003013214081642989,Saturday,Saturday 21:35,0.00039756323664972925
1300,0.00015248122056609189,Saturday,Saturday 21:40,0.0003912845558412273
1305,2.41170402153504e-05,Saturday,Saturday 21:45,0.00039042699254361005
1310,0.0001551934860522797,Saturday,Saturday 21:50,0.00039239865829475336
1315,0.00036641805770636847,Saturday,Saturday 21:55,0.00039397570249571375
1320,0.0017279922807881545,Saturday,Saturday 22:00,0.0003921851754764905
1325,0.00021799517818800216,Saturday,Saturday 22:05,0.0003849513619091367
1330,0.00019598519785254156,Saturday,Saturday 22:10,0.00037155608143514074
1335,0.00026374110379454783,Saturday,Saturday 22:15,0.0003524970863546352
1340,8.503161098416216e-05,Saturday,Saturday 22:20,0.00032908141529130807
1345,0.00012330619089265292,Saturday,Saturday 22:25,0.000302891972239918
1350,0.0009944856506093546,Saturday,Saturday 22:30,0.00027542561866735903
1355,2.7450488809328632e-05,Saturday,Saturday 22:35,0.00024783373967909167
1360,0.00010966641470667001,Saturday,Saturday 22:40,0.00022102483761629653
1365,0.0002450259786219513,Saturday,Saturday 22:45,0.00019568806851096536
1370,2.159476997742905e-05,Saturday,Saturday 22:50,0.00017233855907933764
1375,5.089363556493692e-05,Saturday,Saturday 22:55,0.00015131169336321602
1380,0.00022017393508755008,Saturday,Saturday 23:00,0.00013273491550130472
1385,0.0001380861969028787,Saturday,Saturday 23:05,0.00011648343311754887
1390,9.187086596845582e-05,Saturday,Saturday 23:10,0.0001022930796211852
1395,6.478843714331107e-05,Saturday,Saturday 23:15,8.984392122585497e-05
1400,0.0,Saturday,Saturday 23:20,7.889169341689775e-05
1405,0.00013371353933843314,Saturday,Saturday 23:25,6.930817872329439e-05
1410,7.799520815987908e-05,Saturday,Saturday 23:30,6.116700397868989e-05
1415,3.1453999066184984e-05,Saturday,Saturday 23:35,5.455665475402024e-05
1420,0.0,Saturday,Saturday 23:40,4.963082757803733e-05
1425,3.0263815332651557e-05,Saturday,Saturday 23:45,4.6449478590015934e-05
1430,0.0,Saturday,Saturday 23:50,4.493180833011123e-05
1435,0.0,Saturday,Saturday 23:55,4.481117270951811e-05
0,8.051275489170092e-05,Sunday,Sunday 00:00,4.5712455685874355e-05
5,0.00012265896593029448,Sunday,Sunday 00:05,4.713192311007996e-05
10,0.0,Sunday,Sunday 00:10,4.861786185728568e-05
15,2.6595910951022445e-05,Sunday,Sunday 00:15,4.9838140755250465e-05
20,0.00012265896593029448,Sunday,Sunday 00:20,5.063058535863104e-05
25,1.4584524216179975e-05,Sunday,Sunday 00:25,5.100924359659224e-05
30,0.0001235046704878597,Sunday,Sunday 00:30,5.1129859687838276e-05
35,0.0,Sunday,Sunday 00:35,5.1171581830088044e-05
40,5.236917654528459e-05,Sunday,Sunday 00:40,5.12384783461702e-05
45,0.0,Sunday,Sunday 00:45,5.1282296348339654e-05
50,0.0,Sunday,Sunday 00:50,5.1090739534385824e-05
55,0.0,Sunday,Sunday 00:55,5.037017674938786e-05
60,0.0003301255872865524,Sunday,Sunday 01:00,4.8862873367523586e-05
65,0.0,Sunday,Sunday 01:05,4.64733920216005e-05
70,4.3109679506507584e-05,Sunday,Sunday 01:10,4.3330169459219836e-05
75,0.0,Sunday,Sunday 01:15,3.974720978517816e-05
80,0.0,Sunday,Sunday 01:20,3.6101340672996376e-05
85,0.0,Sunday,Sunday 01:25,3.269186292024755e-05
90,0.0,Sunday,Sunday 01:30,2.9646231909196288e-05
95,0.0,Sunday,Sunday 01:35,2.6909947705719584e-05
100,0.00017939441090378104,Sunday,Sunday 01:40,2.431440942873772e-05
105,0.0,Sunday,Sunday 01:45,2.1695631355171778e-05
110,0.0,Sunday,Sunday 01:50,1.898433979006487e-05
115,0.0,Sunday,Sunday 01:55,1.622505453994184e-05
120,0.0,Sunday,Sunday 02:00,1.3557354199149705e-05
125,0.0,Sunday,Sunday 02:05,1.1131138635471974e-05
130,0.0,Sunday,Sunday 02:10,9.054690290016128e-06
135,0.0,Sunday,Sunday 02:15,7.353774035155185e-06
140,3.551498918408276e-05,Sunday,Sunday 02:20,5.984189324909722e-06
145,0.0,Sunday,Sunday 02:25,4.8605796036067605e-06
150,0.0,Sunday,Sunday 02:30,3.913599686968202e-06
155,0.0,Sunday,Sunday 02:35,3.0816657832398595e-06
160,0.0,Sunday,Sunday 02:40,2.348943335616751e-06
165,0.0,Sunday,Sunday 02:45,1.717237584716872e-06
170,0.0,Sunday,Sunday 02:50,1.202790639499847e-06
175,0.0,Sunday,Sunday 02:55,8.144201301438184e-07
180,0.0,Sunday,Sunday 03:00,5.598469932406383e-07
185,0.0,Sunday,Sunday 03:05,4.4093283081319024e-07
190,0.0,Sunday,Sunday 03:10,4.775745123425446e-07
195,0.0,Sunday,Sunday 03:15,6.926649863050033e-07
200,0.0,Sunday,Sunday 03:20,1.1391287081346907e-06
205,0.0,Sunday,Sunday 03:25,1.8897620934695634e-06
210,0.0,Sunday,Sunday 03:30,3.0250217095628065e-06
215,0.0,Sunday,Sunday 03:35,4.617208514117548e-06
220,0.0,Sunday,Sunday 03:40,6.706466817708874e-06
225,0.0,Sunday,Sunday 03:45,9.270099666827486e-06
230,0.0,Sunday,Sunday 03:50,1.2214565528773186e-05
235,0.0,Sunday,Sunday 03:55,1.5368483090338883e-05
240,5.084321150326296e-05,Sunday,Sunday 04:00,1.8503806432769723e-05
245,0.0,Sunday,Sunday 04:05,2.136765765390893e-05
250,7.660383941692255e-05,Sunday,Sunday 04:10,2.373314653692614e-05
255,0.0,Sunday,Sunday 04:15,2.5431184518789917e-05
260,4.207936643858525e-05,Sunday,Sunday 04:20,2.640291047272275e-05
265,2.854155712921906e-05,Sunday,Sunday 04:25,2.6699981185040134e-05
270,7.648339364230878e-05,Sunday,Sunday 04:30,2.6488581928399702e-05
275,0.0,Sunday,Sunday 04:35,2.602040665513334e-05
280,0.0,Sunday,Sunday 04:40,2.561309310995484e-05
285,3.2820827552697234e-05,Sunday,Sunday 04:45,2.556423466584004e-05
290,0.0,Sunday,Sunday 04:50,2.6179956149705673e-05
295,0.0,Sunday,Sunday 04:55,2.773358415192086e-05
300,8.239915162200673e-05,Sunday,Sunday 05:00,3.0446805293325702e-05
305,2.3336904188423297e-05,Sunday,Sunday 05:05,3.449600258783932e-05
310,0.0,Sunday,Sunday 05:10,4.0009740811834155e-05
315,0.0,Sunday,Sunday 05:15,4.70388054611466e-05
320,3.1987201858229185e-05,Sunday,Sunday 05:20,5.559669813663578e-05
325,3.246807077360278e-05,Sunday,Sunday 05:25,6.564801866545242e-05
330,0.0001840898503088473,Sunday,Sunday 05:30,7.715100420148262e-05
335,4.056343976479775e-05,Sunday,Sunday 05:35,9.005141672889675e-05
340,0.00013804979521984484,Sunday,Sunday 05:40,0.00010429985286959421
345,5.462443928138822e-05,Sunday,Sunday 05:45,0.00011970520295069784
350,2.5041706963672133e-05,Sunday,Sunday 05:50,0.00013599301153338617
355,2.4817954749219537e-05,Sunday,Sunday 05:55,0.00015270356080656657
360,0.0005993222824176396,Sunday,Sunday 06:00,0.00016921642510457838
365,3.383895285617343e-05,Sunday,Sunday 06:05,0.00018484290788726895
370,5.4344126352052946e-05,Sunday,Sunday 06:10,0.00019899054695241288
375,0.00034060298756574843,Sunday,Sunday 06:15,0.00021122265976712283
380,0.00028292710863558033,Sunday,Sunday 06:20,0.0002214873234907447
385,0.00020852774939013625,Sunday,Sunday 06:25,0.00023016412179053484
390,0.0004371233292954056,Sunday,Sunday 06:30,0.00023803578170612002
395,0.00010593150270867262,Sunday,Sunday 06:35,0.0002461730119506625
400,0.0002652264184191459,Sunday,Sunday 06:40,0.0002557835847803231
405,0.0001335503637810287,Sunday,Sunday 06:45,0.0002678201924832306
410,0.00010115991310937636,Sunday,Sunday 06:50,0.0002830024308689618
415,7.329738745611733e-05,Sunday,Sunday 06:55,0.00030165797509664567
420,0.0010360927715908166,Sunday,Sunday 07:00,0.0003238016027934181
425,0.0,Sunday,Sunday 07:05,0.0003492131748820414
430,0.00025064964615622036,Sunday,Sunday 07:10,0.00037761954065696645
435,0.0005167220844983624,Sunday,Sunday 07:15,0.0004086283661733726
440,0.0002464467477656984,Sunday,Sunday 07:20,0.0004418051361547552
445,0.00010295616728273153,Sunday,Sunday 07:25,0.00047664490482966776
450,0.0012843153989931314,Sunday,Sunday 07:30,0.0005125287066025361
455,0.0004790611204371108,Sunday,Sunday 07:35,0.0005486645846141506
460,0.0003444996471339595,Sunday,Sunday 07:40,0.0005842156780109688
465,0.0005988272332296443,Sunday,Sunday 07:45,0.0006181511240155792
470,0.0004383295600010267,Sunday,Sunday 07:50,0.0006495198127759596
475,0.0003330151461502178,Sunday,Sunday 07:55,0.0006776076005609132
480,0.0022084709084730773,Sunday,Sunday 08:00,0.0007021847937993454
485,0.00033234075069677073,Sunday,Sunday 08:05,0.000723707008233521
490,0.0003656297049128571,Sunday,Sunday 08:10,0.0007433835355433285
495,0.0006368786815223651,Sunday,Sunday 08:15,0.0007628746409065288
500,0.0008767762544255768,Sunday,Sunday 08:20,0.0007839789372794154
505,0.000408977211809389,Sunday,Sunday 08:25,0.0008081404278859861
510,0.0014378453653448677,Sunday,Sunday 08:30,0.0008360352768859388
515,0.0007872856381660744,Sunday,Sunday 08:35,0.0008672092733331282
520,0.00034806653484085315,Sunday,Sunday 08:40,0.0009000734983039051
525,0.0010539707898044968,Sunday,Sunday 08:45,0.0009317960568331738
530,0.0010715308991161654,Sunday,Sunday 08:50,0.0009587865984978633
535,0.0004669753053696136,Sunday,Sunday 08:55,0.0009771821504241831
540,0.002419791931412495,Sunday,Sunday 09:00,0.000983735903517424
545,0.000907903775199196,Sunday,Sunday 09:05,0.0009764903555225597
550,0.0007293266223362799,Sunday,Sunday 09:10,0.0009555528364927811
555,0.0012777790951673917,Sunday,Sunday 09:15,0.0009231711829198877
560,0.0009399322409272975,Sunday,Sunday 09:20,0.0008835221400917654
565,0.0005833149089092699,Sunday,Sunday 09:25,0.0008418467003874006
570,0.0011325305903852993,Sunday,Sunday 09:30,0.0008034654567266125
575,0.00028706955914153384,Sunday,Sunday 09:35,0.0007724575727855395
580,0.00012064501064935623,Sunday,Sunday 09:40,0.0007509689555172144
585,0.0008499199404764616,Sunday,Sunday 09:45,0.0007386773959136071
590,0.0005797297103476587,Sunday,Sunday 09:50,0.0007331864366428449
595,0.0004324562165980778,Sunday,Sunday 09:55,0.0007307816932700316
600,0.0021010728497306568,Sunday,Sunday 10:00,0.0007276102050318123
605,0.00039262252278850934,Sunday,Sunday 10:05,0.0007207343544760152
610,0.000624363582039311,Sunday,Sunday 10:10,0.0007088838835882633
615,0.0006404984211312756,Sunday,Sunday 10:15,0.000692566379925986
620,0.0008969087594500446,Sunday,Sunday 10:20,0.000673778564761362
625,0.0001083416019187959,Sunday,Sunday 10:25,0.0006552570591706241
630,0.0011867210478520862,Sunday,Sunday 10:30,0.0006398519396234811
635,0.00022209675015497275,Sunday,Sunday 10:35,0.0006297402852164381
640,0.000514575194022562,Sunday,Sunday 10:40,0.0006260850282130932
645,0.000664512666742103,Sunday,Sunday 10:45,0.0006287815093882365
650,0.0003856880951475494,Sunday,Sunday 10:50,0.0006365092644507812
655,0.00023589251049800752,Sunday,Sunday 10:55,0.0006470272810261534
660,0.0015887619101435837,Sunday,Sunday 11:00,0.0006576658006461162
665,0.0004638927396009596,Sunday,Sunday 11:05,0.000665839212547229
670,0.0004587348369473369,Sunday,Sunday 11:10,0.0006696425034867725
675,0.0012437803387824009,Sunday,Sunday 11:15,0.0006681490340557845
680,0.0005759176592956445,Sunday,Sunday 11:20,0.0006615274518272631
685,0.0002516209267577634,Sunday,Sunday 11:25,0.0006508543573658943
690,0.0011624616551585995,Sunday,Sunday 11:30,0.0006378695781064409
695,0.0002779310302761778,Sunday,Sunday 11:35,0.0006244233504544188
700,0.0005775019105264995,Sunday,Sunday 11:40,0.0006122668376538842
705,0.0008953952012844312,Sunday,Sunday 11:45,0.0006025883920234848
710,0.00016559349968599095,Sunday,Sunday 11:50,0.0005960014986738831
715,0.00031411929372624576,Sunday,Sunday 11:55,0.0005924497272194806
720,0.00105592663210548,Sunday,Sunday 12:00,0.0005914237058107654
725,0.0006001809482979075,Sunday,Sunday 12:05,0.0005921318588787471
730,0.0003913741710574035,Sunday,Sunday 12:10,0.0005938502675586154
735,0.0007775652132447476,Sunday,Sunday 12:15,0.0005960668198757328
740,0.0006060442075058665,Sunday,Sunday 12:20,0.0005986310118208633
745,0.0003139265663864695,Sunday,Sunday 12:25,0.0006016614976019742
750,0.0009939179907721015,Sunday,Sunday 12:30,0.0006054526092734795
755,0.00034619536028220553,Sunday,Sunday 12:35,0.0006100639336164897
760,0.0006002359067863334,Sunday,Sunday 12:40,0.0006152213879938536
765,0.0007966940971803917,Sunday,Sunday 12:45,0.0006200413438585549
770,0.00030834831020974673,Sunday,Sunday 12:50,0.0006231572914423011
775,0.00025689562601255715,Sunday,Sunday 12:55,0.0006229532017308994
780,0.00164249657444295,Sunday,Sunday 13:00,0.0006180344391948795
785,0.0006038761741662235,Sunday,Sunday 13:05,0.0006076378198245774
790,0.0003821603905266019,Sunday,Sunday 13:10,0.0005920725686547519
795,0.0008325638909230892,Sunday,Sunday 13:15,0.0005727719775293742
800,0.00027427646778350833,Sunday,Sunday 13:20,0.0005520519692368648
805,0.00037011022160088824,Sunday,Sunday 13:25,0.0005326545029438115
810,0.0008800938273671453,Sunday,Sunday 13:30,0.000517114697044229
815,0.0002143503440481843,Sunday,Sunday 13:35,0.0005071076070464244
820,0.00028464447718419035,Sunday,Sunday 13:40,0.0005030857420921677
825,0.0002743747960588212,Sunday,Sunday 13:45,0.000504124334857851
830,0.0004749475864822278,Sunday,Sunday 13:50,0.0005082377497579689
835,0.0003184199349273718,Sunday,Sunday 13:55,0.0005129089866953193
840,0.0017647816625008834,Sunday,Sunday 14:00,0.0005157843219506867
845,0.00019383043383754055,Sunday,Sunday 14:05,0.0005151700524238665
850,0.00013799417468141805,Sunday,Sunday 14:10,0.0005104181432384848
855,0.0006250050725009317,Sunday,Sunday 14:15,0.0005018420319172818
860,0.0004532210092896015,Sunday,Sunday 14:20,0.0004905307336492877
865,0.0004270805681581115,Sunday,Sunday 14:25,0.00047801615032656126
870,0.0007095719229656188,Sunday,Sunday 14:30,0.00046598898222749733
875,0.0004613071512298066,Sunday,Sunday 14:35,0.00045601444470485066
880,0.0003573386170962248,Sunday,Sunday 14:40,0.0004494155297363385
885,0.00029317725467986605,Sunday,Sunday 14:45,0.00044702396755724993
890,0.00011019731655298107,Sunday,Sunday 14:50,0.0004490813636433343
895,0.0002121720046430144,Sunday,Sunday 14:55,0.0004552055385656593
900,0.0012463831569152139,Sunday,Sunday 15:00,0.00046446614216868467
905,0.00039320424860696967,Sunday,Sunday 15:05,0.00047557536776432854
910,0.00011236233607179614,Sunday,Sunday 15:10,0.0004872383791616301
915,0.0004978485310347078,Sunday,Sunday 15:15,0.0004983227280157098
920,0.000634516234467196,Sunday,Sunday 15:20,0.0005081314882547953
925,0.0005525435046245373,Sunday,Sunday 15:25,0.0005164281071005081
930,0.0010005998001126097,Sunday,Sunday 15:30,0.0005234281865972484
935,0.0001266260993653619,Sunday,Sunday 15:35,0.0005294865072044344
940,0.0002386408253628235,Sunday,Sunday 15:40,0.0005350060740639093
945,0.0010029738672693474,Sunday,Sunday 15:45,0.0005400592233010993
950,0.0002327327999795608,Sunday,Sunday 15:50,0.0005444359761694639
955,0.0001746358414825206,Sunday,Sunday 15:55,0.0005476720085723707
960,0.0013122032015951534,Sunday,Sunday 16:00,0.0005494300329511003
965,0.0005271096475645665,Sunday,Sunday 16:05,0.0005498226863457072
970,0.0004532065381785112,Sunday,Sunday 16:10,0.0005497745233870818
975,0.0007411642793712311,Sunday,Sunday 16:15,0.0005508763250449199
980,0.00029611403007905024,Sunday,Sunday 16:20,0.0005551862811463238
985,9.481031550854963e-05,Sunday,Sunday 16:25,0.000564656365836512
990,0.0009768546721122642,Sunday,Sunday 16:30,0.0005805513870552857
995,0.00036703441945482013,Sunday,Sunday 16:35,0.0006030877421376577
1000,0.00022048967773525397,Sunday,Sunday 16:40,0.0006315328450682881
1005,0.0009009673364955002,Sunday,Sunday 16:45,0.0006644242467154808
1010,0.0008147905504527558,Sunday,Sunday 16:50,0.0007003111438605219
1015,0.0005668474700707703,Sunday,Sunday 16:55,0.0007382170610691842
1020,0.001815547337769145,Sunday,Sunday 17:00,0.0007779002682157009
1025,8.081260049456649e-05,Sunday,Sunday 17:05,0.0008196281607240584
1030,0.0005630312053239846,Sunday,Sunday 17:10,0.0008639066490782357
1035,0.0005970636471508233,Sunday,Sunday 17:15,0.0009107270476124037
1040,0.001013816798880193,Sunday,Sunday 17:20,0.0009595391031005593
1045,0.0007944044129238361,Sunday,Sunday 17:25,0.0010093241179996485
1050,0.0023009153960820944,Sunday,Sunday 17:30,0.0010590153178157567
1055,0.0009713483238211032,Sunday,Sunday 17:35,0.001107977379897486
1060,0.0006138023645778071,Sunday,Sunday 17:40,0.001156338309234369
1065,0.0014279653137899849,Sunday,Sunday 17:45,0.0012046288600608803
1070,0.0007252068174713221,Sunday,Sunday 17:50,0.0012536163316663892
1075,0.0006995042721744532,Sunday,Sunday 17:55,0.0013037840867075098
1080,0.002858619663662503,Sunday,Sunday 18:00,0.0013550673789350445
1085,0.0012202494805582669,Sunday,Sunday 18:05,0.001406688438723833
1090,0.0009582622237388617,Sunday,Sunday 18:10,0.0014573521172002422
1095,0.0014795979542362675,Sunday,Sunday 18:15,0.0015051502787768144
1100,0.0015278664089901524,Sunday,Sunday 18:20,0.0015480220199390175
1105,0.0007957780903570833,Sunday,Sunday 18:25,0.0015839207604583599
1110,0.003737620375723593,Sunday,Sunday 18:30,0.001611202094381527
1115,0.0011710584709845318,Sunday,Sunday 18:35,0.0016287392487310233
1120,0.001278858794654211,Sunday,Sunday 18:40,0.0016361296465856922
1125,0.0022334228953256505,Sunday,Sunday 18:45,0.0016333409953359721
1130,0.0008388017862093646,Sunday,Sunday 18:50,0.001620605685358665
1135,0.0006274556042097615,Sunday,Sunday 18:55,0.0015981553569061186
1140,0.0037692202309126373,Sunday,Sunday 19:00,0.0015663694300591265
1145,0.001586463287636665,Sunday,Sunday 19:05,0.001525885408765218
1150,0.0011751103180362079,Sunday,Sunday 19:10,0.0014778834748724887
1155,0.0013155139203893302,Sunday,Sunday 19:15,0.0014240221415906893
1160,0.0008933261982835272,Sunday,Sunday 19:20,0.0013662220834829394
1165,0.00038934058945429913,Sunday,Sunday 19:25,0.0013062909213763995
1170,0.0033560181188683987,Sunday,Sunday 19:30,0.0012458121941705874
1175,0.0006895395356311001,Sunday,Sunday 19:35,0.0011858647891088397
1180,0.0005518344724412315,Sunday,Sunday 19:40,0.0011272275001101835
1185,0.00116283275341586,Sunday,Sunday 19:45,0.0010703744614157166
1190,0.000844107314782339,Sunday,Sunday 19:50,0.001015601764614781
1195,0.0007147661357079296,Sunday,Sunday 19:55,0.0009629425100586348
1200,0.001717796863465362,Sunday,Sunday 20:00,0.0009124679720947704
1205,0.0004834920114375344,Sunday,Sunday 20:05,0.0008641147190241276
1210,0.0006341088797992105,Sunday,Sunday 20:10,0.0008180505483454362
1215,0.001067873219163965,Sunday,Sunday 20:15,0.0007747040504868978
1220,0.0005329687725044526,Sunday,Sunday 20:20,0.000734679779248545
1225,0.00034172622311472384,Sunday,Sunday 20:25,0.0006986677745812627
1230,0.0011500689785520735,Sunday,Sunday 20:30,0.0006673748337038628
1235,0.00026173359775172875,Sunday,Sunday 20:35,0.0006410060483932919
1240,0.0007836777094952455,Sunday,Sunday 20:40,0.0006192895188255163
1245,0.0004967987591682575,Sunday,Sunday 20:45,0.0006012192099236958
1250,0.00028608819510324534,Sunday,Sunday 20:50,0.0005852193843405676
1255,0.00033528697260141343,Sunday,Sunday 20:55,0.0005692953775887228
1260,0.0012838498555029039,Sunday,Sunday 21:00,0.000551661017918709
1265,0.0004641365088602452,Sunday,Sunday 21:05,0.0005309751270621185
1270,0.0007451996853379854,Sunday,Sunday 21:10,0.0005070146958039208
1275,0.00047834989217503387,Sunday,Sunday 21:15,0.00048074184321690084
1280,0.0001644490060065563,Sunday,Sunday 21:20,0.0004541923024234837
1285,0.00023151723922797222,Sunday,Sunday 21:25,0.00042995664141380613
1290,0.0007157449544786296,Sunday,Sunday 21:30,0.0004105434351208816
1295,0.0003013214081642989,Sunday,Sunday 21:35,0.00039756323664972925
1300,0.00015248122056609189,Sunday,Sunday 21:40,0.0003912845558412273
1305,2.41170402153504e-05,Sunday,Sunday 21:45,0.00039042699254361005
1310,0.0001551934860522797,Sunday,Sunday 21:50,0.00039239865829475336
1315,0.00036641805770636847,Sunday,Sunday 21:55,0.00039397570249571375
1320,0.0017279922807881545,Sunday,Sunday 22:00,0.0003921851754764905
1325,0.00021799517818800216,Sunday,Sunday 22:05,0.0003849513619091367
1330,0.00019598519785254156,Sunday,Sunday 22:10,0.00037155608143514074
1335,0.00026374110379454783,Sunday,Sunday 22:15,0.0003524970863546352
1340,8.503161098416216e-05,Sunday,Sunday 22:20,0.00032908141529130807
1345,0.00012330619089265292,Sunday,Sunday 22:25,0.000302891972239918
1350,0.0009944856506093546,Sunday,Sunday 22:30,0.00027542561866735903
1355,2.7450488809328632e-05,Sunday,Sunday 22:35,0.00024783373967909167
1360,0.00010966641470667001,Sunday,Sunday 22:40,0.0002210264647472917
1365,0.0002450259786219513,Sunday,Sunday 22:45,0.00019569113966157832
1370,2.159476997742905e-05,Sunday,Sunday 22:50,0.00017234911624313835
1375,5.089363556493692e-05,Sunday,Sunday 22:55,0.00015133584451116448
1380,0.00022017393508755008,Sunday,Sunday 23:00,0.0001327867727373724
1385,0.0001380861969028787,Sunday,Sunday 23:05,0.00011659048674945161
1390,9.187086596845582e-05,Sunday,Sunday 23:10,0.00010249731771458353
1395,6.478843714331107e-05,Sunday,Sunday 23:15,9.021395275228166e-05
1400,0.0,Sunday,Sunday 23:20,7.951653598934719e-05
1405,0.00013371353933843314,Sunday,Sunday 23:25,7.029276388972685e-05
1410,7.799520815987908e-05,Sunday,Sunday 23:30,6.260343297378903e-05
1415,3.1453999066184984e-05,Sunday,Sunday 23:35,5.648066716067635e-05
1420,0.0,Sunday,Sunday 23:40,5.1949307815175516e-05
1425,3.0263815332651557e-05,Sunday,Sunday 23:45,4.889135168086296e-05
1430,0.0,Sunday,Sunday 23:50,4.698122270730574e-05
1435,0.0,Sunday,Sunday 23:55,4.570528288140258e-05
