minute_of_day,probability,day_of_week,time_label,prob_smoothed
0,3.852470057130563e-05,Monday,Monday 00:00,1.764373041549963e-05
5,6.257613139023888e-05,Monday,Monday 00:05,1.766184016053857e-05
10,1.3904839493493978e-05,Monday,Monday 00:10,1.7325545489271714e-05
15,1.6473329768008347e-05,Monday,Monday 00:15,1.66023163797991e-05
20,1.8533256552157367e-05,Monday,Monday 00:20,1.5562469346015257e-05
25,0.0,Monday,Monday 00:25,1.433234634940585e-05
30,0.0,Monday,Monday 00:30,1.3054354534082407e-05
35,0.0,Monday,Monday 00:35,1.1836424121796922e-05
40,4.624359121851601e-05,Monday,Monday 00:40,1.0753683751483972e-05
45,0.0,Monday,Monday 00:45,9.845323090003375e-06
50,0.0,Monday,Monday 00:50,9.132658819300806e-06
55,6.370199890209924e-06,Monday,Monday 00:55,8.634269139875143e-06
60,1.6743522882590567e-05,Monday,Monday 01:00,8.362663567581038e-06
65,0.0,Monday,Monday 01:05,8.316105150935681e-06
70,0.0,Monday,Monday 01:10,8.467053933090614e-06
75,0.0,Monday,Monday 01:15,8.749467175028667e-06
80,0.0,Monday,Monday 01:20,9.073573432888924e-06
85,2.8372147066626345e-05,Monday,Monday 01:25,9.344462455040564e-06
90,3.022811497480138e-05,Monday,Monday 01:30,9.490929979669562e-06
95,1.544936483164055e-05,Monday,Monday 01:35,9.488196275647334e-06
100,0.0,Monday,Monday 01:40,9.366484733884725e-06
105,0.0,Monday,Monday 01:45,9.197313251645663e-06
110,0.0,Monday,Monday 01:50,9.081069246831681e-06
115,0.0,Monday,Monday 01:55,9.117408058240788e-06
120,3.851407900306548e-05,Monday,Monday 02:00,9.382870006746396e-06
125,0.0,Monday,Monday 02:05,9.914805066054573e-06
130,0.0,Monday,Monday 02:10,1.0715590545740986e-05
135,0.0,Monday,Monday 02:15,1.1741305872372923e-05
140,0.0,Monday,Monday 02:20,1.2933838677908388e-05
145,0.0,Monday,Monday 02:25,1.4233450313665074e-05
150,9.365751709868684e-05,Monday,Monday 02:30,1.5607427365822267e-05
155,0.0,Monday,Monday 02:35,1.7059593588217533e-05
160,0.0,Monday,Monday 02:40,1.865180326406348e-05
165,7.929641844515492e-06,Monday,Monday 02:45,2.0418324331117725e-05
170,0.0,Monday,Monday 02:50,2.2419486846021417e-05
175,0.0,Monday,Monday 02:55,2.468877030732695e-05
180,0.00010469618656144609,Monday,Monday 03:00,2.7252387776317922e-05
185,7.84958714062102e-06,Monday,Monday 03:05,3.016420530519581e-05
190,0.0,Monday,Monday 03:10,3.359379544434952e-05
195,4.826821770801464e-05,Monday,Monday 03:15,3.780536795040095e-05
200,6.169032106584297e-05,Monday,Monday 03:20,4.3249350290792736e-05
205,0.0,Monday,Monday 03:25,5.046715152843852e-05
210,0.0001060425445533187,Monday,Monday 03:30,5.996692843586783e-05
215,0.0,Monday,Monday 03:35,7.205999235406838e-05
220,3.9029963384665427e-05,Monday,Monday 03:40,8.67283462756683e-05
225,0.0,Monday,Monday 03:45,0.00010343074513068657
230,5.6896564142150816e-06,Monday,Monday 03:50,0.00012127591116412846
235,2.595292125896496e-05,Monday,Monday 03:55,0.0001391577493718197
240,0.0008188322103270848,Monday,Monday 04:00,0.00015605114802468652
245,5.8562983833222436e-05,Monday,Monday 04:05,0.0001712642837782555
250,6.930252257650215e-05,Monday,Monday 04:10,0.0001846742542173039
255,0.00011985977112060218,Monday,Monday 04:15,0.00019657952942441287
260,0.00017465019357948213,Monday,Monday 04:20,0.00020775631732509057
265,4.624052935885942e-05,Monday,Monday 04:25,0.00021918038319879743
270,0.000780108724360468,Monday,Monday 04:30,0.0002318544629052056
275,0.0,Monday,Monday 04:35,0.0002466285195329468
280,9.504873189944215e-05,Monday,Monday 04:40,0.0002641799370384088
285,0.00027302088685845057,Monday,Monday 04:45,0.0002846202538974628
290,8.365135146769149e-05,Monday,Monday 04:50,0.0003078747519854627
295,2.5237777457374042e-05,Monday,Monday 04:55,0.00033361327722163553
300,0.0013120196101088462,Monday,Monday 05:00,0.00036147876466504096
305,0.00018224971127303778,Monday,Monday 05:05,0.0003913583921762081
310,0.0001933657194939002,Monday,Monday 05:10,0.0004236050818240785
315,0.00033929197984933684,Monday,Monday 05:15,0.00045880272082638785
320,0.000377344462939739,Monday,Monday 05:20,0.0004980066014508419
325,7.159245400254396e-05,Monday,Monday 05:25,0.0005423413292046388
330,0.0017603462375179017,Monday,Monday 05:30,0.0005927310822021683
335,0.00018703185972414386,Monday,Monday 05:35,0.00064947548926874
340,0.00039056995822601113,Monday,Monday 05:40,0.0007120569059512404
345,0.0005258409406851501,Monday,Monday 05:45,0.0007784807104210975
350,0.0003589796623207689,Monday,Monday 05:50,0.000845902335290495
355,0.00020624440570959159,Monday,Monday 05:55,0.0009109048968140429
360,0.0038906881087430157,Monday,Monday 06:00,0.0009704117613690913
365,0.0004275056106739523,Monday,Monday 06:05,0.0010224097822173269
370,0.0006611662347716939,Monday,Monday 06:10,0.001066546377450027
375,0.0011188983436314916,Monday,Monday 06:15,0.0011038105448010326
380,0.00041359680318233316,Monday,Monday 06:20,0.001136196831187319
385,0.0005280002024509689,Monday,Monday 06:25,0.001165868175254071
390,0.0036993821539293343,Monday,Monday 06:30,0.0011944988867365425
395,0.0003995902111602279,Monday,Monday 06:35,0.0012225998405845243
400,0.0006794869116223641,Monday,Monday 06:40,0.0012493727971837957
405,0.0012170847073740445,Monday,Monday 06:45,0.0012723171944330298
410,0.0005703127947649124,Monday,Monday 06:50,0.0012879696004731544
415,0.00038600379168054956,Monday,Monday 06:55,0.0012925366870086296
420,0.005364702654033971,Monday,Monday 07:00,0.0012831945509561844
425,0.0005456585233971446,Monday,Monday 07:05,0.0012590265103988529
430,0.0005425865248284727,Monday,Monday 07:10,0.001221751991263502
435,0.000981129317287638,Monday,Monday 07:15,0.0011753066821241253
440,0.0008854922643813235,Monday,Monday 07:20,0.0011250289193225794
445,0.00027940855029984316,Monday,Monday 07:25,0.0010762513303662054
450,0.0025634925769134026,Monday,Monday 07:30,0.001033330125536538
455,0.0006259357424038734,Monday,Monday 07:35,0.000998477035768205
460,0.0004414113164148407,Monday,Monday 07:40,0.0009717903023647113
465,0.0006776809462555442,Monday,Monday 07:45,0.0009511922677534849
470,0.00043697429549216505,Monday,Monday 07:50,0.0009331438202253029
475,0.00024131028846076838,Monday,Monday 07:55,0.0009135456778034067
480,0.0038470218192747,Monday,Monday 08:00,0.0008890036984862237
485,0.0002818632963014029,Monday,Monday 08:05,0.000857455324351032
490,0.00035431682100188494,Monday,Monday 08:10,0.0008189371676399119
495,0.0007016193869635431,Monday,Monday 08:15,0.0007752364631905696
500,0.00039649174335221047,Monday,Monday 08:20,0.0007292241662654674
505,0.00023988615815215912,Monday,Monday 08:25,0.0006838764460789953
510,0.0016464347470276721,Monday,Monday 08:30,0.0006417751022802042
515,0.0003037103717985991,Monday,Monday 08:35,0.0006041817394035509
520,0.00044026865305012917,Monday,Monday 08:40,0.00057147545351733
525,0.0004040316604353767,Monday,Monday 08:45,0.0005430781618893789
530,0.00016463488132681338,Monday,Monday 08:50,0.0005179842395788793
535,0.00013840429147427772,Monday,Monday 08:55,0.0004950706238198818
540,0.001801203334618928,Monday,Monday 09:00,0.00047363793810617104
545,0.0002565816266169817,Monday,Monday 09:05,0.000453500497578391
550,0.00011986299912995657,Monday,Monday 09:10,0.0004352485985309828
555,0.00022427097379485117,Monday,Monday 09:15,0.0004199916823059586
560,0.00019681646369040708,Monday,Monday 09:20,0.00040906297427709815
565,0.00016319511739571867,Monday,Monday 09:25,0.000403503402928592
570,0.0010732434521852753,Monday,Monday 09:30,0.00040391313610339667
575,0.0001837771777377735,Monday,Monday 09:35,0.00040982674656986427
580,0.00017645567264033406,Monday,Monday 09:40,0.00042000985305746017
585,0.0002819960142435264,Monday,Monday 09:45,0.0004323494656128909
590,0.00035579402513889903,Monday,Monday 09:50,0.00044430654486905704
595,8.333840424791087e-05,Monday,Monday 09:55,0.00045334270441658975
600,0.0019521818449832942,Monday,Monday 10:00,0.0004576045520556939
605,0.00022713583181992826,Monday,Monday 10:05,0.00045627896078980867
610,0.00011488442430297675,Monday,Monday 10:10,0.00044999637865651606
615,0.000533014184538669,Monday,Monday 10:15,0.0004405386066428155
620,0.0002795477914629944,Monday,Monday 10:20,0.00043050292170241137
625,0.00016494398003698006,Monday,Monday 10:25,0.0004225767391464209
630,0.0008497753904424671,Monday,Monday 10:30,0.0004190050477284052
635,9.17607795006134e-05,Monday,Monday 10:35,0.00042099451027988074
640,0.00035235599610807173,Monday,Monday 10:40,0.0004287380358388947
645,0.0003020031725075075,Monday,Monday 10:45,0.00044127645998355455
650,0.0003516678248578945,Monday,Monday 10:50,0.00045708923808434644
655,0.00014428844489085672,Monday,Monday 10:55,0.00047445953319842643
660,0.0016770303939223983,Monday,Monday 11:00,0.0004920251624893278
665,0.000246470073681735,Monday,Monday 11:05,0.0005090719142549676
670,0.00031427559696664087,Monday,Monday 11:10,0.0005256961729804387
675,0.00036499369765194737,Monday,Monday 11:15,0.0005425393994847667
680,0.00038948960244310286,Monday,Monday 11:20,0.0005605191557702496
685,0.0003010855930014782,Monday,Monday 11:25,0.0005803432505193653
690,0.001562597414054273,Monday,Monday 11:30,0.0006022662272505152
695,0.0002902155737107521,Monday,Monday 11:35,0.0006256477736997209
700,0.00041754940617211804,Monday,Monday 11:40,0.0006490244739979446
705,0.0005692322273356113,Monday,Monday 11:45,0.0006700502816396173
710,0.00040160582278556784,Monday,Monday 11:50,0.000685951001090618
715,0.0003160325071424158,Monday,Monday 11:55,0.0006940697031614085
720,0.0028168975619944723,Monday,Monday 12:00,0.0006926966233801103
725,0.00037174389921106066,Monday,Monday 12:05,0.0006815836828450541
730,0.0003142768745662348,Monday,Monday 12:10,0.0006622414631438517
735,0.0005812608239610887,Monday,Monday 12:15,0.0006375577731424718
740,0.00019806446786134788,Monday,Monday 12:20,0.000611140734699665
745,0.00035479276477461624,Monday,Monday 12:25,0.0005863922969702713
750,0.0012529273193206867,Monday,Monday 12:30,0.000565881723558317
755,0.0003541187566088799,Monday,Monday 12:35,0.000550773191681303
760,0.0002851176675882486,Monday,Monday 12:40,0.0005408944198470472
765,0.0004324848770892024,Monday,Monday 12:45,0.0005348186639887243
770,0.00036567853476086415,Monday,Monday 12:50,0.0005303397404074584
775,0.00020321878211559981,Monday,Monday 12:55,0.0005249479602206656
780,0.0016017510572350745,Monday,Monday 13:00,0.0005165009120763168
785,0.0004240352814427908,Monday,Monday 13:05,0.0005036331509512428
790,0.0005944624730167285,Monday,Monday 13:10,0.0004861753671973403
795,0.00020717043207554376,Monday,Monday 13:15,0.0004650721374442845
800,0.00026175605812254907,Monday,Monday 13:20,0.00044209954215657847
805,0.00037904373483286407,Monday,Monday 13:25,0.0004193108309518033
810,0.0007426341524644697,Monday,Monday 13:30,0.0003986495038035913
815,0.00016522331614093492,Monday,Monday 13:35,0.000381300570404389
820,0.000204083547697729,Monday,Monday 13:40,0.0003677765975374281
825,0.00029854672918133544,Monday,Monday 13:45,0.0003577869767098187
830,0.0002882194431242692,Monday,Monday 13:50,0.00035056913491067336
835,0.00022555933548266534,Monday,Monday 13:55,0.00034519189294573684
840,0.0009337027834335971,Monday,Monday 14:00,0.00034094639577087735
845,0.00016705237092993051,Monday,Monday 14:05,0.0003375397741724391
850,0.00021881990331734237,Monday,Monday 14:10,0.0003352941984606522
855,0.00032362502326508476,Monday,Monday 14:15,0.0003349478600413795
860,0.0001488929722443162,Monday,Monday 14:20,0.0003375124051649376
865,0.00023480108389341224,Monday,Monday 14:25,0.00034386791078649194
870,0.0006791480957645366,Monday,Monday 14:30,0.00035456797296932405
875,0.00017920209634575778,Monday,Monday 14:35,0.00036948856944797923
880,0.0002210955256046036,Monday,Monday 14:40,0.00038794863101182205
885,0.000369757632400091,Monday,Monday 14:45,0.0004085810125482605
890,0.0004105384670317478,Monday,Monday 14:50,0.00042987061070401205
895,0.00012291418325233123,Monday,Monday 14:55,0.00045045334939876065
900,0.0014973525276707194,Monday,Monday 15:00,0.000469603104686937
905,0.0003279960927237401,Monday,Monday 15:05,0.00048748280971955423
910,0.0003486225651026324,Monday,Monday 15:10,0.0005052466040342122
915,0.00042521601594449276,Monday,Monday 15:15,0.0005245968632970143
920,0.00023911069618447853,Monday,Monday 15:20,0.0005474385612950131
925,0.0001929134033186293,Monday,Monday 15:25,0.0005752322267037459
930,0.0013145109515056038,Monday,Monday 15:30,0.0006086164559960171
935,0.0003645966195438602,Monday,Monday 15:35,0.0006471417547443945
940,0.0006678922648563075,Monday,Monday 15:40,0.0006894710810010985
945,0.0006349835345023474,Monday,Monday 15:45,0.0007332593241322739
950,0.0005137145258647353,Monday,Monday 15:50,0.0007759874999463561
955,0.000389339104693363,Monday,Monday 15:55,0.0008153258106215475
960,0.002510100276026235,Monday,Monday 16:00,0.0008498196370522768
965,0.0005689179530383429,Monday,Monday 16:05,0.0008793316980794893
970,0.0007559316986632226,Monday,Monday 16:10,0.0009053954060069639
975,0.000795016074761102,Monday,Monday 16:15,0.0009307643707272009
980,0.0006799678320016992,Monday,Monday 16:20,0.0009590997103208331
985,0.000567867930805382,Monday,Monday 16:25,0.0009939183071384955
990,0.00204133020175812,Monday,Monday 16:30,0.001037745292521003
995,0.0004558289643897042,Monday,Monday 16:35,0.001091136741883984
1000,0.0007378882542371342,Monday,Monday 16:40,0.0011523761589879512
1005,0.0010714735009979396,Monday,Monday 16:45,0.0012172373652550182
1010,0.0008152429886143775,Monday,Monday 16:50,0.0012800598823817164
1015,0.0007771834634518912,Monday,Monday 16:55,0.0013348901855658644
1020,0.004839624828145608,Monday,Monday 17:00,0.0013770779096053658
1025,0.0008142519077690901,Monday,Monday 17:05,0.0014043788218329584
1030,0.0009459708255424377,Monday,Monday 17:10,0.0014175047815587042
1035,0.0010531430673328224,Monday,Monday 17:15,0.001419454627824469
1040,0.0010972128202606376,Monday,Monday 17:20,0.0014145513987877337
1045,0.0006982750703377768,Monday,Monday 17:25,0.0014069884557545431
1050,0.0033806692987874884,Monday,Monday 17:30,0.0013999157956405325
1055,0.0007731957491637372,Monday,Monday 17:35,0.0013945972604047833
1060,0.0010172673465523986,Monday,Monday 17:40,0.0013905124731085148
1065,0.0011321790567989196,Monday,Monday 17:45,0.0013853824671075927
1070,0.0009189922185070275,Monday,Monday 17:50,0.0013759578652208242
1075,0.0009073074653642089,Monday,Monday 17:55,0.00135879128630307
1080,0.0041297682139159655,Monday,Monday 18:00,0.0013313587321782043
1085,0.0007779567445746408,Monday,Monday 18:05,0.00129277916806518
1090,0.000847060433471778,Monday,Monday 18:10,0.0012443572246897596
1095,0.0011184403237782287,Monday,Monday 18:15,0.0011892667047077368
1100,0.0007689043745640749,Monday,Monday 18:20,0.0011317694192672673
1105,0.0005988397108928776,Monday,Monday 18:25,0.0010760997342516318
1110,0.00210075997056823,Monday,Monday 18:30,0.0010257105876651192
1115,0.00048765962614218345,Monday,Monday 18:35,0.0009822470350172511
1120,0.0007645984736195895,Monday,Monday 18:40,0.0009456939824909232
1125,0.000618938083164615,Monday,Monday 18:45,0.00091442325763724
1130,0.0006850612495496011,Monday,Monday 18:50,0.0008857651962599698
1135,0.00057634808623752,Monday,Monday 18:55,0.0008566771313049189
1140,0.0024035343034034345,Monday,Monday 19:00,0.0008246927452921567
1145,0.0005376387645248649,Monday,Monday 19:05,0.0007882641565295424
1150,0.0005136625525423902,Monday,Monday 19:10,0.0007472838654357131
1155,0.0005697742509886886,Monday,Monday 19:15,0.000702808525952581
1160,0.0004638632101130534,Monday,Monday 19:20,0.0006566629978421996
1165,0.0005334917984143494,Monday,Monday 19:25,0.0006108339535246779
1170,0.000885437570337874,Monday,Monday 19:30,0.0005672269032253669
1175,0.000445424442071181,Monday,Monday 19:35,0.0005271188001376595
1180,0.00046959801334893296,Monday,Monday 19:40,0.0004914163286954522
1185,0.0004406087790358758,Monday,Monday 19:45,0.00046053366012637766
1190,0.00015606678993687446,Monday,Monday 19:50,0.0004344449881674826
1195,0.0001915066648569336,Monday,Monday 19:55,0.00041266842835274427
1200,0.0006524736200901025,Monday,Monday 20:00,0.0003943976650732323
1205,0.00036793739921389305,Monday,Monday 20:05,0.00037851227185983636
1210,0.0004038249991450397,Monday,Monday 20:10,0.00036395821046291945
1215,0.0004515876090987376,Monday,Monday 20:15,0.0003499146444661156
1220,0.0002829812932886342,Monday,Monday 20:20,0.0003359911072572064
1225,0.00011933950533338534,Monday,Monday 20:25,0.00032219750675220214
1230,0.000627735369286807,Monday,Monday 20:30,0.00030891864401766216
1235,8.454948166966832e-05,Monday,Monday 20:35,0.00029649254402294034
1240,0.00026118737316839773,Monday,Monday 20:40,0.00028515133938847146
1245,0.00028077238741229,Monday,Monday 20:45,0.0002747970531548189
1250,0.00018695729163160365,Monday,Monday 20:50,0.000265006224603247
1255,8.5594420887465e-05,Monday,Monday 20:55,0.00025516067730703754
1260,0.000720078132991234,Monday,Monday 21:00,0.0002446682943942322
1265,0.0001503919968481842,Monday,Monday 21:05,0.00023314570633871685
1270,0.0001358628245488684,Monday,Monday 21:10,0.0002205871878921756
1275,0.0003008996833691223,Monday,Monday 21:15,0.00020735307693867743
1280,8.613284088226304e-05,Monday,Monday 21:20,0.00019403952247350854
1285,9.39447184943934e-05,Monday,Monday 21:25,0.0001813002950655774
1290,0.00025074240129782774,Monday,Monday 21:30,0.00016966940240984433
1295,0.00013324072226277643,Monday,Monday 21:35,0.00015940028499221995
1300,0.00013329054977522325,Monday,Monday 21:40,0.00015046052698969352
1305,0.00012320903220653753,Monday,Monday 21:45,0.00014255649457438506
1310,0.0001305258812442128,Monday,Monday 21:50,0.00013523467635866582
1315,2.969496518142061e-05,Monday,Monday 21:55,0.00012798914991900046
1320,0.0003206761466976409,Monday,Monday 22:00,0.00012041264271473094
1325,0.00013068831393217337,Monday,Monday 22:05,0.00011222642489534897
1330,2.561924010744278e-05,Monday,Monday 22:10,0.000103381563490939
1335,9.638306208642816e-05,Monday,Monday 22:15,9.40300672979347e-05
1340,8.847979885947829e-05,Monday,Monday 22:20,8.449030345966076e-05
1345,7.965336524338726e-05,Monday,Monday 22:25,7.516726059632671e-05
1350,8.010938569251639e-05,Monday,Monday 22:30,6.650810395100748e-05
1355,3.915017609912149e-05,Monday,Monday 22:35,5.8858955933266096e-05
1360,0.0,Monday,Monday 22:40,5.2449449018976025e-05
1365,3.131027394633938e-05,Monday,Monday 22:45,4.734636679221871e-05
1370,1.992996287710422e-05,Monday,Monday 22:50,4.343076965755236e-05
1375,1.48714607838761e-05,Monday,Monday 22:55,4.045140971971388e-05
1380,0.0001244432514894258,Monday,Monday 23:00,3.8087977856990364e-05
1385,4.481540573997019e-06,Monday,Monday 23:05,3.601423531344611e-05
1390,4.5701182540749906e-05,Monday,Monday 23:10,3.397779027167222e-05
1395,3.642652532464906e-05,Monday,Monday 23:15,3.183628440041446e-05
1400,1.3416865946045147e-05,Monday,Monday 23:20,2.9570240491555103e-05
1405,1.3128522606058177e-05,Monday,Monday 23:25,2.725144706016213e-05
1410,6.787855703903234e-05,Monday,Monday 23:30,2.503072468711623e-05
1415,1.037019139745719e-05,Monday,Monday 23:35,2.30622144478744e-05
1420,7.375433491261392e-06,Monday,Monday 23:40,2.1470331791550986e-05
1425,4.323228578168195e-06,Monday,Monday 23:45,2.0312982331324907e-05
1430,0.0,Monday,Monday 23:50,1.955466475143927e-05
1435,0.0,Monday,Monday 23:55,1.907320900798063e-05
0,3.852470057130563e-05,Tuesday,Tuesday 00:00,1.869369506595911e-05
5,6.257613139023888e-05,Tuesday,Tuesday 00:05,1.8238982957413406e-05
10,1.3904839493493978e-05,Tuesday,Tuesday 00:10,1.75796292394823e-05
15,1.6473329768008347e-05,Tuesday,Tuesday 00:15,1.6668760395987797e-05
20,1.8533256552157367e-05,Tuesday,Tuesday 00:20,1.554012533416002e-05
25,0.0,Tuesday,Tuesday 00:25,1.4282402948560028e-05
30,0.0,Tuesday,Tuesday 00:30,1.3006566539794563e-05
35,0.0,Tuesday,Tuesday 00:35,1.1801448335733045e-05
40,4.624359121851601e-05,Tuesday,Tuesday 00:40,1.0731914921652055e-05
45,0.0,Tuesday,Tuesday 00:45,9.832826319600342e-06
50,0.0,Tuesday,Tuesday 00:50,9.126417358905233e-06
55,6.370199890209924e-06,Tuesday,Tuesday 00:55,8.630519789252849e-06
60,1.6743522882590567e-05,Tuesday,Tuesday 01:00,8.360992587533098e-06
65,0.0,Tuesday,Tuesday 01:05,8.315377254089437e-06
70,0.0,Tuesday,Tuesday 01:10,8.467053933090614e-06
75,0.0,Tuesday,Tuesday 01:15,8.749467175028667e-06
80,0.0,Tuesday,Tuesday 01:20,9.073573432888924e-06
85,2.8372147066626345e-05,Tuesday,Tuesday 01:25,9.344462455040564e-06
90,3.022811497480138e-05,Tuesday,Tuesday 01:30,9.490929979669562e-06
95,1.544936483164055e-05,Tuesday,Tuesday 01:35,9.488196275647334e-06
100,0.0,Tuesday,Tuesday 01:40,9.366484733884725e-06
105,0.0,Tuesday,Tuesday 01:45,9.197313251645663e-06
110,0.0,Tuesday,Tuesday 01:50,9.081069246831681e-06
115,0.0,Tuesday,Tuesday 01:55,9.117408058240788e-06
120,3.851407900306548e-05,Tuesday,Tuesday 02:00,9.382870006746396e-06
125,0.0,Tuesday,Tuesday 02:05,9.914805066054573e-06
130,0.0,Tuesday,Tuesday 02:10,1.0715590545740986e-05
135,0.0,Tuesday,Tuesday 02:15,1.1741305872372923e-05
140,0.0,Tuesday,Tuesday 02:20,1.2933838677908388e-05
145,0.0,Tuesday,Tuesday 02:25,1.4233450313665074e-05
150,9.365751709868684e-05,Tuesday,Tuesday 02:30,1.5607427365822267e-05
155,0.0,Tuesday,Tuesday 02:35,1.7059593588217533e-05
160,0.0,Tuesday,Tuesday 02:40,1.865180326406348e-05
165,7.929641844515492e-06,Tuesday,Tuesday 02:45,2.0418324331117725e-05
170,0.0,Tuesday,Tuesday 02:50,2.2419486846021417e-05
175,0.0,Tuesday,Tuesday 02:55,2.468877030732695e-05
180,0.00010469618656144609,Tuesday,Tuesday 03:00,2.7252387776317922e-05
185,7.84958714062102e-06,Tuesday,Tuesday 03:05,3.016420530519581e-05
190,0.0,Tuesday,Tuesday 03:10,3.359379544434952e-05
195,4.826821770801464e-05,Tuesday,Tuesday 03:15,3.780536795040095e-05
200,6.169032106584297e-05,Tuesday,Tuesday 03:20,4.3249350290792736e-05
205,0.0,Tuesday,Tuesday 03:25,5.046715152843852e-05
210,0.0001060425445533187,Tuesday,Tuesday 03:30,5.996692843586783e-05
215,0.0,Tuesday,Tuesday 03:35,7.205999235406838e-05
220,3.9029963384665427e-05,Tuesday,Tuesday 03:40,8.67283462756683e-05
225,0.0,Tuesday,Tuesday 03:45,0.00010343074513068657
230,5.6896564142150816e-06,Tuesday,Tuesday 03:50,0.00012127591116412846
235,2.595292125896496e-05,Tuesday,Tuesday 03:55,0.0001391577493718197
240,0.0008188322103270848,Tuesday,Tuesday 04:00,0.00015605114802468652
245,5.8562983833222436e-05,Tuesday,Tuesday 04:05,0.0001712642837782555
250,6.930252257650215e-05,Tuesday,Tuesday 04:10,0.0001846742542173039
255,0.00011985977112060218,Tuesday,Tuesday 04:15,0.00019657952942441287
260,0.00017465019357948213,Tuesday,Tuesday 04:20,0.00020775631732509057
265,4.624052935885942e-05,Tuesday,Tuesday 04:25,0.00021918038319879743
270,0.000780108724360468,Tuesday,Tuesday 04:30,0.0002318544629052056
275,0.0,Tuesday,Tuesday 04:35,0.0002466285195329468
280,9.504873189944215e-05,Tuesday,Tuesday 04:40,0.0002641799370384088
285,0.00027302088685845057,Tuesday,Tuesday 04:45,0.0002846202538974628
290,8.365135146769149e-05,Tuesday,Tuesday 04:50,0.0003078747519854627
295,2.5237777457374042e-05,Tuesday,Tuesday 04:55,0.00033361327722163553
300,0.0013120196101088462,Tuesday,Tuesday 05:00,0.00036147876466504096
305,0.00018224971127303778,Tuesday,Tuesday 05:05,0.0003913583921762081
310,0.0001933657194939002,Tuesday,Tuesday 05:10,0.0004236050818240785
315,0.00033929197984933684,Tuesday,Tuesday 05:15,0.00045880272082638785
320,0.000377344462939739,Tuesday,Tuesday 05:20,0.0004980066014508419
325,7.159245400254396e-05,Tuesday,Tuesday 05:25,0.0005423413292046388
330,0.0017603462375179017,Tuesday,Tuesday 05:30,0.0005927310822021683
335,0.00018703185972414386,Tuesday,Tuesday 05:35,0.00064947548926874
340,0.00039056995822601113,Tuesday,Tuesday 05:40,0.0007120569059512404
345,0.0005258409406851501,Tuesday,Tuesday 05:45,0.0007784807104210975
350,0.0003589796623207689,Tuesday,Tuesday 05:50,0.000845902335290495
355,0.00020624440570959159,Tuesday,Tuesday 05:55,0.0009109048968140429
360,0.0038906881087430157,Tuesday,Tuesday 06:00,0.0009704117613690913
365,0.0004275056106739523,Tuesday,Tuesday 06:05,0.0010224097822173269
370,0.0006611662347716939,Tuesday,Tuesday 06:10,0.001066546377450027
375,0.0011188983436314916,Tuesday,Tuesday 06:15,0.0011038105448010326
380,0.00041359680318233316,Tuesday,Tuesday 06:20,0.001136196831187319
385,0.0005280002024509689,Tuesday,Tuesday 06:25,0.001165868175254071
390,0.0036993821539293343,Tuesday,Tuesday 06:30,0.0011944988867365425
395,0.0003995902111602279,Tuesday,Tuesday 06:35,0.0012225998405845243
400,0.0006794869116223641,Tuesday,Tuesday 06:40,0.0012493727971837957
405,0.0012170847073740445,Tuesday,Tuesday 06:45,0.0012723171944330298
410,0.0005703127947649124,Tuesday,Tuesday 06:50,0.0012879696004731544
415,0.00038600379168054956,Tuesday,Tuesday 06:55,0.0012925366870086296
420,0.005364702654033971,Tuesday,Tuesday 07:00,0.0012831945509561844
425,0.0005456585233971446,Tuesday,Tuesday 07:05,0.0012590265103988529
430,0.0005425865248284727,Tuesday,Tuesday 07:10,0.001221751991263502
435,0.000981129317287638,Tuesday,Tuesday 07:15,0.0011753066821241253
440,0.0008854922643813235,Tuesday,Tuesday 07:20,0.0011250289193225794
445,0.00027940855029984316,Tuesday,Tuesday 07:25,0.0010762513303662054
450,0.0025634925769134026,Tuesday,Tuesday 07:30,0.001033330125536538
455,0.0006259357424038734,Tuesday,Tuesday 07:35,0.000998477035768205
460,0.0004414113164148407,Tuesday,Tuesday 07:40,0.0009717903023647113
465,0.0006776809462555442,Tuesday,Tuesday 07:45,0.0009511922677534849
470,0.00043697429549216505,Tuesday,Tuesday 07:50,0.0009331438202253029
475,0.00024131028846076838,Tuesday,Tuesday 07:55,0.0009135456778034067
480,0.0038470218192747,Tuesday,Tuesday 08:00,0.0008890036984862237
485,0.0002818632963014029,Tuesday,Tuesday 08:05,0.000857455324351032
490,0.00035431682100188494,Tuesday,Tuesday 08:10,0.0008189371676399119
495,0.0007016193869635431,Tuesday,Tuesday 08:15,0.0007752364631905696
500,0.00039649174335221047,Tuesday,Tuesday 08:20,0.0007292241662654674
505,0.00023988615815215912,Tuesday,Tuesday 08:25,0.0006838764460789953
510,0.0016464347470276721,Tuesday,Tuesday 08:30,0.0006417751022802042
515,0.0003037103717985991,Tuesday,Tuesday 08:35,0.0006041817394035509
520,0.00044026865305012917,Tuesday,Tuesday 08:40,0.00057147545351733
525,0.0004040316604353767,Tuesday,Tuesday 08:45,0.0005430781618893789
530,0.00016463488132681338,Tuesday,Tuesday 08:50,0.0005179842395788793
535,0.00013840429147427772,Tuesday,Tuesday 08:55,0.0004950706238198818
540,0.001801203334618928,Tuesday,Tuesday 09:00,0.00047363793810617104
545,0.0002565816266169817,Tuesday,Tuesday 09:05,0.000453500497578391
550,0.00011986299912995657,Tuesday,Tuesday 09:10,0.0004352485985309828
555,0.00022427097379485117,Tuesday,Tuesday 09:15,0.0004199916823059586
560,0.00019681646369040708,Tuesday,Tuesday 09:20,0.00040906297427709815
565,0.00016319511739571867,Tuesday,Tuesday 09:25,0.000403503402928592
570,0.0010732434521852753,Tuesday,Tuesday 09:30,0.00040391313610339667
575,0.0001837771777377735,Tuesday,Tuesday 09:35,0.00040982674656986427
580,0.00017645567264033406,Tuesday,Tuesday 09:40,0.00042000985305746017
585,0.0002819960142435264,Tuesday,Tuesday 09:45,0.0004323494656128909
590,0.00035579402513889903,Tuesday,Tuesday 09:50,0.00044430654486905704
595,8.333840424791087e-05,Tuesday,Tuesday 09:55,0.00045334270441658975
600,0.0019521818449832942,Tuesday,Tuesday 10:00,0.0004576045520556939
605,0.00022713583181992826,Tuesday,Tuesday 10:05,0.00045627896078980867
610,0.00011488442430297675,Tuesday,Tuesday 10:10,0.00044999637865651606
615,0.000533014184538669,Tuesday,Tuesday 10:15,0.0004405386066428155
620,0.0002795477914629944,Tuesday,Tuesday 10:20,0.00043050292170241137
625,0.00016494398003698006,Tuesday,Tuesday 10:25,0.0004225767391464209
630,0.0008497753904424671,Tuesday,Tuesday 10:30,0.0004190050477284052
635,9.17607795006134e-05,Tuesday,Tuesday 10:35,0.00042099451027988074
640,0.00035235599610807173,Tuesday,Tuesday 10:40,0.0004287380358388947
645,0.0003020031725075075,Tuesday,Tuesday 10:45,0.00044127645998355455
650,0.0003516678248578945,Tuesday,Tuesday 10:50,0.00045708923808434644
655,0.00014428844489085672,Tuesday,Tuesday 10:55,0.00047445953319842643
660,0.0016770303939223983,Tuesday,Tuesday 11:00,0.0004920251624893278
665,0.000246470073681735,Tuesday,Tuesday 11:05,0.0005090719142549676
670,0.00031427559696664087,Tuesday,Tuesday 11:10,0.0005256961729804387
675,0.00036499369765194737,Tuesday,Tuesday 11:15,0.0005425393994847667
680,0.00038948960244310286,Tuesday,Tuesday 11:20,0.0005605191557702496
685,0.0003010855930014782,Tuesday,Tuesday 11:25,0.0005803432505193653
690,0.001562597414054273,Tuesday,Tuesday 11:30,0.0006022662272505152
695,0.0002902155737107521,Tuesday,Tuesday 11:35,0.0006256477736997209
700,0.00041754940617211804,Tuesday,Tuesday 11:40,0.0006490244739979446
705,0.0005692322273356113,Tuesday,Tuesday 11:45,0.0006700502816396173
710,0.00040160582278556784,Tuesday,Tuesday 11:50,0.000685951001090618
715,0.0003160325071424158,Tuesday,Tuesday 11:55,0.0006940697031614085
720,0.0028168975619944723,Tuesday,Tuesday 12:00,0.0006926966233801103
725,0.00037174389921106066,Tuesday,Tuesday 12:05,0.0006815836828450541
730,0.0003142768745662348,Tuesday,Tuesday 12:10,0.0006622414631438517
735,0.0005812608239610887,Tuesday,Tuesday 12:15,0.0006375577731424718
740,0.00019806446786134788,Tuesday,Tuesday 12:20,0.000611140734699665
745,0.00035479276477461624,Tuesday,Tuesday 12:25,0.0005863922969702713
750,0.0012529273193206867,Tuesday,Tuesday 12:30,0.000565881723558317
755,0.0003541187566088799,Tuesday,Tuesday 12:35,0.000550773191681303
760,0.0002851176675882486,Tuesday,Tuesday 12:40,0.0005408944198470472
765,0.0004324848770892024,Tuesday,Tuesday 12:45,0.0005348186639887243
770,0.00036567853476086415,Tuesday,Tuesday 12:50,0.0005303397404074584
775,0.00020321878211559981,Tuesday,Tuesday 12:55,0.0005249479602206656
780,0.0016017510572350745,Tuesday,Tuesday 13:00,0.0005165009120763168
785,0.0004240352814427908,Tuesday,Tuesday 13:05,0.0005036331509512428
790,0.0005944624730167285,Tuesday,Tuesday 13:10,0.0004861753671973403
795,0.00020717043207554376,Tuesday,Tuesday 13:15,0.0004650721374442845
800,0.00026175605812254907,Tuesday,Tuesday 13:20,0.00044209954215657847
805,0.00037904373483286407,Tuesday,Tuesday 13:25,0.0004193108309518033
810,0.0007426341524644697,Tuesday,Tuesday 13:30,0.0003986495038035913
815,0.00016522331614093492,Tuesday,Tuesday 13:35,0.000381300570404389
820,0.000204083547697729,Tuesday,Tuesday 13:40,0.0003677765975374281
825,0.00029854672918133544,Tuesday,Tuesday 13:45,0.0003577869767098187
830,0.0002882194431242692,Tuesday,Tuesday 13:50,0.00035056913491067336
835,0.00022555933548266534,Tuesday,Tuesday 13:55,0.00034519189294573684
840,0.0009337027834335971,Tuesday,Tuesday 14:00,0.00034094639577087735
845,0.00016705237092993051,Tuesday,Tuesday 14:05,0.0003375397741724391
850,0.00021881990331734237,Tuesday,Tuesday 14:10,0.0003352941984606522
855,0.00032362502326508476,Tuesday,Tuesday 14:15,0.0003349478600413795
860,0.0001488929722443162,Tuesday,Tuesday 14:20,0.0003375124051649376
865,0.00023480108389341224,Tuesday,Tuesday 14:25,0.00034386791078649194
870,0.0006791480957645366,Tuesday,Tuesday 14:30,0.00035456797296932405
875,0.00017920209634575778,Tuesday,Tuesday 14:35,0.00036948856944797923
880,0.0002210955256046036,Tuesday,Tuesday 14:40,0.00038794863101182205
885,0.000369757632400091,Tuesday,Tuesday 14:45,0.0004085810125482605
890,0.0004105384670317478,Tuesday,Tuesday 14:50,0.00042987061070401205
895,0.00012291418325233123,Tuesday,Tuesday 14:55,0.00045045334939876065
900,0.0014973525276707194,Tuesday,Tuesday 15:00,0.000469603104686937
905,0.0003279960927237401,Tuesday,Tuesday 15:05,0.00048748280971955423
910,0.0003486225651026324,Tuesday,Tuesday 15:10,0.0005052466040342122
915,0.00042521601594449276,Tuesday,Tuesday 15:15,0.0005245968632970143
920,0.00023911069618447853,Tuesday,Tuesday 15:20,0.0005474385612950131
925,0.0001929134033186293,Tuesday,Tuesday 15:25,0.0005752322267037459
930,0.0013145109515056038,Tuesday,Tuesday 15:30,0.0006086164559960171
935,0.0003645966195438602,Tuesday,Tuesday 15:35,0.0006471417547443945
940,0.0006678922648563075,Tuesday,Tuesday 15:40,0.0006894710810010985
945,0.0006349835345023474,Tuesday,Tuesday 15:45,0.0007332593241322739
950,0.0005137145258647353,Tuesday,Tuesday 15:50,0.0007759874999463561
955,0.000389339104693363,Tuesday,Tuesday 15:55,0.0008153258106215475
960,0.002510100276026235,Tuesday,Tuesday 16:00,0.0008498196370522768
965,0.0005689179530383429,Tuesday,Tuesday 16:05,0.0008793316980794893
970,0.0007559316986632226,Tuesday,Tuesday 16:10,0.0009053954060069639
975,0.000795016074761102,Tuesday,Tuesday 16:15,0.0009307643707272009
980,0.0006799678320016992,Tuesday,Tuesday 16:20,0.0009590997103208331
985,0.000567867930805382,Tuesday,Tuesday 16:25,0.0009939183071384955
990,0.00204133020175812,Tuesday,Tuesday 16:30,0.001037745292521003
995,0.0004558289643897042,Tuesday,Tuesday 16:35,0.001091136741883984
1000,0.0007378882542371342,Tuesday,Tuesday 16:40,0.0011523761589879512
1005,0.0010714735009979396,Tuesday,Tuesday 16:45,0.0012172373652550182
1010,0.0008152429886143775,Tuesday,Tuesday 16:50,0.0012800598823817164
1015,0.0007771834634518912,Tuesday,Tuesday 16:55,0.0013348901855658644
1020,0.004839624828145608,Tuesday,Tuesday 17:00,0.0013770779096053658
1025,0.0008142519077690901,Tuesday,Tuesday 17:05,0.0014043788218329584
1030,0.0009459708255424377,Tuesday,Tuesday 17:10,0.0014175047815587042
1035,0.0010531430673328224,Tuesday,Tuesday 17:15,0.001419454627824469
1040,0.0010972128202606376,Tuesday,Tuesday 17:20,0.0014145513987877337
1045,0.0006982750703377768,Tuesday,Tuesday 17:25,0.0014069884557545431
1050,0.0033806692987874884,Tuesday,Tuesday 17:30,0.0013999157956405325
1055,0.0007731957491637372,Tuesday,Tuesday 17:35,0.0013945972604047833
1060,0.0010172673465523986,Tuesday,Tuesday 17:40,0.0013905124731085148
1065,0.0011321790567989196,Tuesday,Tuesday 17:45,0.0013853824671075927
1070,0.0009189922185070275,Tuesday,Tuesday 17:50,0.0013759578652208242
1075,0.0009073074653642089,Tuesday,Tuesday 17:55,0.00135879128630307
1080,0.0041297682139159655,Tuesday,Tuesday 18:00,0.0013313587321782043
1085,0.0007779567445746408,Tuesday,Tuesday 18:05,0.00129277916806518
1090,0.000847060433471778,Tuesday,Tuesday 18:10,0.0012443572246897596
1095,0.0011184403237782287,Tuesday,Tuesday 18:15,0.0011892667047077368
1100,0.0007689043745640749,Tuesday,Tuesday 18:20,0.0011317694192672673
1105,0.0005988397108928776,Tuesday,Tuesday 18:25,0.0010760997342516318
1110,0.00210075997056823,Tuesday,Tuesday 18:30,0.0010257105876651192
1115,0.00048765962614218345,Tuesday,Tuesday 18:35,0.0009822470350172511
1120,0.0007645984736195895,Tuesday,Tuesday 18:40,0.0009456939824909232
1125,0.000618938083164615,Tuesday,Tuesday 18:45,0.00091442325763724
1130,0.0006850612495496011,Tuesday,Tuesday 18:50,0.0008857651962599698
1135,0.00057634808623752,Tuesday,Tuesday 18:55,0.0008566771313049189
1140,0.0024035343034034345,Tuesday,Tuesday 19:00,0.0008246927452921567
1145,0.0005376387645248649,Tuesday,Tuesday 19:05,0.0007882641565295424
1150,0.0005136625525423902,Tuesday,Tuesday 19:10,0.0007472838654357131
1155,0.0005697742509886886,Tuesday,Tuesday 19:15,0.000702808525952581
1160,0.0004638632101130534,Tuesday,Tuesday 19:20,0.0006566629978421996
1165,0.0005334917984143494,Tuesday,Tuesday 19:25,0.0006108339535246779
1170,0.000885437570337874,Tuesday,Tuesday 19:30,0.0005672269032253669
1175,0.000445424442071181,Tuesday,Tuesday 19:35,0.0005271188001376595
1180,0.00046959801334893296,Tuesday,Tuesday 19:40,0.0004914163286954522
1185,0.0004406087790358758,Tuesday,Tuesday 19:45,0.00046053366012637766
1190,0.00015606678993687446,Tuesday,Tuesday 19:50,0.0004344449881674826
1195,0.0001915066648569336,Tuesday,Tuesday 19:55,0.00041266842835274427
1200,0.0006524736200901025,Tuesday,Tuesday 20:00,0.0003943976650732323
1205,0.00036793739921389305,Tuesday,Tuesday 20:05,0.00037851227185983636
1210,0.0004038249991450397,Tuesday,Tuesday 20:10,0.00036395821046291945
1215,0.0004515876090987376,Tuesday,Tuesday 20:15,0.0003499146444661156
1220,0.0002829812932886342,Tuesday,Tuesday 20:20,0.0003359911072572064
1225,0.00011933950533338534,Tuesday,Tuesday 20:25,0.00032219750675220214
1230,0.000627735369286807,Tuesday,Tuesday 20:30,0.00030891864401766216
1235,8.454948166966832e-05,Tuesday,Tuesday 20:35,0.00029649254402294034
1240,0.00026118737316839773,Tuesday,Tuesday 20:40,0.00028515133938847146
1245,0.00028077238741229,Tuesday,Tuesday 20:45,0.0002747970531548189
1250,0.00018695729163160365,Tuesday,Tuesday 20:50,0.000265006224603247
1255,8.5594420887465e-05,Tuesday,Tuesday 20:55,0.00025516067730703754
1260,0.000720078132991234,Tuesday,Tuesday 21:00,0.0002446682943942322
1265,0.0001503919968481842,Tuesday,Tuesday 21:05,0.00023314570633871685
1270,0.0001358628245488684,Tuesday,Tuesday 21:10,0.0002205871878921756
1275,0.0003008996833691223,Tuesday,Tuesday 21:15,0.00020735307693867743
1280,8.613284088226304e-05,Tuesday,Tuesday 21:20,0.00019403952247350854
1285,9.39447184943934e-05,Tuesday,Tuesday 21:25,0.0001813002950655774
1290,0.00025074240129782774,Tuesday,Tuesday 21:30,0.00016966940240984433
1295,0.00013324072226277643,Tuesday,Tuesday 21:35,0.00015940028499221995
1300,0.00013329054977522325,Tuesday,Tuesday 21:40,0.00015046052698969352
1305,0.00012320903220653753,Tuesday,Tuesday 21:45,0.00014255649457438506
1310,0.0001305258812442128,Tuesday,Tuesday 21:50,0.00013523467635866582
1315,2.969496518142061e-05,Tuesday,Tuesday 21:55,0.00012798914991900046
1320,0.0003206761466976409,Tuesday,Tuesday 22:00,0.00012041264271473094
1325,0.00013068831393217337,Tuesday,Tuesday 22:05,0.00011222642489534897
1330,2.561924010744278e-05,Tuesday,Tuesday 22:10,0.000103381563490939
1335,9.638306208642816e-05,Tuesday,Tuesday 22:15,9.40300672979347e-05
1340,8.847979885947829e-05,Tuesday,Tuesday 22:20,8.449030345966076e-05
1345,7.965336524338726e-05,Tuesday,Tuesday 22:25,7.516726059632671e-05
1350,8.010938569251639e-05,Tuesday,Tuesday 22:30,6.650810395100748e-05
1355,3.915017609912149e-05,Tuesday,Tuesday 22:35,5.8858955933266096e-05
1360,0.0,Tuesday,Tuesday 22:40,5.2449449018976025e-05
1365,3.131027394633938e-05,Tuesday,Tuesday 22:45,4.734636679221871e-05
1370,1.992996287710422e-05,Tuesday,Tuesday 22:50,4.343076965755236e-05
1375,1.48714607838761e-05,Tuesday,Tuesday 22:55,4.045140971971388e-05
1380,0.0001244432514894258,Tuesday,Tuesday 23:00,3.8087977856990364e-05
1385,4.481540573997019e-06,Tuesday,Tuesday 23:05,3.601423531344611e-05
1390,4.5701182540749906e-05,Tuesday,Tuesday 23:10,3.397779027167222e-05
1395,3.642652532464906e-05,Tuesday,Tuesday 23:15,3.183628440041446e-05
1400,1.3416865946045147e-05,Tuesday,Tuesday 23:20,2.9570240491555103e-05
1405,1.3128522606058177e-05,Tuesday,Tuesday 23:25,2.725144706016213e-05
1410,6.787855703903234e-05,Tuesday,Tuesday 23:30,2.503072468711623e-05
1415,1.037019139745719e-05,Tuesday,Tuesday 23:35,2.30622144478744e-05
1420,7.375433491261392e-06,Tuesday,Tuesday 23:40,2.1470331791550986e-05
1425,4.323228578168195e-06,Tuesday,Tuesday 23:45,2.0312982331324907e-05
1430,0.0,Tuesday,Tuesday 23:50,1.955466475143927e-05
1435,0.0,Tuesday,Tuesday 23:55,1.907320900798063e-05
0,3.852470057130563e-05,Wednesday,Wednesday 00:00,1.869369506595911e-05
5,6.257613139023888e-05,Wednesday,Wednesday 00:05,1.8238982957413406e-05
10,1.3904839493493978e-05,Wednesday,Wednesday 00:10,1.75796292394823e-05
15,1.6473329768008347e-05,Wednesday,Wednesday 00:15,1.6668760395987797e-05
20,1.8533256552157367e-05,Wednesday,Wednesday 00:20,1.554012533416002e-05
25,0.0,Wednesday,Wednesday 00:25,1.4282402948560028e-05
30,0.0,Wednesday,Wednesday 00:30,1.3006566539794563e-05
35,0.0,Wednesday,Wednesday 00:35,1.1801448335733045e-05
40,4.624359121851601e-05,Wednesday,Wednesday 00:40,1.0731914921652055e-05
45,0.0,Wednesday,Wednesday 00:45,9.832826319600342e-06
50,0.0,Wednesday,Wednesday 00:50,9.126417358905233e-06
55,6.370199890209924e-06,Wednesday,Wednesday 00:55,8.630519789252849e-06
60,1.6743522882590567e-05,Wednesday,Wednesday 01:00,8.360992587533098e-06
65,0.0,Wednesday,Wednesday 01:05,8.315377254089437e-06
70,0.0,Wednesday,Wednesday 01:10,8.467053933090614e-06
75,0.0,Wednesday,Wednesday 01:15,8.749467175028667e-06
80,0.0,Wednesday,Wednesday 01:20,9.073573432888924e-06
85,2.8372147066626345e-05,Wednesday,Wednesday 01:25,9.344462455040564e-06
90,3.022811497480138e-05,Wednesday,Wednesday 01:30,9.490929979669562e-06
95,1.544936483164055e-05,Wednesday,Wednesday 01:35,9.488196275647334e-06
100,0.0,Wednesday,Wednesday 01:40,9.366484733884725e-06
105,0.0,Wednesday,Wednesday 01:45,9.197313251645663e-06
110,0.0,Wednesday,Wednesday 01:50,9.081069246831681e-06
115,0.0,Wednesday,Wednesday 01:55,9.117408058240788e-06
120,3.851407900306548e-05,Wednesday,Wednesday 02:00,9.382870006746396e-06
125,0.0,Wednesday,Wednesday 02:05,9.914805066054573e-06
130,0.0,Wednesday,Wednesday 02:10,1.0715590545740986e-05
135,0.0,Wednesday,Wednesday 02:15,1.1741305872372923e-05
140,0.0,Wednesday,Wednesday 02:20,1.2933838677908388e-05
145,0.0,Wednesday,Wednesday 02:25,1.4233450313665074e-05
150,9.365751709868684e-05,Wednesday,Wednesday 02:30,1.5607427365822267e-05
155,0.0,Wednesday,Wednesday 02:35,1.7059593588217533e-05
160,0.0,Wednesday,Wednesday 02:40,1.865180326406348e-05
165,7.929641844515492e-06,Wednesday,Wednesday 02:45,2.0418324331117725e-05
170,0.0,Wednesday,Wednesday 02:50,2.2419486846021417e-05
175,0.0,Wednesday,Wednesday 02:55,2.468877030732695e-05
180,0.00010469618656144609,Wednesday,Wednesday 03:00,2.7252387776317922e-05
185,7.84958714062102e-06,Wednesday,Wednesday 03:05,3.016420530519581e-05
190,0.0,Wednesday,Wednesday 03:10,3.359379544434952e-05
195,4.826821770801464e-05,Wednesday,Wednesday 03:15,3.780536795040095e-05
200,6.169032106584297e-05,Wednesday,Wednesday 03:20,4.3249350290792736e-05
205,0.0,Wednesday,Wednesday 03:25,5.046715152843852e-05
210,0.0001060425445533187,Wednesday,Wednesday 03:30,5.996692843586783e-05
215,0.0,Wednesday,Wednesday 03:35,7.205999235406838e-05
220,3.9029963384665427e-05,Wednesday,Wednesday 03:40,8.67283462756683e-05
225,0.0,Wednesday,Wednesday 03:45,0.00010343074513068657
230,5.6896564142150816e-06,Wednesday,Wednesday 03:50,0.00012127591116412846
235,2.595292125896496e-05,Wednesday,Wednesday 03:55,0.0001391577493718197
240,0.0008188322103270848,Wednesday,Wednesday 04:00,0.00015605114802468652
245,5.8562983833222436e-05,Wednesday,Wednesday 04:05,0.0001712642837782555
250,6.930252257650215e-05,Wednesday,Wednesday 04:10,0.0001846742542173039
255,0.00011985977112060218,Wednesday,Wednesday 04:15,0.00019657952942441287
260,0.00017465019357948213,Wednesday,Wednesday 04:20,0.00020775631732509057
265,4.624052935885942e-05,Wednesday,Wednesday 04:25,0.00021918038319879743
270,0.000780108724360468,Wednesday,Wednesday 04:30,0.0002318544629052056
275,0.0,Wednesday,Wednesday 04:35,0.0002466285195329468
280,9.504873189944215e-05,Wednesday,Wednesday 04:40,0.0002641799370384088
285,0.00027302088685845057,Wednesday,Wednesday 04:45,0.0002846202538974628
290,8.365135146769149e-05,Wednesday,Wednesday 04:50,0.0003078747519854627
295,2.5237777457374042e-05,Wednesday,Wednesday 04:55,0.00033361327722163553
300,0.0013120196101088462,Wednesday,Wednesday 05:00,0.00036147876466504096
305,0.00018224971127303778,Wednesday,Wednesday 05:05,0.0003913583921762081
310,0.0001933657194939002,Wednesday,Wednesday 05:10,0.0004236050818240785
315,0.00033929197984933684,Wednesday,Wednesday 05:15,0.00045880272082638785
320,0.000377344462939739,Wednesday,Wednesday 05:20,0.0004980066014508419
325,7.159245400254396e-05,Wednesday,Wednesday 05:25,0.0005423413292046388
330,0.0017603462375179017,Wednesday,Wednesday 05:30,0.0005927310822021683
335,0.00018703185972414386,Wednesday,Wednesday 05:35,0.00064947548926874
340,0.00039056995822601113,Wednesday,Wednesday 05:40,0.0007120569059512404
345,0.0005258409406851501,Wednesday,Wednesday 05:45,0.0007784807104210975
350,0.0003589796623207689,Wednesday,Wednesday 05:50,0.000845902335290495
355,0.00020624440570959159,Wednesday,Wednesday 05:55,0.0009109048968140429
360,0.0038906881087430157,Wednesday,Wednesday 06:00,0.0009704117613690913
365,0.0004275056106739523,Wednesday,Wednesday 06:05,0.0010224097822173269
370,0.0006611662347716939,Wednesday,Wednesday 06:10,0.001066546377450027
375,0.0011188983436314916,Wednesday,Wednesday 06:15,0.0011038105448010326
380,0.00041359680318233316,Wednesday,Wednesday 06:20,0.001136196831187319
385,0.0005280002024509689,Wednesday,Wednesday 06:25,0.001165868175254071
390,0.0036993821539293343,Wednesday,Wednesday 06:30,0.0011944988867365425
395,0.0003995902111602279,Wednesday,Wednesday 06:35,0.0012225998405845243
400,0.0006794869116223641,Wednesday,Wednesday 06:40,0.0012493727971837957
405,0.0012170847073740445,Wednesday,Wednesday 06:45,0.0012723171944330298
410,0.0005703127947649124,Wednesday,Wednesday 06:50,0.0012879696004731544
415,0.00038600379168054956,Wednesday,Wednesday 06:55,0.0012925366870086296
420,0.005364702654033971,Wednesday,Wednesday 07:00,0.0012831945509561844
425,0.0005456585233971446,Wednesday,Wednesday 07:05,0.0012590265103988529
430,0.0005425865248284727,Wednesday,Wednesday 07:10,0.001221751991263502
435,0.000981129317287638,Wednesday,Wednesday 07:15,0.0011753066821241253
440,0.0008854922643813235,Wednesday,Wednesday 07:20,0.0011250289193225794
445,0.00027940855029984316,Wednesday,Wednesday 07:25,0.0010762513303662054
450,0.0025634925769134026,Wednesday,Wednesday 07:30,0.001033330125536538
455,0.0006259357424038734,Wednesday,Wednesday 07:35,0.000998477035768205
460,0.0004414113164148407,Wednesday,Wednesday 07:40,0.0009717903023647113
465,0.0006776809462555442,Wednesday,Wednesday 07:45,0.0009511922677534849
470,0.00043697429549216505,Wednesday,Wednesday 07:50,0.0009331438202253029
475,0.00024131028846076838,Wednesday,Wednesday 07:55,0.0009135456778034067
480,0.0038470218192747,Wednesday,Wednesday 08:00,0.0008890036984862237
485,0.0002818632963014029,Wednesday,Wednesday 08:05,0.000857455324351032
490,0.00035431682100188494,Wednesday,Wednesday 08:10,0.0008189371676399119
495,0.0007016193869635431,Wednesday,Wednesday 08:15,0.0007752364631905696
500,0.00039649174335221047,Wednesday,Wednesday 08:20,0.0007292241662654674
505,0.00023988615815215912,Wednesday,Wednesday 08:25,0.0006838764460789953
510,0.0016464347470276721,Wednesday,Wednesday 08:30,0.0006417751022802042
515,0.0003037103717985991,Wednesday,Wednesday 08:35,0.0006041817394035509
520,0.00044026865305012917,Wednesday,Wednesday 08:40,0.00057147545351733
525,0.0004040316604353767,Wednesday,Wednesday 08:45,0.0005430781618893789
530,0.00016463488132681338,Wednesday,Wednesday 08:50,0.0005179842395788793
535,0.00013840429147427772,Wednesday,Wednesday 08:55,0.0004950706238198818
540,0.001801203334618928,Wednesday,Wednesday 09:00,0.00047363793810617104
545,0.0002565816266169817,Wednesday,Wednesday 09:05,0.000453500497578391
550,0.00011986299912995657,Wednesday,Wednesday 09:10,0.0004352485985309828
555,0.00022427097379485117,Wednesday,Wednesday 09:15,0.0004199916823059586
560,0.00019681646369040708,Wednesday,Wednesday 09:20,0.00040906297427709815
565,0.00016319511739571867,Wednesday,Wednesday 09:25,0.000403503402928592
570,0.0010732434521852753,Wednesday,Wednesday 09:30,0.00040391313610339667
575,0.0001837771777377735,Wednesday,Wednesday 09:35,0.00040982674656986427
580,0.00017645567264033406,Wednesday,Wednesday 09:40,0.00042000985305746017
585,0.0002819960142435264,Wednesday,Wednesday 09:45,0.0004323494656128909
590,0.00035579402513889903,Wednesday,Wednesday 09:50,0.00044430654486905704
595,8.333840424791087e-05,Wednesday,Wednesday 09:55,0.00045334270441658975
600,0.0019521818449832942,Wednesday,Wednesday 10:00,0.0004576045520556939
605,0.00022713583181992826,Wednesday,Wednesday 10:05,0.00045627896078980867
610,0.00011488442430297675,Wednesday,Wednesday 10:10,0.00044999637865651606
615,0.000533014184538669,Wednesday,Wednesday 10:15,0.0004405386066428155
620,0.0002795477914629944,Wednesday,Wednesday 10:20,0.00043050292170241137
625,0.00016494398003698006,Wednesday,Wednesday 10:25,0.0004225767391464209
630,0.0008497753904424671,Wednesday,Wednesday 10:30,0.0004190050477284052
635,9.17607795006134e-05,Wednesday,Wednesday 10:35,0.00042099451027988074
640,0.00035235599610807173,Wednesday,Wednesday 10:40,0.0004287380358388947
645,0.0003020031725075075,Wednesday,Wednesday 10:45,0.00044127645998355455
650,0.0003516678248578945,Wednesday,Wednesday 10:50,0.00045708923808434644
655,0.00014428844489085672,Wednesday,Wednesday 10:55,0.00047445953319842643
660,0.0016770303939223983,Wednesday,Wednesday 11:00,0.0004920251624893278
665,0.000246470073681735,Wednesday,Wednesday 11:05,0.0005090719142549676
670,0.00031427559696664087,Wednesday,Wednesday 11:10,0.0005256961729804387
675,0.00036499369765194737,Wednesday,Wednesday 11:15,0.0005425393994847667
680,0.00038948960244310286,Wednesday,Wednesday 11:20,0.0005605191557702496
685,0.0003010855930014782,Wednesday,Wednesday 11:25,0.0005803432505193653
690,0.001562597414054273,Wednesday,Wednesday 11:30,0.0006022662272505152
695,0.0002902155737107521,Wednesday,Wednesday 11:35,0.0006256477736997209
700,0.00041754940617211804,Wednesday,Wednesday 11:40,0.0006490244739979446
705,0.0005692322273356113,Wednesday,Wednesday 11:45,0.0006700502816396173
710,0.00040160582278556784,Wednesday,Wednesday 11:50,0.000685951001090618
715,0.0003160325071424158,Wednesday,Wednesday 11:55,0.0006940697031614085
720,0.0028168975619944723,Wednesday,Wednesday 12:00,0.0006926966233801103
725,0.00037174389921106066,Wednesday,Wednesday 12:05,0.0006815836828450541
730,0.0003142768745662348,Wednesday,Wednesday 12:10,0.0006622414631438517
735,0.0005812608239610887,Wednesday,Wednesday 12:15,0.0006375577731424718
740,0.00019806446786134788,Wednesday,Wednesday 12:20,0.000611140734699665
745,0.00035479276477461624,Wednesday,Wednesday 12:25,0.0005863922969702713
750,0.0012529273193206867,Wednesday,Wednesday 12:30,0.000565881723558317
755,0.0003541187566088799,Wednesday,Wednesday 12:35,0.000550773191681303
760,0.0002851176675882486,Wednesday,Wednesday 12:40,0.0005408944198470472
765,0.0004324848770892024,Wednesday,Wednesday 12:45,0.0005348186639887243
770,0.00036567853476086415,Wednesday,Wednesday 12:50,0.0005303397404074584
775,0.00020321878211559981,Wednesday,Wednesday 12:55,0.0005249479602206656
780,0.0016017510572350745,Wednesday,Wednesday 13:00,0.0005165009120763168
785,0.0004240352814427908,Wednesday,Wednesday 13:05,0.0005036331509512428
790,0.0005944624730167285,Wednesday,Wednesday 13:10,0.0004861753671973403
795,0.00020717043207554376,Wednesday,Wednesday 13:15,0.0004650721374442845
800,0.00026175605812254907,Wednesday,Wednesday 13:20,0.00044209954215657847
805,0.00037904373483286407,Wednesday,Wednesday 13:25,0.0004193108309518033
810,0.0007426341524644697,Wednesday,Wednesday 13:30,0.0003986495038035913
815,0.00016522331614093492,Wednesday,Wednesday 13:35,0.000381300570404389
820,0.000204083547697729,Wednesday,Wednesday 13:40,0.0003677765975374281
825,0.00029854672918133544,Wednesday,Wednesday 13:45,0.0003577869767098187
830,0.0002882194431242692,Wednesday,Wednesday 13:50,0.00035056913491067336
835,0.00022555933548266534,Wednesday,Wednesday 13:55,0.00034519189294573684
840,0.0009337027834335971,Wednesday,Wednesday 14:00,0.00034094639577087735
845,0.00016705237092993051,Wednesday,Wednesday 14:05,0.0003375397741724391
850,0.00021881990331734237,Wednesday,Wednesday 14:10,0.0003352941984606522
855,0.00032362502326508476,Wednesday,Wednesday 14:15,0.0003349478600413795
860,0.0001488929722443162,Wednesday,Wednesday 14:20,0.0003375124051649376
865,0.00023480108389341224,Wednesday,Wednesday 14:25,0.00034386791078649194
870,0.0006791480957645366,Wednesday,Wednesday 14:30,0.00035456797296932405
875,0.00017920209634575778,Wednesday,Wednesday 14:35,0.00036948856944797923
880,0.0002210955256046036,Wednesday,Wednesday 14:40,0.00038794863101182205
885,0.000369757632400091,Wednesday,Wednesday 14:45,0.0004085810125482605
890,0.0004105384670317478,Wednesday,Wednesday 14:50,0.00042987061070401205
895,0.00012291418325233123,Wednesday,Wednesday 14:55,0.00045045334939876065
900,0.0014973525276707194,Wednesday,Wednesday 15:00,0.000469603104686937
905,0.0003279960927237401,Wednesday,Wednesday 15:05,0.00048748280971955423
910,0.0003486225651026324,Wednesday,Wednesday 15:10,0.0005052466040342122
915,0.00042521601594449276,Wednesday,Wednesday 15:15,0.0005245968632970143
920,0.00023911069618447853,Wednesday,Wednesday 15:20,0.0005474385612950131
925,0.0001929134033186293,Wednesday,Wednesday 15:25,0.0005752322267037459
930,0.0013145109515056038,Wednesday,Wednesday 15:30,0.0006086164559960171
935,0.0003645966195438602,Wednesday,Wednesday 15:35,0.0006471417547443945
940,0.0006678922648563075,Wednesday,Wednesday 15:40,0.0006894710810010985
945,0.0006349835345023474,Wednesday,Wednesday 15:45,0.0007332593241322739
950,0.0005137145258647353,Wednesday,Wednesday 15:50,0.0007759874999463561
955,0.000389339104693363,Wednesday,Wednesday 15:55,0.0008153258106215475
960,0.002510100276026235,Wednesday,Wednesday 16:00,0.0008498196370522768
965,0.0005689179530383429,Wednesday,Wednesday 16:05,0.0008793316980794893
970,0.0007559316986632226,Wednesday,Wednesday 16:10,0.0009053954060069639
975,0.000795016074761102,Wednesday,Wednesday 16:15,0.0009307643707272009
980,0.0006799678320016992,Wednesday,Wednesday 16:20,0.0009590997103208331
985,0.000567867930805382,Wednesday,Wednesday 16:25,0.0009939183071384955
990,0.00204133020175812,Wednesday,Wednesday 16:30,0.001037745292521003
995,0.0004558289643897042,Wednesday,Wednesday 16:35,0.001091136741883984
1000,0.0007378882542371342,Wednesday,Wednesday 16:40,0.0011523761589879512
1005,0.0010714735009979396,Wednesday,Wednesday 16:45,0.0012172373652550182
1010,0.0008152429886143775,Wednesday,Wednesday 16:50,0.0012800598823817164
1015,0.0007771834634518912,Wednesday,Wednesday 16:55,0.0013348901855658644
1020,0.004839624828145608,Wednesday,Wednesday 17:00,0.0013770779096053658
1025,0.0008142519077690901,Wednesday,Wednesday 17:05,0.0014043788218329584
1030,0.0009459708255424377,Wednesday,Wednesday 17:10,0.0014175047815587042
1035,0.0010531430673328224,Wednesday,Wednesday 17:15,0.001419454627824469
1040,0.0010972128202606376,Wednesday,Wednesday 17:20,0.0014145513987877337
1045,0.0006982750703377768,Wednesday,Wednesday 17:25,0.0014069884557545431
1050,0.0033806692987874884,Wednesday,Wednesday 17:30,0.0013999157956405325
1055,0.0007731957491637372,Wednesday,Wednesday 17:35,0.0013945972604047833
1060,0.0010172673465523986,Wednesday,Wednesday 17:40,0.0013905124731085148
1065,0.0011321790567989196,Wednesday,Wednesday 17:45,0.0013853824671075927
1070,0.0009189922185070275,Wednesday,Wednesday 17:50,0.0013759578652208242
1075,0.0009073074653642089,Wednesday,Wednesday 17:55,0.00135879128630307
1080,0.0041297682139159655,Wednesday,Wednesday 18:00,0.0013313587321782043
1085,0.0007779567445746408,Wednesday,Wednesday 18:05,0.00129277916806518
1090,0.000847060433471778,Wednesday,Wednesday 18:10,0.0012443572246897596
1095,0.0011184403237782287,Wednesday,Wednesday 18:15,0.0011892667047077368
1100,0.0007689043745640749,Wednesday,Wednesday 18:20,0.0011317694192672673
1105,0.0005988397108928776,Wednesday,Wednesday 18:25,0.0010760997342516318
1110,0.00210075997056823,Wednesday,Wednesday 18:30,0.0010257105876651192
1115,0.00048765962614218345,Wednesday,Wednesday 18:35,0.0009822470350172511
1120,0.0007645984736195895,Wednesday,Wednesday 18:40,0.0009456939824909232
1125,0.000618938083164615,Wednesday,Wednesday 18:45,0.00091442325763724
1130,0.0006850612495496011,Wednesday,Wednesday 18:50,0.0008857651962599698
1135,0.00057634808623752,Wednesday,Wednesday 18:55,0.0008566771313049189
1140,0.0024035343034034345,Wednesday,Wednesday 19:00,0.0008246927452921567
1145,0.0005376387645248649,Wednesday,Wednesday 19:05,0.0007882641565295424
1150,0.0005136625525423902,Wednesday,Wednesday 19:10,0.0007472838654357131
1155,0.0005697742509886886,Wednesday,Wednesday 19:15,0.000702808525952581
1160,0.0004638632101130534,Wednesday,Wednesday 19:20,0.0006566629978421996
1165,0.0005334917984143494,Wednesday,Wednesday 19:25,0.0006108339535246779
1170,0.000885437570337874,Wednesday,Wednesday 19:30,0.0005672269032253669
1175,0.000445424442071181,Wednesday,Wednesday 19:35,0.0005271188001376595
1180,0.00046959801334893296,Wednesday,Wednesday 19:40,0.0004914163286954522
1185,0.0004406087790358758,Wednesday,Wednesday 19:45,0.00046053366012637766
1190,0.00015606678993687446,Wednesday,Wednesday 19:50,0.0004344449881674826
1195,0.0001915066648569336,Wednesday,Wednesday 19:55,0.00041266842835274427
1200,0.0006524736200901025,Wednesday,Wednesday 20:00,0.0003943976650732323
1205,0.00036793739921389305,Wednesday,Wednesday 20:05,0.00037851227185983636
1210,0.0004038249991450397,Wednesday,Wednesday 20:10,0.00036395821046291945
1215,0.0004515876090987376,Wednesday,Wednesday 20:15,0.0003499146444661156
1220,0.0002829812932886342,Wednesday,Wednesday 20:20,0.0003359911072572064
1225,0.00011933950533338534,Wednesday,Wednesday 20:25,0.00032219750675220214
1230,0.000627735369286807,Wednesday,Wednesday 20:30,0.00030891864401766216
1235,8.454948166966832e-05,Wednesday,Wednesday 20:35,0.00029649254402294034
1240,0.00026118737316839773,Wednesday,Wednesday 20:40,0.00028515133938847146
1245,0.00028077238741229,Wednesday,Wednesday 20:45,0.0002747970531548189
1250,0.00018695729163160365,Wednesday,Wednesday 20:50,0.000265006224603247
1255,8.5594420887465e-05,Wednesday,Wednesday 20:55,0.00025516067730703754
1260,0.000720078132991234,Wednesday,Wednesday 21:00,0.0002446682943942322
1265,0.0001503919968481842,Wednesday,Wednesday 21:05,0.00023314570633871685
1270,0.0001358628245488684,Wednesday,Wednesday 21:10,0.0002205871878921756
1275,0.0003008996833691223,Wednesday,Wednesday 21:15,0.00020735307693867743
1280,8.613284088226304e-05,Wednesday,Wednesday 21:20,0.00019403952247350854
1285,9.39447184943934e-05,Wednesday,Wednesday 21:25,0.0001813002950655774
1290,0.00025074240129782774,Wednesday,Wednesday 21:30,0.00016966940240984433
1295,0.00013324072226277643,Wednesday,Wednesday 21:35,0.00015940028499221995
1300,0.00013329054977522325,Wednesday,Wednesday 21:40,0.00015046052698969352
1305,0.00012320903220653753,Wednesday,Wednesday 21:45,0.00014255649457438506
1310,0.0001305258812442128,Wednesday,Wednesday 21:50,0.00013523467635866582
1315,2.969496518142061e-05,Wednesday,Wednesday 21:55,0.00012798914991900046
1320,0.0003206761466976409,Wednesday,Wednesday 22:00,0.00012041264271473094
1325,0.00013068831393217337,Wednesday,Wednesday 22:05,0.00011222642489534897
1330,2.561924010744278e-05,Wednesday,Wednesday 22:10,0.000103381563490939
1335,9.638306208642816e-05,Wednesday,Wednesday 22:15,9.40300672979347e-05
1340,8.847979885947829e-05,Wednesday,Wednesday 22:20,8.449030345966076e-05
1345,7.965336524338726e-05,Wednesday,Wednesday 22:25,7.516726059632671e-05
1350,8.010938569251639e-05,Wednesday,Wednesday 22:30,6.650810395100748e-05
1355,3.915017609912149e-05,Wednesday,Wednesday 22:35,5.8858955933266096e-05
1360,0.0,Wednesday,Wednesday 22:40,5.2449449018976025e-05
1365,3.131027394633938e-05,Wednesday,Wednesday 22:45,4.734636679221871e-05
1370,1.992996287710422e-05,Wednesday,Wednesday 22:50,4.343076965755236e-05
1375,1.48714607838761e-05,Wednesday,Wednesday 22:55,4.045140971971388e-05
1380,0.0001244432514894258,Wednesday,Wednesday 23:00,3.8087977856990364e-05
1385,4.481540573997019e-06,Wednesday,Wednesday 23:05,3.601423531344611e-05
1390,4.5701182540749906e-05,Wednesday,Wednesday 23:10,3.397779027167222e-05
1395,3.642652532464906e-05,Wednesday,Wednesday 23:15,3.183628440041446e-05
1400,1.3416865946045147e-05,Wednesday,Wednesday 23:20,2.9570240491555103e-05
1405,1.3128522606058177e-05,Wednesday,Wednesday 23:25,2.725144706016213e-05
1410,6.787855703903234e-05,Wednesday,Wednesday 23:30,2.503072468711623e-05
1415,1.037019139745719e-05,Wednesday,Wednesday 23:35,2.30622144478744e-05
1420,7.375433491261392e-06,Wednesday,Wednesday 23:40,2.1470331791550986e-05
1425,4.323228578168195e-06,Wednesday,Wednesday 23:45,2.0312982331324907e-05
1430,0.0,Wednesday,Wednesday 23:50,1.955466475143927e-05
1435,0.0,Wednesday,Wednesday 23:55,1.907320900798063e-05
0,3.852470057130563e-05,Thursday,Thursday 00:00,1.869369506595911e-05
5,6.257613139023888e-05,Thursday,Thursday 00:05,1.8238982957413406e-05
10,1.3904839493493978e-05,Thursday,Thursday 00:10,1.75796292394823e-05
15,1.6473329768008347e-05,Thursday,Thursday 00:15,1.6668760395987797e-05
20,1.8533256552157367e-05,Thursday,Thursday 00:20,1.554012533416002e-05
25,0.0,Thursday,Thursday 00:25,1.4282402948560028e-05
30,0.0,Thursday,Thursday 00:30,1.3006566539794563e-05
35,0.0,Thursday,Thursday 00:35,1.1801448335733045e-05
40,4.624359121851601e-05,Thursday,Thursday 00:40,1.0731914921652055e-05
45,0.0,Thursday,Thursday 00:45,9.832826319600342e-06
50,0.0,Thursday,Thursday 00:50,9.126417358905233e-06
55,6.370199890209924e-06,Thursday,Thursday 00:55,8.630519789252849e-06
60,1.6743522882590567e-05,Thursday,Thursday 01:00,8.360992587533098e-06
65,0.0,Thursday,Thursday 01:05,8.315377254089437e-06
70,0.0,Thursday,Thursday 01:10,8.467053933090614e-06
75,0.0,Thursday,Thursday 01:15,8.749467175028667e-06
80,0.0,Thursday,Thursday 01:20,9.073573432888924e-06
85,2.8372147066626345e-05,Thursday,Thursday 01:25,9.344462455040564e-06
90,3.022811497480138e-05,Thursday,Thursday 01:30,9.490929979669562e-06
95,1.544936483164055e-05,Thursday,Thursday 01:35,9.488196275647334e-06
100,0.0,Thursday,Thursday 01:40,9.366484733884725e-06
105,0.0,Thursday,Thursday 01:45,9.197313251645663e-06
110,0.0,Thursday,Thursday 01:50,9.081069246831681e-06
115,0.0,Thursday,Thursday 01:55,9.117408058240788e-06
120,3.851407900306548e-05,Thursday,Thursday 02:00,9.382870006746396e-06
125,0.0,Thursday,Thursday 02:05,9.914805066054573e-06
130,0.0,Thursday,Thursday 02:10,1.0715590545740986e-05
135,0.0,Thursday,Thursday 02:15,1.1741305872372923e-05
140,0.0,Thursday,Thursday 02:20,1.2933838677908388e-05
145,0.0,Thursday,Thursday 02:25,1.4233450313665074e-05
150,9.365751709868684e-05,Thursday,Thursday 02:30,1.5607427365822267e-05
155,0.0,Thursday,Thursday 02:35,1.7059593588217533e-05
160,0.0,Thursday,Thursday 02:40,1.865180326406348e-05
165,7.929641844515492e-06,Thursday,Thursday 02:45,2.0418324331117725e-05
170,0.0,Thursday,Thursday 02:50,2.2419486846021417e-05
175,0.0,Thursday,Thursday 02:55,2.468877030732695e-05
180,0.00010469618656144609,Thursday,Thursday 03:00,2.7252387776317922e-05
185,7.84958714062102e-06,Thursday,Thursday 03:05,3.016420530519581e-05
190,0.0,Thursday,Thursday 03:10,3.359379544434952e-05
195,4.826821770801464e-05,Thursday,Thursday 03:15,3.780536795040095e-05
200,6.169032106584297e-05,Thursday,Thursday 03:20,4.3249350290792736e-05
205,0.0,Thursday,Thursday 03:25,5.046715152843852e-05
210,0.0001060425445533187,Thursday,Thursday 03:30,5.996692843586783e-05
215,0.0,Thursday,Thursday 03:35,7.205999235406838e-05
220,3.9029963384665427e-05,Thursday,Thursday 03:40,8.67283462756683e-05
225,0.0,Thursday,Thursday 03:45,0.00010343074513068657
230,5.6896564142150816e-06,Thursday,Thursday 03:50,0.00012127591116412846
235,2.595292125896496e-05,Thursday,Thursday 03:55,0.0001391577493718197
240,0.0008188322103270848,Thursday,Thursday 04:00,0.00015605114802468652
245,5.8562983833222436e-05,Thursday,Thursday 04:05,0.0001712642837782555
250,6.930252257650215e-05,Thursday,Thursday 04:10,0.0001846742542173039
255,0.00011985977112060218,Thursday,Thursday 04:15,0.00019657952942441287
260,0.00017465019357948213,Thursday,Thursday 04:20,0.00020775631732509057
265,4.624052935885942e-05,Thursday,Thursday 04:25,0.00021918038319879743
270,0.000780108724360468,Thursday,Thursday 04:30,0.0002318544629052056
275,0.0,Thursday,Thursday 04:35,0.0002466285195329468
280,9.504873189944215e-05,Thursday,Thursday 04:40,0.0002641799370384088
285,0.00027302088685845057,Thursday,Thursday 04:45,0.0002846202538974628
290,8.365135146769149e-05,Thursday,Thursday 04:50,0.0003078747519854627
295,2.5237777457374042e-05,Thursday,Thursday 04:55,0.00033361327722163553
300,0.0013120196101088462,Thursday,Thursday 05:00,0.00036147876466504096
305,0.00018224971127303778,Thursday,Thursday 05:05,0.0003913583921762081
310,0.0001933657194939002,Thursday,Thursday 05:10,0.0004236050818240785
315,0.00033929197984933684,Thursday,Thursday 05:15,0.00045880272082638785
320,0.000377344462939739,Thursday,Thursday 05:20,0.0004980066014508419
325,7.159245400254396e-05,Thursday,Thursday 05:25,0.0005423413292046388
330,0.0017603462375179017,Thursday,Thursday 05:30,0.0005927310822021683
335,0.00018703185972414386,Thursday,Thursday 05:35,0.00064947548926874
340,0.00039056995822601113,Thursday,Thursday 05:40,0.0007120569059512404
345,0.0005258409406851501,Thursday,Thursday 05:45,0.0007784807104210975
350,0.0003589796623207689,Thursday,Thursday 05:50,0.000845902335290495
355,0.00020624440570959159,Thursday,Thursday 05:55,0.0009109048968140429
360,0.0038906881087430157,Thursday,Thursday 06:00,0.0009704117613690913
365,0.0004275056106739523,Thursday,Thursday 06:05,0.0010224097822173269
370,0.0006611662347716939,Thursday,Thursday 06:10,0.001066546377450027
375,0.0011188983436314916,Thursday,Thursday 06:15,0.0011038105448010326
380,0.00041359680318233316,Thursday,Thursday 06:20,0.001136196831187319
385,0.0005280002024509689,Thursday,Thursday 06:25,0.001165868175254071
390,0.0036993821539293343,Thursday,Thursday 06:30,0.0011944988867365425
395,0.0003995902111602279,Thursday,Thursday 06:35,0.0012225998405845243
400,0.0006794869116223641,Thursday,Thursday 06:40,0.0012493727971837957
405,0.0012170847073740445,Thursday,Thursday 06:45,0.0012723171944330298
410,0.0005703127947649124,Thursday,Thursday 06:50,0.0012879696004731544
415,0.00038600379168054956,Thursday,Thursday 06:55,0.0012925366870086296
420,0.005364702654033971,Thursday,Thursday 07:00,0.0012831945509561844
425,0.0005456585233971446,Thursday,Thursday 07:05,0.0012590265103988529
430,0.0005425865248284727,Thursday,Thursday 07:10,0.001221751991263502
435,0.000981129317287638,Thursday,Thursday 07:15,0.0011753066821241253
440,0.0008854922643813235,Thursday,Thursday 07:20,0.0011250289193225794
445,0.00027940855029984316,Thursday,Thursday 07:25,0.0010762513303662054
450,0.0025634925769134026,Thursday,Thursday 07:30,0.001033330125536538
455,0.0006259357424038734,Thursday,Thursday 07:35,0.000998477035768205
460,0.0004414113164148407,Thursday,Thursday 07:40,0.0009717903023647113
465,0.0006776809462555442,Thursday,Thursday 07:45,0.0009511922677534849
470,0.00043697429549216505,Thursday,Thursday 07:50,0.0009331438202253029
475,0.00024131028846076838,Thursday,Thursday 07:55,0.0009135456778034067
480,0.0038470218192747,Thursday,Thursday 08:00,0.0008890036984862237
485,0.0002818632963014029,Thursday,Thursday 08:05,0.000857455324351032
490,0.00035431682100188494,Thursday,Thursday 08:10,0.0008189371676399119
495,0.0007016193869635431,Thursday,Thursday 08:15,0.0007752364631905696
500,0.00039649174335221047,Thursday,Thursday 08:20,0.0007292241662654674
505,0.00023988615815215912,Thursday,Thursday 08:25,0.0006838764460789953
510,0.0016464347470276721,Thursday,Thursday 08:30,0.0006417751022802042
515,0.0003037103717985991,Thursday,Thursday 08:35,0.0006041817394035509
520,0.00044026865305012917,Thursday,Thursday 08:40,0.00057147545351733
525,0.0004040316604353767,Thursday,Thursday 08:45,0.0005430781618893789
530,0.00016463488132681338,Thursday,Thursday 08:50,0.0005179842395788793
535,0.00013840429147427772,Thursday,Thursday 08:55,0.0004950706238198818
540,0.001801203334618928,Thursday,Thursday 09:00,0.00047363793810617104
545,0.0002565816266169817,Thursday,Thursday 09:05,0.000453500497578391
550,0.00011986299912995657,Thursday,Thursday 09:10,0.0004352485985309828
555,0.00022427097379485117,Thursday,Thursday 09:15,0.0004199916823059586
560,0.00019681646369040708,Thursday,Thursday 09:20,0.00040906297427709815
565,0.00016319511739571867,Thursday,Thursday 09:25,0.000403503402928592
570,0.0010732434521852753,Thursday,Thursday 09:30,0.00040391313610339667
575,0.0001837771777377735,Thursday,Thursday 09:35,0.00040982674656986427
580,0.00017645567264033406,Thursday,Thursday 09:40,0.00042000985305746017
585,0.0002819960142435264,Thursday,Thursday 09:45,0.0004323494656128909
590,0.00035579402513889903,Thursday,Thursday 09:50,0.00044430654486905704
595,8.333840424791087e-05,Thursday,Thursday 09:55,0.00045334270441658975
600,0.0019521818449832942,Thursday,Thursday 10:00,0.0004576045520556939
605,0.00022713583181992826,Thursday,Thursday 10:05,0.00045627896078980867
610,0.00011488442430297675,Thursday,Thursday 10:10,0.00044999637865651606
615,0.000533014184538669,Thursday,Thursday 10:15,0.0004405386066428155
620,0.0002795477914629944,Thursday,Thursday 10:20,0.00043050292170241137
625,0.00016494398003698006,Thursday,Thursday 10:25,0.0004225767391464209
630,0.0008497753904424671,Thursday,Thursday 10:30,0.0004190050477284052
635,9.17607795006134e-05,Thursday,Thursday 10:35,0.00042099451027988074
640,0.00035235599610807173,Thursday,Thursday 10:40,0.0004287380358388947
645,0.0003020031725075075,Thursday,Thursday 10:45,0.00044127645998355455
650,0.0003516678248578945,Thursday,Thursday 10:50,0.00045708923808434644
655,0.00014428844489085672,Thursday,Thursday 10:55,0.00047445953319842643
660,0.0016770303939223983,Thursday,Thursday 11:00,0.0004920251624893278
665,0.000246470073681735,Thursday,Thursday 11:05,0.0005090719142549676
670,0.00031427559696664087,Thursday,Thursday 11:10,0.0005256961729804387
675,0.00036499369765194737,Thursday,Thursday 11:15,0.0005425393994847667
680,0.00038948960244310286,Thursday,Thursday 11:20,0.0005605191557702496
685,0.0003010855930014782,Thursday,Thursday 11:25,0.0005803432505193653
690,0.001562597414054273,Thursday,Thursday 11:30,0.0006022662272505152
695,0.0002902155737107521,Thursday,Thursday 11:35,0.0006256477736997209
700,0.00041754940617211804,Thursday,Thursday 11:40,0.0006490244739979446
705,0.0005692322273356113,Thursday,Thursday 11:45,0.0006700502816396173
710,0.00040160582278556784,Thursday,Thursday 11:50,0.000685951001090618
715,0.0003160325071424158,Thursday,Thursday 11:55,0.0006940697031614085
720,0.0028168975619944723,Thursday,Thursday 12:00,0.0006926966233801103
725,0.00037174389921106066,Thursday,Thursday 12:05,0.0006815836828450541
730,0.0003142768745662348,Thursday,Thursday 12:10,0.0006622414631438517
735,0.0005812608239610887,Thursday,Thursday 12:15,0.0006375577731424718
740,0.00019806446786134788,Thursday,Thursday 12:20,0.000611140734699665
745,0.00035479276477461624,Thursday,Thursday 12:25,0.0005863922969702713
750,0.0012529273193206867,Thursday,Thursday 12:30,0.000565881723558317
755,0.0003541187566088799,Thursday,Thursday 12:35,0.000550773191681303
760,0.0002851176675882486,Thursday,Thursday 12:40,0.0005408944198470472
765,0.0004324848770892024,Thursday,Thursday 12:45,0.0005348186639887243
770,0.00036567853476086415,Thursday,Thursday 12:50,0.0005303397404074584
775,0.00020321878211559981,Thursday,Thursday 12:55,0.0005249479602206656
780,0.0016017510572350745,Thursday,Thursday 13:00,0.0005165009120763168
785,0.0004240352814427908,Thursday,Thursday 13:05,0.0005036331509512428
790,0.0005944624730167285,Thursday,Thursday 13:10,0.0004861753671973403
795,0.00020717043207554376,Thursday,Thursday 13:15,0.0004650721374442845
800,0.00026175605812254907,Thursday,Thursday 13:20,0.00044209954215657847
805,0.00037904373483286407,Thursday,Thursday 13:25,0.0004193108309518033
810,0.0007426341524644697,Thursday,Thursday 13:30,0.0003986495038035913
815,0.00016522331614093492,Thursday,Thursday 13:35,0.000381300570404389
820,0.000204083547697729,Thursday,Thursday 13:40,0.0003677765975374281
825,0.00029854672918133544,Thursday,Thursday 13:45,0.0003577869767098187
830,0.0002882194431242692,Thursday,Thursday 13:50,0.00035056913491067336
835,0.00022555933548266534,Thursday,Thursday 13:55,0.00034519189294573684
840,0.0009337027834335971,Thursday,Thursday 14:00,0.00034094639577087735
845,0.00016705237092993051,Thursday,Thursday 14:05,0.0003375397741724391
850,0.00021881990331734237,Thursday,Thursday 14:10,0.0003352941984606522
855,0.00032362502326508476,Thursday,Thursday 14:15,0.0003349478600413795
860,0.0001488929722443162,Thursday,Thursday 14:20,0.0003375124051649376
865,0.00023480108389341224,Thursday,Thursday 14:25,0.00034386791078649194
870,0.0006791480957645366,Thursday,Thursday 14:30,0.00035456797296932405
875,0.00017920209634575778,Thursday,Thursday 14:35,0.00036948856944797923
880,0.0002210955256046036,Thursday,Thursday 14:40,0.00038794863101182205
885,0.000369757632400091,Thursday,Thursday 14:45,0.0004085810125482605
890,0.0004105384670317478,Thursday,Thursday 14:50,0.00042987061070401205
895,0.00012291418325233123,Thursday,Thursday 14:55,0.00045045334939876065
900,0.0014973525276707194,Thursday,Thursday 15:00,0.000469603104686937
905,0.0003279960927237401,Thursday,Thursday 15:05,0.00048748280971955423
910,0.0003486225651026324,Thursday,Thursday 15:10,0.0005052466040342122
915,0.00042521601594449276,Thursday,Thursday 15:15,0.0005245968632970143
920,0.00023911069618447853,Thursday,Thursday 15:20,0.0005474385612950131
925,0.0001929134033186293,Thursday,Thursday 15:25,0.0005752322267037459
930,0.0013145109515056038,Thursday,Thursday 15:30,0.0006086164559960171
935,0.0003645966195438602,Thursday,Thursday 15:35,0.0006471417547443945
940,0.0006678922648563075,Thursday,Thursday 15:40,0.0006894710810010985
945,0.0006349835345023474,Thursday,Thursday 15:45,0.0007332593241322739
950,0.0005137145258647353,Thursday,Thursday 15:50,0.0007759874999463561
955,0.000389339104693363,Thursday,Thursday 15:55,0.0008153258106215475
960,0.002510100276026235,Thursday,Thursday 16:00,0.0008498196370522768
965,0.0005689179530383429,Thursday,Thursday 16:05,0.0008793316980794893
970,0.0007559316986632226,Thursday,Thursday 16:10,0.0009053954060069639
975,0.000795016074761102,Thursday,Thursday 16:15,0.0009307643707272009
980,0.0006799678320016992,Thursday,Thursday 16:20,0.0009590997103208331
985,0.000567867930805382,Thursday,Thursday 16:25,0.0009939183071384955
990,0.00204133020175812,Thursday,Thursday 16:30,0.001037745292521003
995,0.0004558289643897042,Thursday,Thursday 16:35,0.001091136741883984
1000,0.0007378882542371342,Thursday,Thursday 16:40,0.0011523761589879512
1005,0.0010714735009979396,Thursday,Thursday 16:45,0.0012172373652550182
1010,0.0008152429886143775,Thursday,Thursday 16:50,0.0012800598823817164
1015,0.0007771834634518912,Thursday,Thursday 16:55,0.0013348901855658644
1020,0.004839624828145608,Thursday,Thursday 17:00,0.0013770779096053658
1025,0.0008142519077690901,Thursday,Thursday 17:05,0.0014043788218329584
1030,0.0009459708255424377,Thursday,Thursday 17:10,0.0014175047815587042
1035,0.0010531430673328224,Thursday,Thursday 17:15,0.001419454627824469
1040,0.0010972128202606376,Thursday,Thursday 17:20,0.0014145513987877337
1045,0.0006982750703377768,Thursday,Thursday 17:25,0.0014069884557545431
1050,0.0033806692987874884,Thursday,Thursday 17:30,0.0013999157956405325
1055,0.0007731957491637372,Thursday,Thursday 17:35,0.0013945972604047833
1060,0.0010172673465523986,Thursday,Thursday 17:40,0.0013905124731085148
1065,0.0011321790567989196,Thursday,Thursday 17:45,0.0013853824671075927
1070,0.0009189922185070275,Thursday,Thursday 17:50,0.0013759578652208242
1075,0.0009073074653642089,Thursday,Thursday 17:55,0.00135879128630307
1080,0.0041297682139159655,Thursday,Thursday 18:00,0.0013313587321782043
1085,0.0007779567445746408,Thursday,Thursday 18:05,0.00129277916806518
1090,0.000847060433471778,Thursday,Thursday 18:10,0.0012443572246897596
1095,0.0011184403237782287,Thursday,Thursday 18:15,0.0011892667047077368
1100,0.0007689043745640749,Thursday,Thursday 18:20,0.0011317694192672673
1105,0.0005988397108928776,Thursday,Thursday 18:25,0.0010760997342516318
1110,0.00210075997056823,Thursday,Thursday 18:30,0.0010257105876651192
1115,0.00048765962614218345,Thursday,Thursday 18:35,0.0009822470350172511
1120,0.0007645984736195895,Thursday,Thursday 18:40,0.0009456939824909232
1125,0.000618938083164615,Thursday,Thursday 18:45,0.00091442325763724
1130,0.0006850612495496011,Thursday,Thursday 18:50,0.0008857651962599698
1135,0.00057634808623752,Thursday,Thursday 18:55,0.0008566771313049189
1140,0.0024035343034034345,Thursday,Thursday 19:00,0.0008246927452921567
1145,0.0005376387645248649,Thursday,Thursday 19:05,0.0007882641565295424
1150,0.0005136625525423902,Thursday,Thursday 19:10,0.0007472838654357131
1155,0.0005697742509886886,Thursday,Thursday 19:15,0.000702808525952581
1160,0.0004638632101130534,Thursday,Thursday 19:20,0.0006566629978421996
1165,0.0005334917984143494,Thursday,Thursday 19:25,0.0006108339535246779
1170,0.000885437570337874,Thursday,Thursday 19:30,0.0005672269032253669
1175,0.000445424442071181,Thursday,Thursday 19:35,0.0005271188001376595
1180,0.00046959801334893296,Thursday,Thursday 19:40,0.0004914163286954522
1185,0.0004406087790358758,Thursday,Thursday 19:45,0.00046053366012637766
1190,0.00015606678993687446,Thursday,Thursday 19:50,0.0004344449881674826
1195,0.0001915066648569336,Thursday,Thursday 19:55,0.00041266842835274427
1200,0.0006524736200901025,Thursday,Thursday 20:00,0.0003943976650732323
1205,0.00036793739921389305,Thursday,Thursday 20:05,0.00037851227185983636
1210,0.0004038249991450397,Thursday,Thursday 20:10,0.00036395821046291945
1215,0.0004515876090987376,Thursday,Thursday 20:15,0.0003499146444661156
1220,0.0002829812932886342,Thursday,Thursday 20:20,0.0003359911072572064
1225,0.00011933950533338534,Thursday,Thursday 20:25,0.00032219750675220214
1230,0.000627735369286807,Thursday,Thursday 20:30,0.00030891864401766216
1235,8.454948166966832e-05,Thursday,Thursday 20:35,0.00029649254402294034
1240,0.00026118737316839773,Thursday,Thursday 20:40,0.00028515133938847146
1245,0.00028077238741229,Thursday,Thursday 20:45,0.0002747970531548189
1250,0.00018695729163160365,Thursday,Thursday 20:50,0.000265006224603247
1255,8.5594420887465e-05,Thursday,Thursday 20:55,0.00025516067730703754
1260,0.000720078132991234,Thursday,Thursday 21:00,0.0002446682943942322
1265,0.0001503919968481842,Thursday,Thursday 21:05,0.00023314570633871685
1270,0.0001358628245488684,Thursday,Thursday 21:10,0.0002205871878921756
1275,0.0003008996833691223,Thursday,Thursday 21:15,0.00020735307693867743
1280,8.613284088226304e-05,Thursday,Thursday 21:20,0.00019403952247350854
1285,9.39447184943934e-05,Thursday,Thursday 21:25,0.0001813002950655774
1290,0.00025074240129782774,Thursday,Thursday 21:30,0.00016966940240984433
1295,0.00013324072226277643,Thursday,Thursday 21:35,0.00015940028499221995
1300,0.00013329054977522325,Thursday,Thursday 21:40,0.00015046052698969352
1305,0.00012320903220653753,Thursday,Thursday 21:45,0.00014255649457438506
1310,0.0001305258812442128,Thursday,Thursday 21:50,0.00013523467635866582
1315,2.969496518142061e-05,Thursday,Thursday 21:55,0.00012798914991900046
1320,0.0003206761466976409,Thursday,Thursday 22:00,0.00012041264271473094
1325,0.00013068831393217337,Thursday,Thursday 22:05,0.00011222642489534897
1330,2.561924010744278e-05,Thursday,Thursday 22:10,0.000103381563490939
1335,9.638306208642816e-05,Thursday,Thursday 22:15,9.40300672979347e-05
1340,8.847979885947829e-05,Thursday,Thursday 22:20,8.449030345966076e-05
1345,7.965336524338726e-05,Thursday,Thursday 22:25,7.516726059632671e-05
1350,8.010938569251639e-05,Thursday,Thursday 22:30,6.650810395100748e-05
1355,3.915017609912149e-05,Thursday,Thursday 22:35,5.8858955933266096e-05
1360,0.0,Thursday,Thursday 22:40,5.2449449018976025e-05
1365,3.131027394633938e-05,Thursday,Thursday 22:45,4.734636679221871e-05
1370,1.992996287710422e-05,Thursday,Thursday 22:50,4.343076965755236e-05
1375,1.48714607838761e-05,Thursday,Thursday 22:55,4.045140971971388e-05
1380,0.0001244432514894258,Thursday,Thursday 23:00,3.8087977856990364e-05
1385,4.481540573997019e-06,Thursday,Thursday 23:05,3.601423531344611e-05
1390,4.5701182540749906e-05,Thursday,Thursday 23:10,3.397779027167222e-05
1395,3.642652532464906e-05,Thursday,Thursday 23:15,3.183628440041446e-05
1400,1.3416865946045147e-05,Thursday,Thursday 23:20,2.9570240491555103e-05
1405,1.3128522606058177e-05,Thursday,Thursday 23:25,2.725144706016213e-05
1410,6.787855703903234e-05,Thursday,Thursday 23:30,2.503072468711623e-05
1415,1.037019139745719e-05,Thursday,Thursday 23:35,2.30622144478744e-05
1420,7.375433491261392e-06,Thursday,Thursday 23:40,2.1470331791550986e-05
1425,4.323228578168195e-06,Thursday,Thursday 23:45,2.0312982331324907e-05
1430,0.0,Thursday,Thursday 23:50,1.955466475143927e-05
1435,0.0,Thursday,Thursday 23:55,1.907320900798063e-05
0,3.852470057130563e-05,Friday,Friday 00:00,1.869369506595911e-05
5,6.257613139023888e-05,Friday,Friday 00:05,1.8238982957413406e-05
10,1.3904839493493978e-05,Friday,Friday 00:10,1.75796292394823e-05
15,1.6473329768008347e-05,Friday,Friday 00:15,1.6668760395987797e-05
20,1.8533256552157367e-05,Friday,Friday 00:20,1.554012533416002e-05
25,0.0,Friday,Friday 00:25,1.4282402948560028e-05
30,0.0,Friday,Friday 00:30,1.3006566539794563e-05
35,0.0,Friday,Friday 00:35,1.1801448335733045e-05
40,4.624359121851601e-05,Friday,Friday 00:40,1.0731914921652055e-05
45,0.0,Friday,Friday 00:45,9.832826319600342e-06
50,0.0,Friday,Friday 00:50,9.126417358905233e-06
55,6.370199890209924e-06,Friday,Friday 00:55,8.630519789252849e-06
60,1.6743522882590567e-05,Friday,Friday 01:00,8.360992587533098e-06
65,0.0,Friday,Friday 01:05,8.315377254089437e-06
70,0.0,Friday,Friday 01:10,8.467053933090614e-06
75,0.0,Friday,Friday 01:15,8.749467175028667e-06
80,0.0,Friday,Friday 01:20,9.073573432888924e-06
85,2.8372147066626345e-05,Friday,Friday 01:25,9.344462455040564e-06
90,3.022811497480138e-05,Friday,Friday 01:30,9.490929979669562e-06
95,1.544936483164055e-05,Friday,Friday 01:35,9.488196275647334e-06
100,0.0,Friday,Friday 01:40,9.366484733884725e-06
105,0.0,Friday,Friday 01:45,9.197313251645663e-06
110,0.0,Friday,Friday 01:50,9.081069246831681e-06
115,0.0,Friday,Friday 01:55,9.117408058240788e-06
120,3.851407900306548e-05,Friday,Friday 02:00,9.382870006746396e-06
125,0.0,Friday,Friday 02:05,9.914805066054573e-06
130,0.0,Friday,Friday 02:10,1.0715590545740986e-05
135,0.0,Friday,Friday 02:15,1.1741305872372923e-05
140,0.0,Friday,Friday 02:20,1.2933838677908388e-05
145,0.0,Friday,Friday 02:25,1.4233450313665074e-05
150,9.365751709868684e-05,Friday,Friday 02:30,1.5607427365822267e-05
155,0.0,Friday,Friday 02:35,1.7059593588217533e-05
160,0.0,Friday,Friday 02:40,1.865180326406348e-05
165,7.929641844515492e-06,Friday,Friday 02:45,2.0418324331117725e-05
170,0.0,Friday,Friday 02:50,2.2419486846021417e-05
175,0.0,Friday,Friday 02:55,2.468877030732695e-05
180,0.00010469618656144609,Friday,Friday 03:00,2.7252387776317922e-05
185,7.84958714062102e-06,Friday,Friday 03:05,3.016420530519581e-05
190,0.0,Friday,Friday 03:10,3.359379544434952e-05
195,4.826821770801464e-05,Friday,Friday 03:15,3.780536795040095e-05
200,6.169032106584297e-05,Friday,Friday 03:20,4.3249350290792736e-05
205,0.0,Friday,Friday 03:25,5.046715152843852e-05
210,0.0001060425445533187,Friday,Friday 03:30,5.996692843586783e-05
215,0.0,Friday,Friday 03:35,7.205999235406838e-05
220,3.9029963384665427e-05,Friday,Friday 03:40,8.67283462756683e-05
225,0.0,Friday,Friday 03:45,0.00010343074513068657
230,5.6896564142150816e-06,Friday,Friday 03:50,0.00012127591116412846
235,2.595292125896496e-05,Friday,Friday 03:55,0.0001391577493718197
240,0.0008188322103270848,Friday,Friday 04:00,0.00015605114802468652
245,5.8562983833222436e-05,Friday,Friday 04:05,0.0001712642837782555
250,6.930252257650215e-05,Friday,Friday 04:10,0.0001846742542173039
255,0.00011985977112060218,Friday,Friday 04:15,0.00019657952942441287
260,0.00017465019357948213,Friday,Friday 04:20,0.00020775631732509057
265,4.624052935885942e-05,Friday,Friday 04:25,0.00021918038319879743
270,0.000780108724360468,Friday,Friday 04:30,0.0002318544629052056
275,0.0,Friday,Friday 04:35,0.0002466285195329468
280,9.504873189944215e-05,Friday,Friday 04:40,0.0002641799370384088
285,0.00027302088685845057,Friday,Friday 04:45,0.0002846202538974628
290,8.365135146769149e-05,Friday,Friday 04:50,0.0003078747519854627
295,2.5237777457374042e-05,Friday,Friday 04:55,0.00033361327722163553
300,0.0013120196101088462,Friday,Friday 05:00,0.00036147876466504096
305,0.00018224971127303778,Friday,Friday 05:05,0.0003913583921762081
310,0.0001933657194939002,Friday,Friday 05:10,0.0004236050818240785
315,0.00033929197984933684,Friday,Friday 05:15,0.00045880272082638785
320,0.000377344462939739,Friday,Friday 05:20,0.0004980066014508419
325,7.159245400254396e-05,Friday,Friday 05:25,0.0005423413292046388
330,0.0017603462375179017,Friday,Friday 05:30,0.0005927310822021683
335,0.00018703185972414386,Friday,Friday 05:35,0.00064947548926874
340,0.00039056995822601113,Friday,Friday 05:40,0.0007120569059512404
345,0.0005258409406851501,Friday,Friday 05:45,0.0007784807104210975
350,0.0003589796623207689,Friday,Friday 05:50,0.000845902335290495
355,0.00020624440570959159,Friday,Friday 05:55,0.0009109048968140429
360,0.0038906881087430157,Friday,Friday 06:00,0.0009704117613690913
365,0.0004275056106739523,Friday,Friday 06:05,0.0010224097822173269
370,0.0006611662347716939,Friday,Friday 06:10,0.001066546377450027
375,0.0011188983436314916,Friday,Friday 06:15,0.0011038105448010326
380,0.00041359680318233316,Friday,Friday 06:20,0.001136196831187319
385,0.0005280002024509689,Friday,Friday 06:25,0.001165868175254071
390,0.0036993821539293343,Friday,Friday 06:30,0.0011944988867365425
395,0.0003995902111602279,Friday,Friday 06:35,0.0012225998405845243
400,0.0006794869116223641,Friday,Friday 06:40,0.0012493727971837957
405,0.0012170847073740445,Friday,Friday 06:45,0.0012723171944330298
410,0.0005703127947649124,Friday,Friday 06:50,0.0012879696004731544
415,0.00038600379168054956,Friday,Friday 06:55,0.0012925366870086296
420,0.005364702654033971,Friday,Friday 07:00,0.0012831945509561844
425,0.0005456585233971446,Friday,Friday 07:05,0.0012590265103988529
430,0.0005425865248284727,Friday,Friday 07:10,0.001221751991263502
435,0.000981129317287638,Friday,Friday 07:15,0.0011753066821241253
440,0.0008854922643813235,Friday,Friday 07:20,0.0011250289193225794
445,0.00027940855029984316,Friday,Friday 07:25,0.0010762513303662054
450,0.0025634925769134026,Friday,Friday 07:30,0.001033330125536538
455,0.0006259357424038734,Friday,Friday 07:35,0.000998477035768205
460,0.0004414113164148407,Friday,Friday 07:40,0.0009717903023647113
465,0.0006776809462555442,Friday,Friday 07:45,0.0009511922677534849
470,0.00043697429549216505,Friday,Friday 07:50,0.0009331438202253029
475,0.00024131028846076838,Friday,Friday 07:55,0.0009135456778034067
480,0.0038470218192747,Friday,Friday 08:00,0.0008890036984862237
485,0.0002818632963014029,Friday,Friday 08:05,0.000857455324351032
490,0.00035431682100188494,Friday,Friday 08:10,0.0008189371676399119
495,0.0007016193869635431,Friday,Friday 08:15,0.0007752364631905696
500,0.00039649174335221047,Friday,Friday 08:20,0.0007292241662654674
505,0.00023988615815215912,Friday,Friday 08:25,0.0006838764460789953
510,0.0016464347470276721,Friday,Friday 08:30,0.0006417751022802042
515,0.0003037103717985991,Friday,Friday 08:35,0.0006041817394035509
520,0.00044026865305012917,Friday,Friday 08:40,0.00057147545351733
525,0.0004040316604353767,Friday,Friday 08:45,0.0005430781618893789
530,0.00016463488132681338,Friday,Friday 08:50,0.0005179842395788793
535,0.00013840429147427772,Friday,Friday 08:55,0.0004950706238198818
540,0.001801203334618928,Friday,Friday 09:00,0.00047363793810617104
545,0.0002565816266169817,Friday,Friday 09:05,0.000453500497578391
550,0.00011986299912995657,Friday,Friday 09:10,0.0004352485985309828
555,0.00022427097379485117,Friday,Friday 09:15,0.0004199916823059586
560,0.00019681646369040708,Friday,Friday 09:20,0.00040906297427709815
565,0.00016319511739571867,Friday,Friday 09:25,0.000403503402928592
570,0.0010732434521852753,Friday,Friday 09:30,0.00040391313610339667
575,0.0001837771777377735,Friday,Friday 09:35,0.00040982674656986427
580,0.00017645567264033406,Friday,Friday 09:40,0.00042000985305746017
585,0.0002819960142435264,Friday,Friday 09:45,0.0004323494656128909
590,0.00035579402513889903,Friday,Friday 09:50,0.00044430654486905704
595,8.333840424791087e-05,Friday,Friday 09:55,0.00045334270441658975
600,0.0019521818449832942,Friday,Friday 10:00,0.0004576045520556939
605,0.00022713583181992826,Friday,Friday 10:05,0.00045627896078980867
610,0.00011488442430297675,Friday,Friday 10:10,0.00044999637865651606
615,0.000533014184538669,Friday,Friday 10:15,0.0004405386066428155
620,0.0002795477914629944,Friday,Friday 10:20,0.00043050292170241137
625,0.00016494398003698006,Friday,Friday 10:25,0.0004225767391464209
630,0.0008497753904424671,Friday,Friday 10:30,0.0004190050477284052
635,9.17607795006134e-05,Friday,Friday 10:35,0.00042099451027988074
640,0.00035235599610807173,Friday,Friday 10:40,0.0004287380358388947
645,0.0003020031725075075,Friday,Friday 10:45,0.00044127645998355455
650,0.0003516678248578945,Friday,Friday 10:50,0.00045708923808434644
655,0.00014428844489085672,Friday,Friday 10:55,0.00047445953319842643
660,0.0016770303939223983,Friday,Friday 11:00,0.0004920251624893278
665,0.000246470073681735,Friday,Friday 11:05,0.0005090719142549676
670,0.00031427559696664087,Friday,Friday 11:10,0.0005256961729804387
675,0.00036499369765194737,Friday,Friday 11:15,0.0005425393994847667
680,0.00038948960244310286,Friday,Friday 11:20,0.0005605191557702496
685,0.0003010855930014782,Friday,Friday 11:25,0.0005803432505193653
690,0.001562597414054273,Friday,Friday 11:30,0.0006022662272505152
695,0.0002902155737107521,Friday,Friday 11:35,0.0006256477736997209
700,0.00041754940617211804,Friday,Friday 11:40,0.0006490244739979446
705,0.0005692322273356113,Friday,Friday 11:45,0.0006700502816396173
710,0.00040160582278556784,Friday,Friday 11:50,0.000685951001090618
715,0.0003160325071424158,Friday,Friday 11:55,0.0006940697031614085
720,0.0028168975619944723,Friday,Friday 12:00,0.0006926966233801103
725,0.00037174389921106066,Friday,Friday 12:05,0.0006815836828450541
730,0.0003142768745662348,Friday,Friday 12:10,0.0006622414631438517
735,0.0005812608239610887,Friday,Friday 12:15,0.0006375577731424718
740,0.00019806446786134788,Friday,Friday 12:20,0.000611140734699665
745,0.00035479276477461624,Friday,Friday 12:25,0.0005863922969702713
750,0.0012529273193206867,Friday,Friday 12:30,0.000565881723558317
755,0.0003541187566088799,Friday,Friday 12:35,0.000550773191681303
760,0.0002851176675882486,Friday,Friday 12:40,0.0005408944198470472
765,0.0004324848770892024,Friday,Friday 12:45,0.0005348186639887243
770,0.00036567853476086415,Friday,Friday 12:50,0.0005303397404074584
775,0.00020321878211559981,Friday,Friday 12:55,0.0005249479602206656
780,0.0016017510572350745,Friday,Friday 13:00,0.0005165009120763168
785,0.0004240352814427908,Friday,Friday 13:05,0.0005036331509512428
790,0.0005944624730167285,Friday,Friday 13:10,0.0004861753671973403
795,0.00020717043207554376,Friday,Friday 13:15,0.0004650721374442845
800,0.00026175605812254907,Friday,Friday 13:20,0.00044209954215657847
805,0.00037904373483286407,Friday,Friday 13:25,0.0004193108309518033
810,0.0007426341524644697,Friday,Friday 13:30,0.0003986495038035913
815,0.00016522331614093492,Friday,Friday 13:35,0.000381300570404389
820,0.000204083547697729,Friday,Friday 13:40,0.0003677765975374281
825,0.00029854672918133544,Friday,Friday 13:45,0.0003577869767098187
830,0.0002882194431242692,Friday,Friday 13:50,0.00035056913491067336
835,0.00022555933548266534,Friday,Friday 13:55,0.00034519189294573684
840,0.0009337027834335971,Friday,Friday 14:00,0.00034094639577087735
845,0.00016705237092993051,Friday,Friday 14:05,0.0003375397741724391
850,0.00021881990331734237,Friday,Friday 14:10,0.0003352941984606522
855,0.00032362502326508476,Friday,Friday 14:15,0.0003349478600413795
860,0.0001488929722443162,Friday,Friday 14:20,0.0003375124051649376
865,0.00023480108389341224,Friday,Friday 14:25,0.00034386791078649194
870,0.0006791480957645366,Friday,Friday 14:30,0.00035456797296932405
875,0.00017920209634575778,Friday,Friday 14:35,0.00036948856944797923
880,0.0002210955256046036,Friday,Friday 14:40,0.00038794863101182205
885,0.000369757632400091,Friday,Friday 14:45,0.0004085810125482605
890,0.0004105384670317478,Friday,Friday 14:50,0.00042987061070401205
895,0.00012291418325233123,Friday,Friday 14:55,0.00045045334939876065
900,0.0014973525276707194,Friday,Friday 15:00,0.000469603104686937
905,0.0003279960927237401,Friday,Friday 15:05,0.00048748280971955423
910,0.0003486225651026324,Friday,Friday 15:10,0.0005052466040342122
915,0.00042521601594449276,Friday,Friday 15:15,0.0005245968632970143
920,0.00023911069618447853,Friday,Friday 15:20,0.0005474385612950131
925,0.0001929134033186293,Friday,Friday 15:25,0.0005752322267037459
930,0.0013145109515056038,Friday,Friday 15:30,0.0006086164559960171
935,0.0003645966195438602,Friday,Friday 15:35,0.0006471417547443945
940,0.0006678922648563075,Friday,Friday 15:40,0.0006894710810010985
945,0.0006349835345023474,Friday,Friday 15:45,0.0007332593241322739
950,0.0005137145258647353,Friday,Friday 15:50,0.0007759874999463561
955,0.000389339104693363,Friday,Friday 15:55,0.0008153258106215475
960,0.002510100276026235,Friday,Friday 16:00,0.0008498196370522768
965,0.0005689179530383429,Friday,Friday 16:05,0.0008793316980794893
970,0.0007559316986632226,Friday,Friday 16:10,0.0009053954060069639
975,0.000795016074761102,Friday,Friday 16:15,0.0009307643707272009
980,0.0006799678320016992,Friday,Friday 16:20,0.0009590997103208331
985,0.000567867930805382,Friday,Friday 16:25,0.0009939183071384955
990,0.00204133020175812,Friday,Friday 16:30,0.001037745292521003
995,0.0004558289643897042,Friday,Friday 16:35,0.001091136741883984
1000,0.0007378882542371342,Friday,Friday 16:40,0.0011523761589879512
1005,0.0010714735009979396,Friday,Friday 16:45,0.0012172373652550182
1010,0.0008152429886143775,Friday,Friday 16:50,0.0012800598823817164
1015,0.0007771834634518912,Friday,Friday 16:55,0.0013348901855658644
1020,0.004839624828145608,Friday,Friday 17:00,0.0013770779096053658
1025,0.0008142519077690901,Friday,Friday 17:05,0.0014043788218329584
1030,0.0009459708255424377,Friday,Friday 17:10,0.0014175047815587042
1035,0.0010531430673328224,Friday,Friday 17:15,0.001419454627824469
1040,0.0010972128202606376,Friday,Friday 17:20,0.0014145513987877337
1045,0.0006982750703377768,Friday,Friday 17:25,0.0014069884557545431
1050,0.0033806692987874884,Friday,Friday 17:30,0.0013999157956405325
1055,0.0007731957491637372,Friday,Friday 17:35,0.0013945972604047833
1060,0.0010172673465523986,Friday,Friday 17:40,0.0013905124731085148
1065,0.0011321790567989196,Friday,Friday 17:45,0.0013853824671075927
1070,0.0009189922185070275,Friday,Friday 17:50,0.0013759578652208242
1075,0.0009073074653642089,Friday,Friday 17:55,0.00135879128630307
1080,0.0041297682139159655,Friday,Friday 18:00,0.0013313587321782043
1085,0.0007779567445746408,Friday,Friday 18:05,0.00129277916806518
1090,0.000847060433471778,Friday,Friday 18:10,0.0012443572246897596
1095,0.0011184403237782287,Friday,Friday 18:15,0.0011892667047077368
1100,0.0007689043745640749,Friday,Friday 18:20,0.0011317694192672673
1105,0.0005988397108928776,Friday,Friday 18:25,0.0010760997342516318
1110,0.00210075997056823,Friday,Friday 18:30,0.0010257105876651192
1115,0.00048765962614218345,Friday,Friday 18:35,0.0009822470350172511
1120,0.0007645984736195895,Friday,Friday 18:40,0.0009456939824909232
1125,0.000618938083164615,Friday,Friday 18:45,0.00091442325763724
1130,0.0006850612495496011,Friday,Friday 18:50,0.0008857651962599698
1135,0.00057634808623752,Friday,Friday 18:55,0.0008566771313049189
1140,0.0024035343034034345,Friday,Friday 19:00,0.0008246927452921567
1145,0.0005376387645248649,Friday,Friday 19:05,0.0007882641565295424
1150,0.0005136625525423902,Friday,Friday 19:10,0.0007472838654357131
1155,0.0005697742509886886,Friday,Friday 19:15,0.000702808525952581
1160,0.0004638632101130534,Friday,Friday 19:20,0.0006566629978421996
1165,0.0005334917984143494,Friday,Friday 19:25,0.0006108339535246779
1170,0.000885437570337874,Friday,Friday 19:30,0.0005672269032253669
1175,0.000445424442071181,Friday,Friday 19:35,0.0005271188001376595
1180,0.00046959801334893296,Friday,Friday 19:40,0.0004914163286954522
1185,0.0004406087790358758,Friday,Friday 19:45,0.00046053366012637766
1190,0.00015606678993687446,Friday,Friday 19:50,0.0004344449881674826
1195,0.0001915066648569336,Friday,Friday 19:55,0.00041266842835274427
1200,0.0006524736200901025,Friday,Friday 20:00,0.0003943976650732323
1205,0.00036793739921389305,Friday,Friday 20:05,0.00037851227185983636
1210,0.0004038249991450397,Friday,Friday 20:10,0.00036395821046291945
1215,0.0004515876090987376,Friday,Friday 20:15,0.0003499146444661156
1220,0.0002829812932886342,Friday,Friday 20:20,0.0003359911072572064
1225,0.00011933950533338534,Friday,Friday 20:25,0.00032219750675220214
1230,0.000627735369286807,Friday,Friday 20:30,0.00030891864401766216
1235,8.454948166966832e-05,Friday,Friday 20:35,0.00029649254402294034
1240,0.00026118737316839773,Friday,Friday 20:40,0.00028515133938847146
1245,0.00028077238741229,Friday,Friday 20:45,0.0002747970531548189
1250,0.00018695729163160365,Friday,Friday 20:50,0.000265006224603247
1255,8.5594420887465e-05,Friday,Friday 20:55,0.00025516067730703754
1260,0.000720078132991234,Friday,Friday 21:00,0.0002446682943942322
1265,0.0001503919968481842,Friday,Friday 21:05,0.00023314570633871685
1270,0.0001358628245488684,Friday,Friday 21:10,0.0002205871878921756
1275,0.0003008996833691223,Friday,Friday 21:15,0.00020735307693867743
1280,8.613284088226304e-05,Friday,Friday 21:20,0.00019403952247350854
1285,9.39447184943934e-05,Friday,Friday 21:25,0.0001813002950655774
1290,0.00025074240129782774,Friday,Friday 21:30,0.00016966940240984433
1295,0.00013324072226277643,Friday,Friday 21:35,0.00015940028499221995
1300,0.00013329054977522325,Friday,Friday 21:40,0.00015046052698969352
1305,0.00012320903220653753,Friday,Friday 21:45,0.00014255649457438506
1310,0.0001305258812442128,Friday,Friday 21:50,0.00013523467635866582
1315,2.969496518142061e-05,Friday,Friday 21:55,0.00012798914991900046
1320,0.0003206761466976409,Friday,Friday 22:00,0.00012041264271473094
1325,0.00013068831393217337,Friday,Friday 22:05,0.00011222642489534897
1330,2.561924010744278e-05,Friday,Friday 22:10,0.000103381563490939
1335,9.638306208642816e-05,Friday,Friday 22:15,9.40300672979347e-05
1340,8.847979885947829e-05,Friday,Friday 22:20,8.449030345966076e-05
1345,7.965336524338726e-05,Friday,Friday 22:25,7.516726059632671e-05
1350,8.010938569251639e-05,Friday,Friday 22:30,6.650810395100748e-05
1355,3.915017609912149e-05,Friday,Friday 22:35,5.8858955933266096e-05
1360,0.0,Friday,Friday 22:40,5.245144712484159e-05
1365,3.131027394633938e-05,Friday,Friday 22:45,4.7350000619720826e-05
1370,1.992996287710422e-05,Friday,Friday 22:50,4.3439037962643536e-05
1375,1.48714607838761e-05,Friday,Friday 22:55,4.047174067652934e-05
1380,0.0001244432514894258,Friday,Friday 23:00,3.813076394278776e-05
1385,4.481540573997019e-06,Friday,Friday 23:05,3.6100543085775444e-05
1390,4.5701182540749906e-05,Friday,Friday 23:10,3.414140915978162e-05
1395,3.642652532464906e-05,Friday,Friday 23:15,3.212701726505977e-05
1400,1.3416865946045147e-05,Friday,Friday 23:20,3.00564109734219e-05
1405,1.3128522606058177e-05,Friday,Friday 23:25,2.802060824595157e-05
1410,6.787855703903234e-05,Friday,Friday 23:30,2.618390565320988e-05
1415,1.037019139745719e-05,Friday,Friday 23:35,2.470443097212712e-05
1420,7.375433491261392e-06,Friday,Friday 23:40,2.370145233884682e-05
1425,4.323228578168195e-06,Friday,Friday 23:45,2.3214934124850173e-05
1430,0.0,Friday,Friday 23:50,2.318328838023924e-05
1435,0.0,Friday,Friday 23:55,2.3449193225781314e-05
0,9.824320281285972e-05,Saturday,Saturday 00:00,2.379333802065466e-05
5,1.3845059184929326e-05,Saturday,Saturday 00:05,2.3986929704100164e-05
10,0.0,Saturday,Saturday 00:10,2.3847584389568828e-05
15,7.310320002515475e-05,Saturday,Saturday 00:15,2.327819459208852e-05
20,0.0,Saturday,Saturday 00:20,2.2292479080642666e-05
25,2.5869276305746016e-05,Saturday,Saturday 00:25,2.0995166494310737e-05
30,3.4366384882985985e-05,Saturday,Saturday 00:30,1.9567434765083067e-05
35,0.0,Saturday,Saturday 00:35,1.8209334051002e-05
40,1.2449223102244985e-05,Saturday,Saturday 00:40,1.7114352570685574e-05
45,0.0,Saturday,Saturday 00:45,1.6424755457829232e-05
50,1.8465043471374e-05,Saturday,Saturday 00:50,1.6223214170048382e-05
55,0.0,Saturday,Saturday 00:55,1.652443414932492e-05
60,3.793971331347569e-05,Saturday,Saturday 01:00,1.7286044665118053e-05
65,0.0,Saturday,Saturday 01:05,1.841375541641468e-05
70,2.2529076407903056e-05,Saturday,Saturday 01:10,1.9777334078759957e-05
75,3.4366384882985985e-05,Saturday,Saturday 01:15,2.1219059818940675e-05
80,0.0,Saturday,Saturday 01:20,2.2565159197189036e-05
85,6.2751996084362295e-06,Saturday,Saturday 01:25,2.364311729830104e-05
90,8.308774226023251e-05,Saturday,Saturday 01:30,2.4301711164838258e-05
95,0.0,Saturday,Saturday 01:35,2.4430994275660903e-05
100,8.09538850514893e-05,Saturday,Saturday 01:40,2.3987218021540904e-05
105,0.0,Saturday,Saturday 01:45,2.2985485295204227e-05
110,0.0,Saturday,Saturday 01:50,2.1508770472006468e-05
115,0.0,Saturday,Saturday 01:55,1.9696814611722982e-05
120,8.116930351081011e-05,Saturday,Saturday 02:00,1.773494785894504e-05
125,0.0,Saturday,Saturday 02:05,1.5848371484629165e-05
130,7.973244227122919e-06,Saturday,Saturday 02:10,1.4295161136878806e-05
135,0.0,Saturday,Saturday 02:15,1.3333044422985785e-05
140,0.0,Saturday,Saturday 02:20,1.3193603361292554e-05
145,0.0,Saturday,Saturday 02:25,1.402426332925759e-05
150,0.0,Saturday,Saturday 02:30,1.5843717384223376e-05
155,0.0,Saturday,Saturday 02:35,1.8509720534105642e-05
160,0.0,Saturday,Saturday 02:40,2.174104113042114e-05
165,7.205313362572783e-05,Saturday,Saturday 02:45,2.5134155632169987e-05
170,0.0,Saturday,Saturday 02:50,2.8283640666239986e-05
175,0.0,Saturday,Saturday 02:55,3.086779963130815e-05
180,0.00020040435545993612,Saturday,Saturday 03:00,3.27491143525813e-05
185,0.0,Saturday,Saturday 03:05,3.400673629393308e-05
190,0.0,Saturday,Saturday 03:10,3.494966704605527e-05
195,2.9521466068126893e-05,Saturday,Saturday 03:15,3.601226354886017e-05
200,0.0,Saturday,Saturday 03:20,3.768128583148391e-05
205,0.0,Saturday,Saturday 03:25,4.0361812509074984e-05
210,0.00010168521904915337,Saturday,Saturday 03:30,4.4284360994332366e-05
215,1.1384920797305792e-05,Saturday,Saturday 03:35,4.9431345244537394e-05
220,3.3453040910380694e-05,Saturday,Saturday 03:40,5.554406609294631e-05
225,5.3457926190889784e-05,Saturday,Saturday 03:45,6.209791331342429e-05
230,2.1047409866000203e-05,Saturday,Saturday 03:50,6.846622416263351e-05
235,0.0,Saturday,Saturday 03:55,7.402234103513568e-05
240,0.00038737209416644453,Saturday,Saturday 04:00,7.82978922884705e-05
245,6.87558806488284e-05,Saturday,Saturday 04:05,8.111351203208365e-05
250,5.9005673923345164e-05,Saturday,Saturday 04:10,8.265487437465162e-05
255,1.1647071771550653e-05,Saturday,Saturday 04:15,8.338969598131518e-05
260,5.845835035628368e-05,Saturday,Saturday 04:20,8.402187928898681e-05
265,8.450963907453205e-06,Saturday,Saturday 04:25,8.53133553802594e-05
270,0.0002742916952190517,Saturday,Saturday 04:30,8.793021900448503e-05
275,2.545386368114198e-05,Saturday,Saturday 04:35,9.229322903071829e-05
280,2.86383796308597e-05,Saturday,Saturday 04:40,9.857448826640979e-05
285,1.996024209270958e-05,Saturday,Saturday 04:45,0.0001064794595653755
290,0.0,Saturday,Saturday 04:50,0.0001155671033089548
295,2.3615527344303936e-05,Saturday,Saturday 04:55,0.00012529950485441852
300,0.000710607599304339,Saturday,Saturday 05:00,0.000135298585388991
305,1.8843318857997513e-05,Saturday,Saturday 05:05,0.00014555320074842904
310,3.755232734019601e-05,Saturday,Saturday 05:10,0.0001565891865907432
315,0.00011008923427669418,Saturday,Saturday 05:15,0.0001692889544760876
320,5.549283085642094e-05,Saturday,Saturday 05:20,0.00018488725954349063
325,2.1483344238299074e-05,Saturday,Saturday 05:25,0.00020459422407357892
330,0.0006991636645029132,Saturday,Saturday 05:30,0.000229262851922101
335,5.466097971074408e-05,Saturday,Saturday 05:35,0.00025902490589698525
340,5.369845908696802e-05,Saturday,Saturday 05:40,0.0002932277562916973
345,0.0001897591322283515,Saturday,Saturday 05:45,0.0003299350146085837
350,7.741138784661094e-05,Saturday,Saturday 05:50,0.00036679171402479
355,2.1447890100594203e-05,Saturday,Saturday 05:55,0.00040133600816374634
360,0.0023831772872725367,Saturday,Saturday 06:00,0.00043182502563934443
365,7.782767952924467e-05,Saturday,Saturday 06:05,0.000457902644327174
370,0.00018039948643905438,Saturday,Saturday 06:10,0.00048102666585647034
375,0.00030643749010853666,Saturday,Saturday 06:15,0.0005039959048709615
380,0.00018235406093583117,Saturday,Saturday 06:20,0.0005306374690094858
385,0.00012185108778083732,Saturday,Saturday 06:25,0.0005646893289528234
390,0.0018516037990169482,Saturday,Saturday 06:30,0.000608812725348857
395,0.0001705990921286858,Saturday,Saturday 06:35,0.0006636049891510923
400,0.0001632614618333681,Saturday,Saturday 06:40,0.0007272296494466726
405,0.0003914053509575408,Saturday,Saturday 06:45,0.0007948549070453135
410,0.00013113920013186917,Saturday,Saturday 06:50,0.0008600914008032883
415,0.00017139713563069347,Saturday,Saturday 06:55,0.0009161782142492692
420,0.005700788639383729,Saturday,Saturday 07:00,0.0009579789203544194
425,0.00013985629278626805,Saturday,Saturday 07:05,0.0009834998380458312
430,0.00017096857588829288,Saturday,Saturday 07:10,0.0009946830491548671
435,0.0006737165475503262,Saturday,Saturday 07:15,0.0009966145046494796
440,0.0004091138854661447,Saturday,Saturday 07:20,0.0009962821871923487
445,0.00012625422242598395,Saturday,Saturday 07:25,0.0010005037987941613
450,0.003350760143042098,Saturday,Saturday 07:30,0.00101428999653788
455,0.00023786029113462523,Saturday,Saturday 07:35,0.0010393761020641074
460,0.0003837241460457473,Saturday,Saturday 07:40,0.0010739896769451128
465,0.0006413919267476656,Saturday,Saturday 07:45,0.0011126764732041832
470,0.0002667676804250834,Saturday,Saturday 07:50,0.0011478164468042373
475,0.00023077016711163515,Saturday,Saturday 07:55,0.0011712551692953732
480,0.006598714552743,Saturday,Saturday 08:00,0.0011766597078434564
485,0.00024540381479074436,Saturday,Saturday 08:05,0.0011612622209909215
490,0.0004485145423656748,Saturday,Saturday 08:10,0.0011269136956431934
495,0.0006968114915612339,Saturday,Saturday 08:15,0.001079380517003246
500,0.0004816657170434146,Saturday,Saturday 08:20,0.001026829521991494
505,9.866751784917413e-05,Saturday,Saturday 08:25,0.0009774866058526936
510,0.0027984183046623214,Saturday,Saturday 08:30,0.0009379464147839757
515,0.0002398283331908243,Saturday,Saturday 08:35,0.000911323788764144
520,0.00027915473346642615,Saturday,Saturday 08:40,0.0008974359028902249
525,0.0006218995916545094,Saturday,Saturday 08:45,0.0008928010870524255
530,0.00033138838566468823,Saturday,Saturday 08:50,0.0008920336376021169
535,0.00017374835307329157,Saturday,Saturday 08:55,0.0008891848461716346
540,0.004319971929219406,Saturday,Saturday 09:00,0.0008795772819070837
545,0.00030533750605419137,Saturday,Saturday 09:05,0.0008607622290212581
550,0.0003994800450916383,Saturday,Saturday 09:10,0.0008333501339068353
555,0.000538408437274011,Saturday,Saturday 09:15,0.000800469795589346
560,0.0002099152021059144,Saturday,Saturday 09:20,0.0007667222098761844
565,0.00017653684753274557,Saturday,Saturday 09:25,0.0007366561752015703
570,0.002105568582229,Saturday,Saturday 09:30,0.0007138681849972506
575,0.000320999710152022,Saturday,Saturday 09:35,0.000699541497933504
580,0.00026172521681284104,Saturday,Saturday 09:40,0.0006928329187611073
585,0.000364150420763726,Saturday,Saturday 09:45,0.0006907725392938713
590,0.00034205085618811015,Saturday,Saturday 09:50,0.0006892860411993139
595,0.00010458828782717288,Saturday,Saturday 09:55,0.0006841531980624142
600,0.0034051970496658977,Saturday,Saturday 10:00,0.0006724226707610686
605,0.0002555639176807254,Saturday,Saturday 10:05,0.0006531196713020622
610,0.00022631089908300804,Saturday,Saturday 10:10,0.0006279169004817052
615,0.0003653160371789096,Saturday,Saturday 10:15,0.0006005635190574095
620,0.00024301685602194488,Saturday,Saturday 10:20,0.0005759914995334481
625,0.0001433498474965373,Saturday,Saturday 10:25,0.0005588806577964275
630,0.0010549960538095145,Saturday,Saturday 10:30,0.0005527117826956068
635,0.0003066711679830076,Saturday,Saturday 10:35,0.0005586238449438621
640,0.0004575527164451324,Saturday,Saturday 10:40,0.000575664170904787
645,0.0003200470861640101,Saturday,Saturday 10:45,0.0006007608378765076
650,0.0003028890820232502,Saturday,Saturday 10:50,0.0006297795896429632
655,0.00025613958538547226,Saturday,Saturday 10:55,0.0006583403338842412
660,0.002733812170899589,Saturday,Saturday 11:00,0.0006829389282748202
665,0.00028800358309733756,Saturday,Saturday 11:05,0.0007015270373806656
670,0.00040242947285171394,Saturday,Saturday 11:10,0.0007140633048866574
675,0.0006335257330324097,Saturday,Saturday 11:15,0.0007221941929028006
680,0.0006304296104751653,Saturday,Saturday 11:20,0.000728770328608454
685,0.0003172997490574692,Saturday,Saturday 11:25,0.0007368907327816594
690,0.0017316296844022956,Saturday,Saturday 11:30,0.0007492195612091613
695,0.00026911133977550617,Saturday,Saturday 11:35,0.0007668858475051431
700,0.0004978032507974923,Saturday,Saturday 11:40,0.0007893444535902137
705,0.0006396840038469743,Saturday,Saturday 11:45,0.0008140867439425604
710,0.00036017828406371976,Saturday,Saturday 11:50,0.0008372844719679964
715,0.0004174041378777253,Saturday,Saturday 11:55,0.0008546271894966128
720,0.003559073727879573,Saturday,Saturday 12:00,0.0008625956509294544
725,0.00042687233147081587,Saturday,Saturday 12:05,0.000859417006895575
730,0.0004434010794585267,Saturday,Saturday 12:10,0.0008456568238823339
735,0.0006732040254454462,Saturday,Saturday 12:15,0.0008239117241041406
740,0.000692039314313536,Saturday,Saturday 12:20,0.0007980113751518313
745,0.0003229360706838957,Saturday,Saturday 12:25,0.0007718110032775502
750,0.001479524811297187,Saturday,Saturday 12:30,0.0007482788048517597
755,0.0004578204772931466,Saturday,Saturday 12:35,0.0007286058073948551
760,0.0005292035505605186,Saturday,Saturday 12:40,0.0007122825207318987
765,0.0005325317381241195,Saturday,Saturday 12:45,0.0006972476840311834
770,0.0005724401361974507,Saturday,Saturday 12:50,0.0006806630635325371
775,0.0004169168837031561,Saturday,Saturday 12:55,0.0006596925195097253
780,0.0021204509536185967,Saturday,Saturday 13:00,0.0006325239499122758
785,0.00032999926782546486,Saturday,Saturday 13:05,0.0005988672505455618
790,0.00047941597757990273,Saturday,Saturday 13:10,0.0005603334610734567
795,0.00039155834601978826,Saturday,Saturday 13:15,0.0005200338977438028
800,0.00024467436046413213,Saturday,Saturday 13:20,0.0004819086171812353
805,0.0001781954317049936,Saturday,Saturday 13:25,0.00044975785218787117
810,0.0006247426669483548,Saturday,Saturday 13:30,0.0004265668441211829
815,0.0001738730963662395,Saturday,Saturday 13:35,0.0004136453738557116
820,0.0002539879051446699,Saturday,Saturday 13:40,0.0004107831395411588
825,0.00043902416545607206,Saturday,Saturday 13:45,0.0004162217569306714
830,0.0002270107139941258,Saturday,Saturday 13:50,0.00042725962676169277
835,0.00017714382507625894,Saturday,Saturday 13:55,0.00044075129281281964
840,0.0012582023510279052,Saturday,Saturday 14:00,0.0004538370413797376
845,0.0003374605962594703,Saturday,Saturday 14:05,0.00046432149164628994
850,0.0006357538377153642,Saturday,Saturday 14:10,0.0004711182359653597
855,0.0003752955941787162,Saturday,Saturday 14:15,0.0004741919565249082
860,0.0002698408698892839,Saturday,Saturday 14:20,0.0004744769895401223
865,0.00030551365954636277,Saturday,Saturday 14:25,0.0004734792644393612
870,0.001055337168929044,Saturday,Saturday 14:30,0.0004729697816170577
875,0.00038163142762606466,Saturday,Saturday 14:35,0.0004743595758189527
880,0.00026179201849373064,Saturday,Saturday 14:40,0.0004785757592256292
885,0.00026718241795454145,Saturday,Saturday 14:45,0.000485508685855753
890,0.00023406911275736537,Saturday,Saturday 14:50,0.0004943080825594709
895,0.0001316652280489743,Saturday,Saturday 14:55,0.0005035121883961741
900,0.0017590587102125344,Saturday,Saturday 15:00,0.0005116640399305144
905,0.0004158439289257555,Saturday,Saturday 15:05,0.0005179084591735533
910,0.00044403263407289035,Saturday,Saturday 15:10,0.0005225710109282331
915,0.0003639091705356312,Saturday,Saturday 15:15,0.0005271389462917377
920,0.0004166512788838359,Saturday,Saturday 15:20,0.0005341157736441965
925,0.00020510000406699313,Saturday,Saturday 15:25,0.0005463020903409359
930,0.001074389150282855,Saturday,Saturday 15:30,0.0005660020442519646
935,0.00032360303847106314,Saturday,Saturday 15:35,0.0005941891174905954
940,0.0002854050912285791,Saturday,Saturday 15:40,0.0006302332092279115
945,0.00040921374472465815,Saturday,Saturday 15:45,0.0006714655540115745
950,0.0005368296013362918,Saturday,Saturday 15:50,0.0007141725613169796
955,0.00032593208326651225,Saturday,Saturday 15:55,0.000754394845248021
960,0.0030736711015696893,Saturday,Saturday 16:00,0.0007891567746202999
965,0.00029676762417533617,Saturday,Saturday 16:05,0.0008174609259630409
970,0.0006323074621570089,Saturday,Saturday 16:10,0.0008408068719891538
975,0.0007313067732193934,Saturday,Saturday 16:15,0.000862671844239834
980,0.0005194242797177433,Saturday,Saturday 16:20,0.0008877405963323576
985,0.0003222826275859567,Saturday,Saturday 16:25,0.0009204170804549698
990,0.002013335493916432,Saturday,Saturday 16:30,0.0009635705466360089
995,0.00048499852854166876,Saturday,Saturday 16:35,0.0010173509773982483
1000,0.0005376878029159884,Saturday,Saturday 16:40,0.0010790111000067062
1005,0.0011135595383026877,Saturday,Saturday 16:45,0.0011428369844616447
1010,0.0007223234229917116,Saturday,Saturday 16:50,0.0012016421907757955
1015,0.0006922306240793145,Saturday,Saturday 16:55,0.0012482106935188947
1020,0.005063930698676491,Saturday,Saturday 17:00,0.001277203153590135
1025,0.0007417822344635065,Saturday,Saturday 17:05,0.0012864205260851068
1030,0.000531253423581234,Saturday,Saturday 17:10,0.0012773952545773693
1035,0.0012565778874960912,Saturday,Saturday 17:15,0.0012546627738683337
1040,0.0006892903468861945,Saturday,Saturday 17:20,0.0012245098949873457
1045,0.00061924705741637,Saturday,Saturday 17:25,0.0011932091947849774
1050,0.00281813559915609,Saturday,Saturday 17:30,0.0011657543080962562
1055,0.0006394252526803807,Saturday,Saturday 17:35,0.0011446295808737036
1060,0.0005552248591267706,Saturday,Saturday 17:40,0.0011297821912970506
1065,0.0007351905246503199,Saturday,Saturday 17:45,0.001118607002829277
1070,0.0007531006571378314,Saturday,Saturday 17:50,0.0011069351713881078
1075,0.0004694570706614605,Saturday,Saturday 17:55,0.0010901203052446976
1080,0.00431716418999714,Saturday,Saturday 18:00,0.0010645500328454703
1085,0.0004717448121130928,Saturday,Saturday 18:05,0.0010285833561201906
1090,0.000416599436505024,Saturday,Saturday 18:10,0.0009832021572535805
1095,0.0006214483045412548,Saturday,Saturday 18:15,0.000931590631270675
1100,0.0008076760964644004,Saturday,Saturday 18:20,0.0008781743664916324
1105,0.0003319579439679584,Saturday,Saturday 18:25,0.0008273036945430556
1110,0.0015495344894083864,Saturday,Saturday 18:30,0.0007824572151981771
1115,0.0004817561214041324,Saturday,Saturday 18:35,0.0007451833156242134
1120,0.0005392569927136649,Saturday,Saturday 18:40,0.0007153842038682601
1125,0.0005151761877951962,Saturday,Saturday 18:45,0.0006914300869144089
1130,0.000400868437135537,Saturday,Saturday 18:50,0.000670748038030725
1135,0.00024213952323533762,Saturday,Saturday 18:55,0.0006504588278525734
1140,0.00215886531492439,Saturday,Saturday 19:00,0.0006282041275340132
1145,0.00030512725589531956,Saturday,Saturday 19:05,0.0006024753679722589
1150,0.0004774734952463032,Saturday,Saturday 19:10,0.0005731177700984344
1155,0.0003593494496366911,Saturday,Saturday 19:15,0.000541197785057795
1160,0.0004641663460365232,Saturday,Saturday 19:20,0.0005086495142313212
1165,0.00024922492399256067,Saturday,Saturday 19:25,0.00047764115835336536
1170,0.0008817524751302891,Saturday,Saturday 19:30,0.0004502249650101954
1175,0.00016282271442873616,Saturday,Saturday 19:35,0.0004275027041470012
1180,0.00036943646577839904,Saturday,Saturday 19:40,0.0004097312157381716
1185,0.00014903726777900617,Saturday,Saturday 19:45,0.00039618394076626533
1190,0.0002293492963964618,Saturday,Saturday 19:50,0.0003854462289218136
1195,0.0002476652330677522,Saturday,Saturday 19:55,0.00037574975020420614
1200,0.0013129001060638993,Saturday,Saturday 20:00,0.00036554401512052303
1205,0.00017315106792320048,Saturday,Saturday 20:05,0.00035374807907953066
1210,0.0001876053638403039,Saturday,Saturday 20:10,0.0003400446101316578
1215,0.0001202984303329391,Saturday,Saturday 20:15,0.00032475519505105856
1220,0.0003598933473758826,Saturday,Saturday 20:20,0.00030861116302142495
1225,0.00026730411024179204,Saturday,Saturday 20:25,0.000292399665231294
1230,0.0004606861927545233,Saturday,Saturday 20:30,0.0002768237932525762
1235,0.00015792786132456468,Saturday,Saturday 20:35,0.0002621830032719188
1240,0.00019494107899751436,Saturday,Saturday 20:40,0.000248553671708509
1245,0.0002669122492190818,Saturday,Saturday 20:45,0.00023577991266997847
1250,0.00016207190082704356,Saturday,Saturday 20:50,0.00022362676666079457
1255,9.404245303785948e-05,Saturday,Saturday 20:55,0.0002118484943724892
1260,0.0005536652853230543,Saturday,Saturday 21:00,0.00020031440384659586
1265,4.311628388266813e-05,Saturday,Saturday 21:05,0.00018897299390409358
1270,0.00013340622951190243,Saturday,Saturday 21:10,0.00017791997185285683
1275,0.00015753511473856868,Saturday,Saturday 21:15,0.00016731222608179947
1280,0.00014215788529602842,Saturday,Saturday 21:20,0.0001573381162082168
1285,4.1019609963881455e-05,Saturday,Saturday 21:25,0.00014814058939887186
1290,0.00030485889977913496,Saturday,Saturday 21:30,0.00013984564421698237
1295,0.00011059810989227493,Saturday,Saturday 21:35,0.00013243332583350522
1300,0.00010876005111278376,Saturday,Saturday 21:40,0.00012583046752087873
1305,7.439240396038432e-05,Saturday,Saturday 21:45,0.00011985018480385245
1310,4.0889788968843864e-05,Saturday,Saturday 21:50,0.00011423070372334552
1315,4.400000172770293e-05,Saturday,Saturday 21:55,0.00010863759247417882
1320,0.000317260251532845,Saturday,Saturday 22:00,0.00010275813051206616
1325,0.00011968669333288308,Saturday,Saturday 22:05,9.636362525845574e-05
1330,5.403256886727751e-05,Saturday,Saturday 22:10,8.939982101232337e-05
1335,5.735474794658845e-05,Saturday,Saturday 22:15,8.20102524039484e-05
1340,4.384797550703338e-05,Saturday,Saturday 22:20,7.449825802769588e-05
1345,5.478179281216156e-05,Saturday,Saturday 22:25,6.725255992499542e-05
1350,9.986871409968546e-05,Saturday,Saturday 22:30,6.0678360158924864e-05
1355,4.6791751932932247e-05,Saturday,Saturday 22:35,5.506230841725275e-05
1360,2.189038476120669e-05,Saturday,Saturday 22:40,5.055752621197915e-05
1365,8.345851043438904e-06,Saturday,Saturday 22:45,4.7126006717786215e-05
1370,2.282952710093874e-05,Saturday,Saturday 22:50,4.4555566116021814e-05
1375,4.211722236995778e-06,Saturday,Saturday 22:55,4.2497308924982285e-05
1380,0.00014332404938578695,Saturday,Saturday 23:00,4.0559841456495264e-05
1385,1.042492405322649e-05,Saturday,Saturday 23:05,3.83921985831212e-05
1390,6.659317182991392e-05,Saturday,Saturday 23:10,3.5791415518193824e-05
1395,6.745357290389089e-05,Saturday,Saturday 23:15,3.275230145943402e-05
1400,0.0,Saturday,Saturday 23:20,2.9468992349223526e-05
1405,2.4477783931564042e-05,Saturday,Saturday 23:25,2.627025108481411e-05
1410,0.0,Saturday,Saturday 23:30,2.3536044120405178e-05
1415,0.0,Saturday,Saturday 23:35,2.156576061190414e-05
1420,0.0,Saturday,Saturday 23:40,2.0515614448849703e-05
1425,2.6078286802620546e-05,Saturday,Saturday 23:45,2.0356008128005413e-05
1430,0.0,Saturday,Saturday 23:50,2.0888544323665918e-05
1435,0.0,Saturday,Saturday 23:55,2.1800334547401725e-05
0,9.824320281285972e-05,Sunday,Sunday 00:00,2.2743373370195176e-05
5,1.3845059184929326e-05,Sunday,Sunday 00:05,2.3409786907225334e-05
10,0.0,Sunday,Sunday 00:10,2.3593500639358243e-05
15,7.310320002515475e-05,Sunday,Sunday 00:15,2.321175057589982e-05
20,0.0,Sunday,Sunday 00:20,2.2314823092497903e-05
25,2.5869276305746016e-05,Sunday,Sunday 00:25,2.104510989515656e-05
30,3.4366384882985985e-05,Sunday,Sunday 00:30,1.961522275937091e-05
35,0.0,Sunday,Sunday 00:35,1.824430983706588e-05
40,1.2449223102244985e-05,Sunday,Sunday 00:40,1.713612140051749e-05
45,0.0,Sunday,Sunday 00:45,1.6437252228232267e-05
50,1.8465043471374e-05,Sunday,Sunday 00:50,1.6229455630443954e-05
55,0.0,Sunday,Sunday 00:55,1.6528183499947213e-05
60,3.793971331347569e-05,Sunday,Sunday 01:00,1.7287715645165993e-05
65,0.0,Sunday,Sunday 01:05,1.841448331326092e-05
70,2.2529076407903056e-05,Sunday,Sunday 01:10,1.9777334078759957e-05
75,3.4366384882985985e-05,Sunday,Sunday 01:15,2.1219059818940675e-05
80,0.0,Sunday,Sunday 01:20,2.2565159197189036e-05
85,6.2751996084362295e-06,Sunday,Sunday 01:25,2.364311729830104e-05
90,8.308774226023251e-05,Sunday,Sunday 01:30,2.4301711164838258e-05
95,0.0,Sunday,Sunday 01:35,2.4430994275660903e-05
100,8.09538850514893e-05,Sunday,Sunday 01:40,2.3987218021540904e-05
105,0.0,Sunday,Sunday 01:45,2.2985485295204227e-05
110,0.0,Sunday,Sunday 01:50,2.1508770472006468e-05
115,0.0,Sunday,Sunday 01:55,1.9696814611722982e-05
120,8.116930351081011e-05,Sunday,Sunday 02:00,1.773494785894504e-05
125,0.0,Sunday,Sunday 02:05,1.5848371484629165e-05
130,7.973244227122919e-06,Sunday,Sunday 02:10,1.4295161136878806e-05
135,0.0,Sunday,Sunday 02:15,1.3333044422985785e-05
140,0.0,Sunday,Sunday 02:20,1.3193603361292554e-05
145,0.0,Sunday,Sunday 02:25,1.402426332925759e-05
150,0.0,Sunday,Sunday 02:30,1.5843717384223376e-05
155,0.0,Sunday,Sunday 02:35,1.8509720534105642e-05
160,0.0,Sunday,Sunday 02:40,2.174104113042114e-05
165,7.205313362572783e-05,Sunday,Sunday 02:45,2.5134155632169987e-05
170,0.0,Sunday,Sunday 02:50,2.8283640666239986e-05
175,0.0,Sunday,Sunday 02:55,3.086779963130815e-05
180,0.00020040435545993612,Sunday,Sunday 03:00,3.27491143525813e-05
185,0.0,Sunday,Sunday 03:05,3.400673629393308e-05
190,0.0,Sunday,Sunday 03:10,3.494966704605527e-05
195,2.9521466068126893e-05,Sunday,Sunday 03:15,3.601226354886017e-05
200,0.0,Sunday,Sunday 03:20,3.768128583148391e-05
205,0.0,Sunday,Sunday 03:25,4.0361812509074984e-05
210,0.00010168521904915337,Sunday,Sunday 03:30,4.4284360994332366e-05
215,1.1384920797305792e-05,Sunday,Sunday 03:35,4.9431345244537394e-05
220,3.3453040910380694e-05,Sunday,Sunday 03:40,5.554406609294631e-05
225,5.3457926190889784e-05,Sunday,Sunday 03:45,6.209791331342429e-05
230,2.1047409866000203e-05,Sunday,Sunday 03:50,6.846622416263351e-05
235,0.0,Sunday,Sunday 03:55,7.402234103513568e-05
240,0.00038737209416644453,Sunday,Sunday 04:00,7.82978922884705e-05
245,6.87558806488284e-05,Sunday,Sunday 04:05,8.111351203208365e-05
250,5.9005673923345164e-05,Sunday,Sunday 04:10,8.265487437465162e-05
255,1.1647071771550653e-05,Sunday,Sunday 04:15,8.338969598131518e-05
260,5.845835035628368e-05,Sunday,Sunday 04:20,8.402187928898681e-05
265,8.450963907453205e-06,Sunday,Sunday 04:25,8.53133553802594e-05
270,0.0002742916952190517,Sunday,Sunday 04:30,8.793021900448503e-05
275,2.545386368114198e-05,Sunday,Sunday 04:35,9.229322903071829e-05
280,2.86383796308597e-05,Sunday,Sunday 04:40,9.857448826640979e-05
285,1.996024209270958e-05,Sunday,Sunday 04:45,0.0001064794595653755
290,0.0,Sunday,Sunday 04:50,0.0001155671033089548
295,2.3615527344303936e-05,Sunday,Sunday 04:55,0.00012529950485441852
300,0.000710607599304339,Sunday,Sunday 05:00,0.000135298585388991
305,1.8843318857997513e-05,Sunday,Sunday 05:05,0.00014555320074842904
310,3.755232734019601e-05,Sunday,Sunday 05:10,0.0001565891865907432
315,0.00011008923427669418,Sunday,Sunday 05:15,0.0001692889544760876
320,5.549283085642094e-05,Sunday,Sunday 05:20,0.00018488725954349063
325,2.1483344238299074e-05,Sunday,Sunday 05:25,0.00020459422407357892
330,0.0006991636645029132,Sunday,Sunday 05:30,0.000229262851922101
335,5.466097971074408e-05,Sunday,Sunday 05:35,0.00025902490589698525
340,5.369845908696802e-05,Sunday,Sunday 05:40,0.0002932277562916973
345,0.0001897591322283515,Sunday,Sunday 05:45,0.0003299350146085837
350,7.741138784661094e-05,Sunday,Sunday 05:50,0.00036679171402479
355,2.1447890100594203e-05,Sunday,Sunday 05:55,0.00040133600816374634
360,0.0023831772872725367,Sunday,Sunday 06:00,0.00043182502563934443
365,7.782767952924467e-05,Sunday,Sunday 06:05,0.000457902644327174
370,0.00018039948643905438,Sunday,Sunday 06:10,0.00048102666585647034
375,0.00030643749010853666,Sunday,Sunday 06:15,0.0005039959048709615
380,0.00018235406093583117,Sunday,Sunday 06:20,0.0005306374690094858
385,0.00012185108778083732,Sunday,Sunday 06:25,0.0005646893289528234
390,0.0018516037990169482,Sunday,Sunday 06:30,0.000608812725348857
395,0.0001705990921286858,Sunday,Sunday 06:35,0.0006636049891510923
400,0.0001632614618333681,Sunday,Sunday 06:40,0.0007272296494466726
405,0.0003914053509575408,Sunday,Sunday 06:45,0.0007948549070453135
410,0.00013113920013186917,Sunday,Sunday 06:50,0.0008600914008032883
415,0.00017139713563069347,Sunday,Sunday 06:55,0.0009161782142492692
420,0.005700788639383729,Sunday,Sunday 07:00,0.0009579789203544194
425,0.00013985629278626805,Sunday,Sunday 07:05,0.0009834998380458312
430,0.00017096857588829288,Sunday,Sunday 07:10,0.0009946830491548671
435,0.0006737165475503262,Sunday,Sunday 07:15,0.0009966145046494796
440,0.0004091138854661447,Sunday,Sunday 07:20,0.0009962821871923487
445,0.00012625422242598395,Sunday,Sunday 07:25,0.0010005037987941613
450,0.003350760143042098,Sunday,Sunday 07:30,0.00101428999653788
455,0.00023786029113462523,Sunday,Sunday 07:35,0.0010393761020641074
460,0.0003837241460457473,Sunday,Sunday 07:40,0.0010739896769451128
465,0.0006413919267476656,Sunday,Sunday 07:45,0.0011126764732041832
470,0.0002667676804250834,Sunday,Sunday 07:50,0.0011478164468042373
475,0.00023077016711163515,Sunday,Sunday 07:55,0.0011712551692953732
480,0.006598714552743,Sunday,Sunday 08:00,0.0011766597078434564
485,0.00024540381479074436,Sunday,Sunday 08:05,0.0011612622209909215
490,0.0004485145423656748,Sunday,Sunday 08:10,0.0011269136956431934
495,0.0006968114915612339,Sunday,Sunday 08:15,0.001079380517003246
500,0.0004816657170434146,Sunday,Sunday 08:20,0.001026829521991494
505,9.866751784917413e-05,Sunday,Sunday 08:25,0.0009774866058526936
510,0.0027984183046623214,Sunday,Sunday 08:30,0.0009379464147839757
515,0.0002398283331908243,Sunday,Sunday 08:35,0.000911323788764144
520,0.00027915473346642615,Sunday,Sunday 08:40,0.0008974359028902249
525,0.0006218995916545094,Sunday,Sunday 08:45,0.0008928010870524255
530,0.00033138838566468823,Sunday,Sunday 08:50,0.0008920336376021169
535,0.00017374835307329157,Sunday,Sunday 08:55,0.0008891848461716346
540,0.004319971929219406,Sunday,Sunday 09:00,0.0008795772819070837
545,0.00030533750605419137,Sunday,Sunday 09:05,0.0008607622290212581
550,0.0003994800450916383,Sunday,Sunday 09:10,0.0008333501339068353
555,0.000538408437274011,Sunday,Sunday 09:15,0.000800469795589346
560,0.0002099152021059144,Sunday,Sunday 09:20,0.0007667222098761844
565,0.00017653684753274557,Sunday,Sunday 09:25,0.0007366561752015703
570,0.002105568582229,Sunday,Sunday 09:30,0.0007138681849972506
575,0.000320999710152022,Sunday,Sunday 09:35,0.000699541497933504
580,0.00026172521681284104,Sunday,Sunday 09:40,0.0006928329187611073
585,0.000364150420763726,Sunday,Sunday 09:45,0.0006907725392938713
590,0.00034205085618811015,Sunday,Sunday 09:50,0.0006892860411993139
595,0.00010458828782717288,Sunday,Sunday 09:55,0.0006841531980624142
600,0.0034051970496658977,Sunday,Sunday 10:00,0.0006724226707610686
605,0.0002555639176807254,Sunday,Sunday 10:05,0.0006531196713020622
610,0.00022631089908300804,Sunday,Sunday 10:10,0.0006279169004817052
615,0.0003653160371789096,Sunday,Sunday 10:15,0.0006005635190574095
620,0.00024301685602194488,Sunday,Sunday 10:20,0.0005759914995334481
625,0.0001433498474965373,Sunday,Sunday 10:25,0.0005588806577964275
630,0.0010549960538095145,Sunday,Sunday 10:30,0.0005527117826956068
635,0.0003066711679830076,Sunday,Sunday 10:35,0.0005586238449438621
640,0.0004575527164451324,Sunday,Sunday 10:40,0.000575664170904787
645,0.0003200470861640101,Sunday,Sunday 10:45,0.0006007608378765076
650,0.0003028890820232502,Sunday,Sunday 10:50,0.0006297795896429632
655,0.00025613958538547226,Sunday,Sunday 10:55,0.0006583403338842412
660,0.002733812170899589,Sunday,Sunday 11:00,0.0006829389282748202
665,0.00028800358309733756,Sunday,Sunday 11:05,0.0007015270373806656
670,0.00040242947285171394,Sunday,Sunday 11:10,0.0007140633048866574
675,0.0006335257330324097,Sunday,Sunday 11:15,0.0007221941929028006
680,0.0006304296104751653,Sunday,Sunday 11:20,0.000728770328608454
685,0.0003172997490574692,Sunday,Sunday 11:25,0.0007368907327816594
690,0.0017316296844022956,Sunday,Sunday 11:30,0.0007492195612091613
695,0.00026911133977550617,Sunday,Sunday 11:35,0.0007668858475051431
700,0.0004978032507974923,Sunday,Sunday 11:40,0.0007893444535902137
705,0.0006396840038469743,Sunday,Sunday 11:45,0.0008140867439425604
710,0.00036017828406371976,Sunday,Sunday 11:50,0.0008372844719679964
715,0.0004174041378777253,Sunday,Sunday 11:55,0.0008546271894966128
720,0.003559073727879573,Sunday,Sunday 12:00,0.0008625956509294544
725,0.00042687233147081587,Sunday,Sunday 12:05,0.000859417006895575
730,0.0004434010794585267,Sunday,Sunday 12:10,0.0008456568238823339
735,0.0006732040254454462,Sunday,Sunday 12:15,0.0008239117241041406
740,0.000692039314313536,Sunday,Sunday 12:20,0.0007980113751518313
745,0.0003229360706838957,Sunday,Sunday 12:25,0.0007718110032775502
750,0.001479524811297187,Sunday,Sunday 12:30,0.0007482788048517597
755,0.0004578204772931466,Sunday,Sunday 12:35,0.0007286058073948551
760,0.0005292035505605186,Sunday,Sunday 12:40,0.0007122825207318987
765,0.0005325317381241195,Sunday,Sunday 12:45,0.0006972476840311834
770,0.0005724401361974507,Sunday,Sunday 12:50,0.0006806630635325371
775,0.0004169168837031561,Sunday,Sunday 12:55,0.0006596925195097253
780,0.0021204509536185967,Sunday,Sunday 13:00,0.0006325239499122758
785,0.00032999926782546486,Sunday,Sunday 13:05,0.0005988672505455618
790,0.00047941597757990273,Sunday,Sunday 13:10,0.0005603334610734567
795,0.00039155834601978826,Sunday,Sunday 13:15,0.0005200338977438028
800,0.00024467436046413213,Sunday,Sunday 13:20,0.0004819086171812353
805,0.0001781954317049936,Sunday,Sunday 13:25,0.00044975785218787117
810,0.0006247426669483548,Sunday,Sunday 13:30,0.0004265668441211829
815,0.0001738730963662395,Sunday,Sunday 13:35,0.0004136453738557116
820,0.0002539879051446699,Sunday,Sunday 13:40,0.0004107831395411588
825,0.00043902416545607206,Sunday,Sunday 13:45,0.0004162217569306714
830,0.0002270107139941258,Sunday,Sunday 13:50,0.00042725962676169277
835,0.00017714382507625894,Sunday,Sunday 13:55,0.00044075129281281964
840,0.0012582023510279052,Sunday,Sunday 14:00,0.0004538370413797376
845,0.0003374605962594703,Sunday,Sunday 14:05,0.00046432149164628994
850,0.0006357538377153642,Sunday,Sunday 14:10,0.0004711182359653597
855,0.0003752955941787162,Sunday,Sunday 14:15,0.0004741919565249082
860,0.0002698408698892839,Sunday,Sunday 14:20,0.0004744769895401223
865,0.00030551365954636277,Sunday,Sunday 14:25,0.0004734792644393612
870,0.001055337168929044,Sunday,Sunday 14:30,0.0004729697816170577
875,0.00038163142762606466,Sunday,Sunday 14:35,0.0004743595758189527
880,0.00026179201849373064,Sunday,Sunday 14:40,0.0004785757592256292
885,0.00026718241795454145,Sunday,Sunday 14:45,0.000485508685855753
890,0.00023406911275736537,Sunday,Sunday 14:50,0.0004943080825594709
895,0.0001316652280489743,Sunday,Sunday 14:55,0.0005035121883961741
900,0.0017590587102125344,Sunday,Sunday 15:00,0.0005116640399305144
905,0.0004158439289257555,Sunday,Sunday 15:05,0.0005179084591735533
910,0.00044403263407289035,Sunday,Sunday 15:10,0.0005225710109282331
915,0.0003639091705356312,Sunday,Sunday 15:15,0.0005271389462917377
920,0.0004166512788838359,Sunday,Sunday 15:20,0.0005341157736441965
925,0.00020510000406699313,Sunday,Sunday 15:25,0.0005463020903409359
930,0.001074389150282855,Sunday,Sunday 15:30,0.0005660020442519646
935,0.00032360303847106314,Sunday,Sunday 15:35,0.0005941891174905954
940,0.0002854050912285791,Sunday,Sunday 15:40,0.0006302332092279115
945,0.00040921374472465815,Sunday,Sunday 15:45,0.0006714655540115745
950,0.0005368296013362918,Sunday,Sunday 15:50,0.0007141725613169796
955,0.00032593208326651225,Sunday,Sunday 15:55,0.000754394845248021
960,0.0030736711015696893,Sunday,Sunday 16:00,0.0007891567746202999
965,0.00029676762417533617,Sunday,Sunday 16:05,0.0008174609259630409
970,0.0006323074621570089,Sunday,Sunday 16:10,0.0008408068719891538
975,0.0007313067732193934,Sunday,Sunday 16:15,0.000862671844239834
980,0.0005194242797177433,Sunday,Sunday 16:20,0.0008877405963323576
985,0.0003222826275859567,Sunday,Sunday 16:25,0.0009204170804549698
990,0.002013335493916432,Sunday,Sunday 16:30,0.0009635705466360089
995,0.00048499852854166876,Sunday,Sunday 16:35,0.0010173509773982483
1000,0.0005376878029159884,Sunday,Sunday 16:40,0.0010790111000067062
1005,0.0011135595383026877,Sunday,Sunday 16:45,0.0011428369844616447
1010,0.0007223234229917116,Sunday,Sunday 16:50,0.0012016421907757955
1015,0.0006922306240793145,Sunday,Sunday 16:55,0.0012482106935188947
1020,0.005063930698676491,Sunday,Sunday 17:00,0.001277203153590135
1025,0.0007417822344635065,Sunday,Sunday 17:05,0.0012864205260851068
1030,0.000531253423581234,Sunday,Sunday 17:10,0.0012773952545773693
1035,0.0012565778874960912,Sunday,Sunday 17:15,0.0012546627738683337
1040,0.0006892903468861945,Sunday,Sunday 17:20,0.0012245098949873457
1045,0.00061924705741637,Sunday,Sunday 17:25,0.0011932091947849774
1050,0.00281813559915609,Sunday,Sunday 17:30,0.0011657543080962562
1055,0.0006394252526803807,Sunday,Sunday 17:35,0.0011446295808737036
1060,0.0005552248591267706,Sunday,Sunday 17:40,0.0011297821912970506
1065,0.0007351905246503199,Sunday,Sunday 17:45,0.001118607002829277
1070,0.0007531006571378314,Sunday,Sunday 17:50,0.0011069351713881078
1075,0.0004694570706614605,Sunday,Sunday 17:55,0.0010901203052446976
1080,0.00431716418999714,Sunday,Sunday 18:00,0.0010645500328454703
1085,0.0004717448121130928,Sunday,Sunday 18:05,0.0010285833561201906
1090,0.000416599436505024,Sunday,Sunday 18:10,0.0009832021572535805
1095,0.0006214483045412548,Sunday,Sunday 18:15,0.000931590631270675
1100,0.0008076760964644004,Sunday,Sunday 18:20,0.0008781743664916324
1105,0.0003319579439679584,Sunday,Sunday 18:25,0.0008273036945430556
1110,0.0015495344894083864,Sunday,Sunday 18:30,0.0007824572151981771
1115,0.0004817561214041324,Sunday,Sunday 18:35,0.0007451833156242134
1120,0.0005392569927136649,Sunday,Sunday 18:40,0.0007153842038682601
1125,0.0005151761877951962,Sunday,Sunday 18:45,0.0006914300869144089
1130,0.000400868437135537,Sunday,Sunday 18:50,0.000670748038030725
1135,0.00024213952323533762,Sunday,Sunday 18:55,0.0006504588278525734
1140,0.00215886531492439,Sunday,Sunday 19:00,0.0006282041275340132
1145,0.00030512725589531956,Sunday,Sunday 19:05,0.0006024753679722589
1150,0.0004774734952463032,Sunday,Sunday 19:10,0.0005731177700984344
1155,0.0003593494496366911,Sunday,Sunday 19:15,0.000541197785057795
1160,0.0004641663460365232,Sunday,Sunday 19:20,0.0005086495142313212
1165,0.00024922492399256067,Sunday,Sunday 19:25,0.00047764115835336536
1170,0.0008817524751302891,Sunday,Sunday 19:30,0.0004502249650101954
1175,0.00016282271442873616,Sunday,Sunday 19:35,0.0004275027041470012
1180,0.00036943646577839904,Sunday,Sunday 19:40,0.0004097312157381716
1185,0.00014903726777900617,Sunday,Sunday 19:45,0.00039618394076626533
1190,0.0002293492963964618,Sunday,Sunday 19:50,0.0003854462289218136
1195,0.0002476652330677522,Sunday,Sunday 19:55,0.00037574975020420614
1200,0.0013129001060638993,Sunday,Sunday 20:00,0.00036554401512052303
1205,0.00017315106792320048,Sunday,Sunday 20:05,0.00035374807907953066
1210,0.0001876053638403039,Sunday,Sunday 20:10,0.0003400446101316578
1215,0.0001202984303329391,Sunday,Sunday 20:15,0.00032475519505105856
1220,0.0003598933473758826,Sunday,Sunday 20:20,0.00030861116302142495
1225,0.00026730411024179204,Sunday,Sunday 20:25,0.000292399665231294
1230,0.0004606861927545233,Sunday,Sunday 20:30,0.0002768237932525762
1235,0.00015792786132456468,Sunday,Sunday 20:35,0.0002621830032719188
1240,0.00019494107899751436,Sunday,Sunday 20:40,0.000248553671708509
1245,0.0002669122492190818,Sunday,Sunday 20:45,0.00023577991266997847
1250,0.00016207190082704356,Sunday,Sunday 20:50,0.00022362676666079457
1255,9.404245303785948e-05,Sunday,Sunday 20:55,0.0002118484943724892
1260,0.0005536652853230543,Sunday,Sunday 21:00,0.00020031440384659586
1265,4.311628388266813e-05,Sunday,Sunday 21:05,0.00018897299390409358
1270,0.00013340622951190243,Sunday,Sunday 21:10,0.00017791997185285683
1275,0.00015753511473856868,Sunday,Sunday 21:15,0.00016731222608179947
1280,0.00014215788529602842,Sunday,Sunday 21:20,0.0001573381162082168
1285,4.1019609963881455e-05,Sunday,Sunday 21:25,0.00014814058939887186
1290,0.00030485889977913496,Sunday,Sunday 21:30,0.00013984564421698237
1295,0.00011059810989227493,Sunday,Sunday 21:35,0.00013243332583350522
1300,0.00010876005111278376,Sunday,Sunday 21:40,0.00012583046752087873
1305,7.439240396038432e-05,Sunday,Sunday 21:45,0.00011985018480385245
1310,4.0889788968843864e-05,Sunday,Sunday 21:50,0.00011423070372334552
1315,4.400000172770293e-05,Sunday,Sunday 21:55,0.00010863759247417882
1320,0.000317260251532845,Sunday,Sunday 22:00,0.00010275813051206616
1325,0.00011968669333288308,Sunday,Sunday 22:05,9.636362525845574e-05
1330,5.403256886727751e-05,Sunday,Sunday 22:10,8.939982101232337e-05
1335,5.735474794658845e-05,Sunday,Sunday 22:15,8.20102524039484e-05
1340,4.384797550703338e-05,Sunday,Sunday 22:20,7.449825802769588e-05
1345,5.478179281216156e-05,Sunday,Sunday 22:25,6.725255992499542e-05
1350,9.986871409968546e-05,Sunday,Sunday 22:30,6.0678360158924864e-05
1355,4.6791751932932247e-05,Sunday,Sunday 22:35,5.506230841725275e-05
1360,2.189038476120669e-05,Sunday,Sunday 22:40,5.055552810611359e-05
1365,8.345851043438904e-06,Sunday,Sunday 22:45,4.71223728902841e-05
1370,2.282952710093874e-05,Sunday,Sunday 22:50,4.454729781093064e-05
1375,4.211722236995778e-06,Sunday,Sunday 22:55,4.2476977968166835e-05
1380,0.00014332404938578695,Sunday,Sunday 23:00,4.051705537069786e-05
1385,1.042492405322649e-05,Sunday,Sunday 23:05,3.830589081079186e-05
1390,6.659317182991392e-05,Sunday,Sunday 23:10,3.5627796630084425e-05
1395,6.745357290389089e-05,Sunday,Sunday 23:15,3.246156859478871e-05
1400,0.0,Sunday,Sunday 23:20,2.8982821867356724e-05
1405,2.4477783931564042e-05,Sunday,Sunday 23:25,2.550108989902468e-05
1410,0.0,Sunday,Sunday 23:30,2.238286315431153e-05
1415,0.0,Sunday,Sunday 23:35,1.992354408765142e-05
1420,0.0,Sunday,Sunday 23:40,1.8284493901553864e-05
1425,2.6078286802620546e-05,Sunday,Sunday 23:45,1.7454056334480144e-05
1430,0.0,Sunday,Sunday 23:50,1.7259920694865954e-05
1435,0.0,Sunday,Sunday 23:55,1.742435032960104e-05
