minute_of_day,probability,day_of_week,time_label,prob_smoothed
0,0.0,Monday,Monday 00:00,3.212934083391032e-05
5,6.331546366494564e-05,Monday,Monday 00:05,2.745167866816312e-05
10,0.0,Monday,Monday 00:10,2.2798848332341275e-05
15,0.0,Monday,Monday 00:15,1.863357474635588e-05
20,0.0,Monday,Monday 00:20,1.5272278589272344e-05
25,0.0,Monday,Monday 00:25,1.285424599604032e-05
30,0.0,Monday,Monday 00:30,1.1359199357633917e-05
35,0.0,Monday,Monday 00:35,1.0617829029615553e-05
40,4.007167010511261e-05,Monday,Monday 00:40,1.0385241918852172e-05
45,0.0,Monday,Monday 00:45,1.0386877616599664e-05
50,0.0,Monday,Monday 00:50,1.0368248656253787e-05
55,0.0,Monday,Monday 00:55,1.0133800136020206e-05
60,6.990788433082102e-05,Monday,Monday 01:00,9.57456032622945e-06
65,0.0,Monday,Monday 01:05,8.669615561547286e-06
70,0.0,Monday,Monday 01:10,7.486313428669411e-06
75,0.0,Monday,Monday 01:15,6.141320156074422e-06
80,0.0,Monday,Monday 01:20,4.77554258511361e-06
85,0.0,Monday,Monday 01:25,3.5123606693361844e-06
90,0.0,Monday,Monday 01:30,2.4392586600187724e-06
95,0.0,Monday,Monday 01:35,1.5990213493623953e-06
100,0.0,Monday,Monday 01:40,9.896574867819797e-07
105,0.0,Monday,Monday 01:45,5.79344290169168e-07
110,0.0,Monday,Monday 01:50,3.2569853124357515e-07
115,0.0,Monday,Monday 01:55,1.88853078125654e-07
120,0.0,Monday,Monday 02:00,1.3721448733905865e-07
125,0.0,Monday,Monday 02:05,1.5725695075378608e-07
130,0.0,Monday,Monday 02:10,2.5608541351503594e-07
135,0.0,Monday,Monday 02:15,4.533679575936656e-07
140,0.0,Monday,Monday 02:20,7.864128773760748e-07
145,0.0,Monday,Monday 02:25,1.2992347235557807e-06
150,0.0,Monday,Monday 02:30,2.0369878266987427e-06
155,0.0,Monday,Monday 02:35,3.025655308335444e-06
160,0.0,Monday,Monday 02:40,4.2785468684451835e-06
165,0.0,Monday,Monday 02:45,5.750700689874627e-06
170,0.0,Monday,Monday 02:50,7.379668079273983e-06
175,0.0,Monday,Monday 02:55,9.082534875038345e-06
180,4.85992987355129e-05,Monday,Monday 03:00,1.0786599324460512e-05
185,0.0,Monday,Monday 03:05,1.2467327766586712e-05
190,0.0,Monday,Monday 03:10,1.4187814917930011e-05
195,5.1815312279422635e-05,Monday,Monday 03:15,1.6108474906514717e-05
200,0.0,Monday,Monday 03:20,1.848715065559734e-05
205,0.0,Monday,Monday 03:25,2.161723872402306e-05
210,4.706809982856546e-05,Monday,Monday 03:30,2.573120921439661e-05
215,0.0,Monday,Monday 03:35,3.088046659472452e-05
220,0.0,Monday,Monday 03:40,3.68418787331948e-05
225,0.0,Monday,Monday 03:45,4.306586319319896e-05
230,0.0,Monday,Monday 03:50,4.878121915872809e-05
235,0.0,Monday,Monday 03:55,5.3148237315324984e-05
240,0.000436854371171723,Monday,Monday 04:00,5.550614291040391e-05
245,5.9538200063377396e-05,Monday,Monday 04:05,5.557574022182418e-05
250,0.0,Monday,Monday 04:10,5.357772332811659e-05
255,0.0,Monday,Monday 04:15,5.0179180965686204e-05
260,0.0,Monday,Monday 04:20,4.635066633777827e-05
265,0.0,Monday,Monday 04:25,4.316448401672731e-05
270,0.00011927779937996625,Monday,Monday 04:30,4.1594150358272825e-05
275,0.0,Monday,Monday 04:35,4.236128127581177e-05
280,0.0,Monday,Monday 04:40,4.588695153082502e-05
285,0.0,Monday,Monday 04:45,5.221408699672681e-05
290,0.0,Monday,Monday 04:50,6.10768175658886e-05
295,0.0,Monday,Monday 04:55,7.193075208713877e-05
300,0.00023916899300582476,Monday,Monday 05:00,8.404974798857182e-05
305,0.0,Monday,Monday 05:05,9.664334225729032e-05
310,0.00020488903269022177,Monday,Monday 05:10,0.00010898910332352092
315,0.00016058707519497794,Monday,Monday 05:15,0.00012051431075210184
320,0.00011522397110578326,Monday,Monday 05:20,0.00013088737745545418
325,0.0,Monday,Monday 05:25,0.00014000349594376515
330,0.0002784698692925116,Monday,Monday 05:30,0.00014800521883221964
335,0.00027931886586820046,Monday,Monday 05:35,0.00015520542843497988
340,0.00010405945175334186,Monday,Monday 05:40,0.00016208599114021782
345,0.00010505190340530433,Monday,Monday 05:45,0.00016910115910198235
350,0.00014806104070907102,Monday,Monday 05:50,0.00017674639035605489
355,0.0,Monday,Monday 05:55,0.00018540010680666177
360,0.000555317747169699,Monday,Monday 06:00,0.00019534681236532578
365,3.758396633885485e-05,Monday,Monday 06:05,0.00020674915509128595
370,0.00011214155823520246,Monday,Monday 06:10,0.0002197593115608221
375,0.0002461709416634535,Monday,Monday 06:15,0.0002345508389093358
380,0.00027648914678748266,Monday,Monday 06:20,0.00025140448207986853
385,0.0002655514797332809,Monday,Monday 06:25,0.00027067242304983395
390,0.00041705879766008435,Monday,Monday 06:30,0.0002926239784956525
395,0.00012540910941291088,Monday,Monday 06:35,0.0003172471743826539
400,0.0003354898776938662,Monday,Monday 06:40,0.0003440801765548644
405,0.000257553684328616,Monday,Monday 06:45,0.00037198001111432566
410,0.00012279062560380558,Monday,Monday 06:50,0.00039938610819397494
415,0.00028984913008449646,Monday,Monday 06:55,0.00042468102588984224
420,0.0016916181403442258,Monday,Monday 07:00,0.00044665653487558276
425,0.0002047960180941389,Monday,Monday 07:05,0.0004650017373658169
430,0.0003473937253229832,Monday,Monday 07:10,0.0004805128926733226
435,0.00019773969521828783,Monday,Monday 07:15,0.0004948191096529298
440,0.0005746594286950389,Monday,Monday 07:20,0.0005100123159152137
445,0.0003774329654807692,Monday,Monday 07:25,0.0005279671525124937
450,0.0007191365057179338,Monday,Monday 07:30,0.0005498779764167732
455,0.0004023187535574088,Monday,Monday 07:35,0.0005758721721826443
460,0.0004464028274045643,Monday,Monday 07:40,0.0006050606249611146
465,0.0009080975545879581,Monday,Monday 07:45,0.0006355814857256905
470,0.0003931871849309688,Monday,Monday 07:50,0.0006651302061613143
475,0.00034214554107239346,Monday,Monday 07:55,0.0006913353413979805
480,0.0018652590675491622,Monday,Monday 08:00,0.000712280974344719
485,0.0006860542152094505,Monday,Monday 08:05,0.0007268269003531079
490,0.00020762358046494088,Monday,Monday 08:10,0.0007349157333073221
495,0.0011200948184453866,Monday,Monday 08:15,0.0007374627948447017
500,0.000710723450644262,Monday,Monday 08:20,0.0007361895140008895
505,0.00029969880442519414,Monday,Monday 08:25,0.0007332745772269555
510,0.001431415183445967,Monday,Monday 08:30,0.0007309519676714801
515,0.0004985987456209218,Monday,Monday 08:35,0.0007308805589214092
520,0.0005717541182047387,Monday,Monday 08:40,0.0007338855416698189
525,0.0004249122570992605,Monday,Monday 08:45,0.0007395104371878527
530,0.0005044676685689896,Monday,Monday 08:50,0.000746220371289532
535,0.0005043794386438827,Monday,Monday 08:55,0.0007516967963964272
540,0.0020769489304493234,Monday,Monday 09:00,0.0007536198249300484
545,0.0005570254945355737,Monday,Monday 09:05,0.0007503783658604815
550,0.000738942300187199,Monday,Monday 09:10,0.0007416690661516001
555,0.0006884606989484087,Monday,Monday 09:15,0.0007285064011786091
560,0.0008341460763712597,Monday,Monday 09:20,0.0007129002958650608
565,6.53607387921048e-05,Monday,Monday 09:25,0.0006971265022999453
570,0.0008383785580230046,Monday,Monday 09:30,0.0006831834827202682
575,0.0008374964181649964,Monday,Monday 09:35,0.0006722407109706872
580,0.0005687876829746167,Monday,Monday 09:40,0.0006647142179863174
585,0.0006694038301772912,Monday,Monday 09:45,0.000660464646741962
590,0.0006349330744328462,Monday,Monday 09:50,0.0006592119930476869
595,0.0003077066763730383,Monday,Monday 09:55,0.0006608127477605967
600,0.001460262283241596,Monday,Monday 10:00,0.0006653939187769314
605,0.0002482847550431232,Monday,Monday 10:05,0.0006732109439276445
610,0.0005039012134032754,Monday,Monday 10:10,0.000684472905186543
615,0.0004934566361903441,Monday,Monday 10:15,0.0006990159364157215
620,0.000704902019674972,Monday,Monday 10:20,0.0007163021957054797
625,0.0006130874725389006,Monday,Monday 10:25,0.0007353979301188455
630,0.0015070347331722707,Monday,Monday 10:30,0.0007552586137114336
635,0.000493497951756348,Monday,Monday 10:35,0.0007746705092048951
640,0.0008697680405237107,Monday,Monday 10:40,0.0007924670296026794
645,0.0005601386986548936,Monday,Monday 10:45,0.0008072045697300543
650,0.0005918852164746825,Monday,Monday 10:50,0.0008173078923191229
655,0.0006679561560142162,Monday,Monday 10:55,0.0008210996646367099
660,0.001814157205239051,Monday,Monday 11:00,0.0008173549806247331
665,0.0007091889356876256,Monday,Monday 11:05,0.0008058176659509019
670,0.000802578009209496,Monday,Monday 11:10,0.0007877800253607574
675,0.001361575109227356,Monday,Monday 11:15,0.0007660614500115937
680,0.00024366427675277352,Monday,Monday 11:20,0.0007446386842638063
685,0.0001393027348051777,Monday,Monday 11:25,0.0007276036079053534
690,0.0009334441480141967,Monday,Monday 11:30,0.0007181365676628267
695,0.0002989598840101627,Monday,Monday 11:35,0.0007175439944422557
700,0.0007131647907388787,Monday,Monday 11:40,0.0007250867775758689
705,0.0006739562136572218,Monday,Monday 11:45,0.000738212932607393
710,0.0008515396387745495,Monday,Monday 11:50,0.0007535219902476344
715,0.0005411381110936464,Monday,Monday 11:55,0.0007677191074392617
720,0.002217985281049668,Monday,Monday 12:00,0.0007783980229936837
725,0.0004084603433384446,Monday,Monday 12:05,0.000784246260537697
730,0.00022413447972612668,Monday,Monday 12:10,0.0007849660827308777
735,0.00040456110670853107,Monday,Monday 12:15,0.0007806695906633284
740,0.0010100653065355136,Monday,Monday 12:20,0.0007716468751259463
745,0.000711846189712724,Monday,Monday 12:25,0.0007582746521086377
750,0.0017971836317493596,Monday,Monday 12:30,0.0007414011397886741
755,0.00048530844133730264,Monday,Monday 12:35,0.0007225973147821289
760,0.0005128042715220668,Monday,Monday 12:40,0.0007043706287223896
765,0.0006556254646197556,Monday,Monday 12:45,0.0006897763758684733
770,0.00024190767074406394,Monday,Monday 12:50,0.0006816292412411688
775,0.00020891991642278126,Monday,Monday 12:55,0.0006816417803560122
780,0.0011913067446129386,Monday,Monday 13:00,0.000689815213393525
785,0.0004177644968310942,Monday,Monday 13:05,0.000704190389625852
790,0.0004300567045265504,Monday,Monday 13:10,0.0007214173996273849
795,0.001226355490705206,Monday,Monday 13:15,0.0007375116038418128
800,0.0009801092117797546,Monday,Monday 13:20,0.0007490115919135399
805,0.0005445625552996747,Monday,Monday 13:25,0.0007537795392927527
810,0.001395226663644318,Monday,Monday 13:30,0.0007516501309139011
815,0.000620457171935594,Monday,Monday 13:35,0.0007442456031410883
820,0.0007037674298818899,Monday,Monday 13:40,0.0007345545748988901
825,0.0005273158361842736,Monday,Monday 13:45,0.0007259386899851644
830,0.00047772462902989486,Monday,Monday 13:50,0.0007211664744616605
835,0.0004625007557151237,Monday,Monday 13:55,0.0007215593124306258
840,0.0008635260003234,Monday,Monday 14:00,0.0007267011463458853
845,0.0005176536099881114,Monday,Monday 14:05,0.0007345550114925931
850,0.0009108313088405607,Monday,Monday 14:10,0.0007422822299560739
855,0.0009701658914717519,Monday,Monday 14:15,0.0007470187726862792
860,0.0011541855620609436,Monday,Monday 14:20,0.0007468119628945208
865,0.00057702512941134,Monday,Monday 14:25,0.0007410419036710108
870,0.0010289282325768691,Monday,Monday 14:30,0.0007304227512253918
875,0.00025914913491007234,Monday,Monday 14:35,0.0007165458466899406
880,0.0007146870969570878,Monday,Monday 14:40,0.0007013195869737808
885,0.0007465118641327227,Monday,Monday 14:45,0.0006863615415277184
890,0.00042637030484279074,Monday,Monday 14:50,0.000672753457758078
895,0.0006311680410225684,Monday,Monday 14:55,0.0006610287462576032
900,0.001136525303417521,Monday,Monday 15:00,0.0006513725097543313
905,0.0006645561638098122,Monday,Monday 15:05,0.0006438474448506433
910,0.000279239397175195,Monday,Monday 15:10,0.0006385378077163423
915,0.000654511509191733,Monday,Monday 15:15,0.0006353912309561244
920,0.0003856393858569831,Monday,Monday 15:20,0.0006342728196312811
925,0.0003140953052707845,Monday,Monday 15:25,0.0006348658999477554
930,0.0016016806134657425,Monday,Monday 15:30,0.0006368783054610822
935,0.00033582233172871166,Monday,Monday 15:35,0.0006400918205668644
940,0.00047238048279849774,Monday,Monday 15:40,0.0006445865721306468
945,0.0009898182102029563,Monday,Monday 15:45,0.0006504983621894176
950,0.00027485476240033264,Monday,Monday 15:50,0.0006578775536918938
955,0.00019882726824117027,Monday,Monday 15:55,0.0006663395777442013
960,0.001183788042730041,Monday,Monday 16:00,0.0006749921478433434
965,0.00046790771704065487,Monday,Monday 16:05,0.0006825888403156396
970,0.0007544696899707989,Monday,Monday 16:10,0.000688014986293423
975,0.001589137340026801,Monday,Monday 16:15,0.0006906768945468449
980,0.00023378816161138141,Monday,Monday 16:20,0.0006908041783869652
985,0.00013790434424319582,Monday,Monday 16:25,0.0006893796224026413
990,0.0013402486404314189,Monday,Monday 16:30,0.0006877510898213977
995,0.0003305879734055463,Monday,Monday 16:35,0.0006870262585956203
1000,0.0006741410974709591,Monday,Monday 16:40,0.0006875572682954352
1005,0.0003265130783829557,Monday,Monday 16:45,0.0006887225907578357
1010,0.0010276562914140726,Monday,Monday 16:50,0.0006890256285539268
1015,0.00048035573831963516,Monday,Monday 16:55,0.0006866008227559608
1020,0.001384336516183983,Monday,Monday 17:00,0.0006799141082666521
1025,0.0004843486624035863,Monday,Monday 17:05,0.0006682389970395407
1030,0.0005198917204120234,Monday,Monday 17:10,0.0006521828319380205
1035,0.0011014258755022662,Monday,Monday 17:15,0.0006335003783989165
1040,0.00045424108286714026,Monday,Monday 17:20,0.0006147883607416614
1045,0.0001640054537418427,Monday,Monday 17:25,0.0005988081419679269
1050,0.0005343231668581697,Monday,Monday 17:30,0.0005879419865453953
1055,0.0004402234848957452,Monday,Monday 17:35,0.0005836217839448143
1060,0.0007021349177909525,Monday,Monday 17:40,0.0005862610531604135
1065,0.0006472483106844072,Monday,Monday 17:45,0.0005952314756464517
1070,0.0004000506168519285,Monday,Monday 17:50,0.0006091013794775522
1075,0.000584667360155496,Monday,Monday 17:55,0.0006259965548317212
1080,0.0007667405535871721,Monday,Monday 18:00,0.000643821940394298
1085,0.0007129266062785454,Monday,Monday 18:05,0.0006604252789413564
1090,0.0005454077065664585,Monday,Monday 18:10,0.0006738716854061082
1095,0.0009115841915842297,Monday,Monday 18:15,0.0006825070814711134
1100,0.000880521821326556,Monday,Monday 18:20,0.0006852873199519305
1105,0.00020580148823355228,Monday,Monday 18:25,0.0006818143982544257
1110,0.0015092707011103764,Monday,Monday 18:30,0.0006724836769247534
1115,0.00035279234889489935,Monday,Monday 18:35,0.000658315587182528
1120,0.0008171701839261077,Monday,Monday 18:40,0.0006407565472857478
1125,0.0004544672661428227,Monday,Monday 18:45,0.000621270527898645
1130,0.0003338324368601061,Monday,Monday 18:50,0.0006010313596921666
1135,0.0001566874773000168,Monday,Monday 18:55,0.0005808045441924457
1140,0.001474607069708558,Monday,Monday 19:00,0.000561029492354105
1145,0.0005391220952783097,Monday,Monday 19:05,0.0005419612220017633
1150,9.511983885349064e-05,Monday,Monday 19:10,0.0005240518255607683
1155,0.0008280314279667543,Monday,Monday 19:15,0.0005079008618446046
1160,0.00020581209303650118,Monday,Monday 19:20,0.0004943222180711447
1165,0.0002135839614850142,Monday,Monday 19:25,0.0004841238756532425
1170,0.0008424448634865772,Monday,Monday 19:30,0.0004778644740854527
1175,0.00021869943225852367,Monday,Monday 19:35,0.00047574988888646793
1180,0.0004569104311094202,Monday,Monday 19:40,0.0004776144159906261
1185,0.0007329068944058564,Monday,Monday 19:45,0.0004829587757714393
1190,0.0001788261048363211,Monday,Monday 19:50,0.0004910830420132737
1195,0.00023607847545469027,Monday,Monday 19:55,0.0005011000598075224
1200,0.0010971822024013046,Monday,Monday 20:00,0.0005120135496776041
1205,0.0004963882383891437,Monday,Monday 20:05,0.0005225639032547703
1210,0.00016088629036093325,Monday,Monday 20:10,0.0005313952194670492
1215,0.00042897441793213225,Monday,Monday 20:15,0.0005369729532728482
1220,0.001052883694252081,Monday,Monday 20:20,0.000537937671277348
1225,0.00013977598640505388,Monday,Monday 20:25,0.0005333597291483716
1230,0.0013877271159954577,Monday,Monday 20:30,0.0005230840494201705
1235,0.0002711998445088371,Monday,Monday 20:35,0.0005078587626232942
1240,0.00024324938580232418,Monday,Monday 20:40,0.0004893532733089883
1245,0.0006616499930250941,Monday,Monday 20:45,0.00046991400587801296
1250,0.00027332225949344463,Monday,Monday 20:50,0.0004520765181174952
1255,0.0001628694401065621,Monday,Monday 20:55,0.000438102316743425
1260,0.0008129750921700028,Monday,Monday 21:00,0.00042949715937723226
1265,0.00019751864227375186,Monday,Monday 21:05,0.0004266537502914607
1270,5.112160443854078e-05,Monday,Monday 21:10,0.0004287501208783231
1275,0.0005607399301828582,Monday,Monday 21:15,0.0004338281622272916
1280,0.00043482575144116386,Monday,Monday 21:20,0.0004391158173574427
1285,0.00019942109991141305,Monday,Monday 21:25,0.0004415918369635981
1290,0.0013409839596473425,Monday,Monday 21:30,0.0004386527204603575
1295,0.0003602205455068003,Monday,Monday 21:35,0.0004286074758568766
1300,0.00018639160424428072,Monday,Monday 21:40,0.0004110350298489363
1305,0.0007454739834188179,Monday,Monday 21:45,0.0003867741932675108
1310,0.00023053136228537663,Monday,Monday 21:50,0.0003576318694403577
1315,0.00018727065110280626,Monday,Monday 21:55,0.00032581470477203984
1320,0.0004174179039784626,Monday,Monday 22:00,0.0002935634617451771
1325,6.771198386355566e-05,Monday,Monday 22:05,0.00026264770923976834
1330,8.151043428487462e-05,Monday,Monday 22:10,0.0002343236919389439
1335,0.0005032043690661803,Monday,Monday 22:15,0.00020937573857145953
1340,7.43206060797493e-05,Monday,Monday 22:20,0.0001882060413496669
1345,8.121768887467668e-05,Monday,Monday 22:25,0.00017101583724673332
1350,0.00017008676455167952,Monday,Monday 22:30,0.00015786488329546484
1355,5.5528602016462994e-05,Monday,Monday 22:35,0.00014855023103540728
1360,0.00013498471305754483,Monday,Monday 22:40,0.0001425405303353405
1365,6.699408690957581e-05,Monday,Monday 22:45,0.00013893059702006885
1370,0.0,Monday,Monday 22:50,0.00013646715953619112
1375,0.00016696849666619388,Monday,Monday 22:55,0.0001337671021607007
1380,0.00040078027641040443,Monday,Monday 23:00,0.00012968669118539514
1385,0.00030543062782701426,Monday,Monday 23:05,0.0001234859066444346
1390,5.949304482125155e-05,Monday,Monday 23:10,0.00011503847553658833
1395,0.0,Monday,Monday 23:15,0.00010478390273036454
1400,4.147025915930957e-05,Monday,Monday 23:20,9.345451116923178e-05
1405,0.0,Monday,Monday 23:25,8.184223144519381e-05
1410,4.003099118372284e-05,Monday,Monday 23:30,7.059245889263388e-05
1415,0.00026799943176664825,Monday,Monday 23:35,6.008724680042371e-05
1420,0.0,Monday,Monday 23:40,5.0503964005768875e-05
1425,0.0,Monday,Monday 23:45,4.1914725270413e-05
1430,0.0,Monday,Monday 23:50,3.4335697028118305e-05
1435,0.0,Monday,Monday 23:55,2.7796590882337802e-05
0,0.0,Tuesday,Tuesday 00:00,2.2327271214940363e-05
5,6.331546366494564e-05,Tuesday,Tuesday 00:05,1.792447638884663e-05
10,0.0,Tuesday,Tuesday 00:10,1.4550498722869596e-05
15,0.0,Tuesday,Tuesday 00:15,1.2124737245585454e-05
20,0.0,Tuesday,Tuesday 00:20,1.0535908785568497e-05
25,0.0,Tuesday,Tuesday 00:25,9.656999268815189e-06
30,0.0,Tuesday,Tuesday 00:30,9.346653613715494e-06
35,0.0,Tuesday,Tuesday 00:35,9.43710766464988e-06
40,4.007167010511261e-05,Tuesday,Tuesday 00:40,9.737569922642223e-06
45,0.0,Tuesday,Tuesday 00:45,1.0053549333978544e-05
50,0.0,Tuesday,Tuesday 00:50,1.0207724052336829e-05
55,0.0,Tuesday,Tuesday 00:55,1.0061333216413755e-05
60,6.990788433082102e-05,Tuesday,Tuesday 01:00,9.540623852317292e-06
65,0.0,Tuesday,Tuesday 01:05,8.658008481662615e-06
70,0.0,Tuesday,Tuesday 01:10,7.482914451428436e-06
75,0.0,Tuesday,Tuesday 01:15,6.141320156074422e-06
80,0.0,Tuesday,Tuesday 01:20,4.77554258511361e-06
85,0.0,Tuesday,Tuesday 01:25,3.5123606693361844e-06
90,0.0,Tuesday,Tuesday 01:30,2.4392586600187724e-06
95,0.0,Tuesday,Tuesday 01:35,1.5990213493623953e-06
100,0.0,Tuesday,Tuesday 01:40,9.896574867819797e-07
105,0.0,Tuesday,Tuesday 01:45,5.79344290169168e-07
110,0.0,Tuesday,Tuesday 01:50,3.2569853124357515e-07
115,0.0,Tuesday,Tuesday 01:55,1.88853078125654e-07
120,0.0,Tuesday,Tuesday 02:00,1.3721448733905865e-07
125,0.0,Tuesday,Tuesday 02:05,1.5725695075378608e-07
130,0.0,Tuesday,Tuesday 02:10,2.5608541351503594e-07
135,0.0,Tuesday,Tuesday 02:15,4.533679575936656e-07
140,0.0,Tuesday,Tuesday 02:20,7.864128773760748e-07
145,0.0,Tuesday,Tuesday 02:25,1.2992347235557807e-06
150,0.0,Tuesday,Tuesday 02:30,2.0369878266987427e-06
155,0.0,Tuesday,Tuesday 02:35,3.025655308335444e-06
160,0.0,Tuesday,Tuesday 02:40,4.2785468684451835e-06
165,0.0,Tuesday,Tuesday 02:45,5.750700689874627e-06
170,0.0,Tuesday,Tuesday 02:50,7.379668079273983e-06
175,0.0,Tuesday,Tuesday 02:55,9.082534875038345e-06
180,4.85992987355129e-05,Tuesday,Tuesday 03:00,1.0786599324460512e-05
185,0.0,Tuesday,Tuesday 03:05,1.2467327766586712e-05
190,0.0,Tuesday,Tuesday 03:10,1.4187814917930011e-05
195,5.1815312279422635e-05,Tuesday,Tuesday 03:15,1.6108474906514717e-05
200,0.0,Tuesday,Tuesday 03:20,1.848715065559734e-05
205,0.0,Tuesday,Tuesday 03:25,2.161723872402306e-05
210,4.706809982856546e-05,Tuesday,Tuesday 03:30,2.573120921439661e-05
215,0.0,Tuesday,Tuesday 03:35,3.088046659472452e-05
220,0.0,Tuesday,Tuesday 03:40,3.68418787331948e-05
225,0.0,Tuesday,Tuesday 03:45,4.306586319319896e-05
230,0.0,Tuesday,Tuesday 03:50,4.878121915872809e-05
235,0.0,Tuesday,Tuesday 03:55,5.3148237315324984e-05
240,0.000436854371171723,Tuesday,Tuesday 04:00,5.550614291040391e-05
245,5.9538200063377396e-05,Tuesday,Tuesday 04:05,5.557574022182418e-05
250,0.0,Tuesday,Tuesday 04:10,5.357772332811659e-05
255,0.0,Tuesday,Tuesday 04:15,5.0179180965686204e-05
260,0.0,Tuesday,Tuesday 04:20,4.635066633777827e-05
265,0.0,Tuesday,Tuesday 04:25,4.316448401672731e-05
270,0.00011927779937996625,Tuesday,Tuesday 04:30,4.1594150358272825e-05
275,0.0,Tuesday,Tuesday 04:35,4.236128127581177e-05
280,0.0,Tuesday,Tuesday 04:40,4.588695153082502e-05
285,0.0,Tuesday,Tuesday 04:45,5.221408699672681e-05
290,0.0,Tuesday,Tuesday 04:50,6.10768175658886e-05
295,0.0,Tuesday,Tuesday 04:55,7.193075208713877e-05
300,0.00023916899300582476,Tuesday,Tuesday 05:00,8.404974798857182e-05
305,0.0,Tuesday,Tuesday 05:05,9.664334225729032e-05
310,0.00020488903269022177,Tuesday,Tuesday 05:10,0.00010898910332352092
315,0.00016058707519497794,Tuesday,Tuesday 05:15,0.00012051431075210184
320,0.00011522397110578326,Tuesday,Tuesday 05:20,0.00013088737745545418
325,0.0,Tuesday,Tuesday 05:25,0.00014000349594376515
330,0.0002784698692925116,Tuesday,Tuesday 05:30,0.00014800521883221964
335,0.00027931886586820046,Tuesday,Tuesday 05:35,0.00015520542843497988
340,0.00010405945175334186,Tuesday,Tuesday 05:40,0.00016208599114021782
345,0.00010505190340530433,Tuesday,Tuesday 05:45,0.00016910115910198235
350,0.00014806104070907102,Tuesday,Tuesday 05:50,0.00017674639035605489
355,0.0,Tuesday,Tuesday 05:55,0.00018540010680666177
360,0.000555317747169699,Tuesday,Tuesday 06:00,0.00019534681236532578
365,3.758396633885485e-05,Tuesday,Tuesday 06:05,0.00020674915509128595
370,0.00011214155823520246,Tuesday,Tuesday 06:10,0.0002197593115608221
375,0.0002461709416634535,Tuesday,Tuesday 06:15,0.0002345508389093358
380,0.00027648914678748266,Tuesday,Tuesday 06:20,0.00025140448207986853
385,0.0002655514797332809,Tuesday,Tuesday 06:25,0.00027067242304983395
390,0.00041705879766008435,Tuesday,Tuesday 06:30,0.0002926239784956525
395,0.00012540910941291088,Tuesday,Tuesday 06:35,0.0003172471743826539
400,0.0003354898776938662,Tuesday,Tuesday 06:40,0.0003440801765548644
405,0.000257553684328616,Tuesday,Tuesday 06:45,0.00037198001111432566
410,0.00012279062560380558,Tuesday,Tuesday 06:50,0.00039938610819397494
415,0.00028984913008449646,Tuesday,Tuesday 06:55,0.00042468102588984224
420,0.0016916181403442258,Tuesday,Tuesday 07:00,0.00044665653487558276
425,0.0002047960180941389,Tuesday,Tuesday 07:05,0.0004650017373658169
430,0.0003473937253229832,Tuesday,Tuesday 07:10,0.0004805128926733226
435,0.00019773969521828783,Tuesday,Tuesday 07:15,0.0004948191096529298
440,0.0005746594286950389,Tuesday,Tuesday 07:20,0.0005100123159152137
445,0.0003774329654807692,Tuesday,Tuesday 07:25,0.0005279671525124937
450,0.0007191365057179338,Tuesday,Tuesday 07:30,0.0005498779764167732
455,0.0004023187535574088,Tuesday,Tuesday 07:35,0.0005758721721826443
460,0.0004464028274045643,Tuesday,Tuesday 07:40,0.0006050606249611146
465,0.0009080975545879581,Tuesday,Tuesday 07:45,0.0006355814857256905
470,0.0003931871849309688,Tuesday,Tuesday 07:50,0.0006651302061613143
475,0.00034214554107239346,Tuesday,Tuesday 07:55,0.0006913353413979805
480,0.0018652590675491622,Tuesday,Tuesday 08:00,0.000712280974344719
485,0.0006860542152094505,Tuesday,Tuesday 08:05,0.0007268269003531079
490,0.00020762358046494088,Tuesday,Tuesday 08:10,0.0007349157333073221
495,0.0011200948184453866,Tuesday,Tuesday 08:15,0.0007374627948447017
500,0.000710723450644262,Tuesday,Tuesday 08:20,0.0007361895140008895
505,0.00029969880442519414,Tuesday,Tuesday 08:25,0.0007332745772269555
510,0.001431415183445967,Tuesday,Tuesday 08:30,0.0007309519676714801
515,0.0004985987456209218,Tuesday,Tuesday 08:35,0.0007308805589214092
520,0.0005717541182047387,Tuesday,Tuesday 08:40,0.0007338855416698189
525,0.0004249122570992605,Tuesday,Tuesday 08:45,0.0007395104371878527
530,0.0005044676685689896,Tuesday,Tuesday 08:50,0.000746220371289532
535,0.0005043794386438827,Tuesday,Tuesday 08:55,0.0007516967963964272
540,0.0020769489304493234,Tuesday,Tuesday 09:00,0.0007536198249300484
545,0.0005570254945355737,Tuesday,Tuesday 09:05,0.0007503783658604815
550,0.000738942300187199,Tuesday,Tuesday 09:10,0.0007416690661516001
555,0.0006884606989484087,Tuesday,Tuesday 09:15,0.0007285064011786091
560,0.0008341460763712597,Tuesday,Tuesday 09:20,0.0007129002958650608
565,6.53607387921048e-05,Tuesday,Tuesday 09:25,0.0006971265022999453
570,0.0008383785580230046,Tuesday,Tuesday 09:30,0.0006831834827202682
575,0.0008374964181649964,Tuesday,Tuesday 09:35,0.0006722407109706872
580,0.0005687876829746167,Tuesday,Tuesday 09:40,0.0006647142179863174
585,0.0006694038301772912,Tuesday,Tuesday 09:45,0.000660464646741962
590,0.0006349330744328462,Tuesday,Tuesday 09:50,0.0006592119930476869
595,0.0003077066763730383,Tuesday,Tuesday 09:55,0.0006608127477605967
600,0.001460262283241596,Tuesday,Tuesday 10:00,0.0006653939187769314
605,0.0002482847550431232,Tuesday,Tuesday 10:05,0.0006732109439276445
610,0.0005039012134032754,Tuesday,Tuesday 10:10,0.000684472905186543
615,0.0004934566361903441,Tuesday,Tuesday 10:15,0.0006990159364157215
620,0.000704902019674972,Tuesday,Tuesday 10:20,0.0007163021957054797
625,0.0006130874725389006,Tuesday,Tuesday 10:25,0.0007353979301188455
630,0.0015070347331722707,Tuesday,Tuesday 10:30,0.0007552586137114336
635,0.000493497951756348,Tuesday,Tuesday 10:35,0.0007746705092048951
640,0.0008697680405237107,Tuesday,Tuesday 10:40,0.0007924670296026794
645,0.0005601386986548936,Tuesday,Tuesday 10:45,0.0008072045697300543
650,0.0005918852164746825,Tuesday,Tuesday 10:50,0.0008173078923191229
655,0.0006679561560142162,Tuesday,Tuesday 10:55,0.0008210996646367099
660,0.001814157205239051,Tuesday,Tuesday 11:00,0.0008173549806247331
665,0.0007091889356876256,Tuesday,Tuesday 11:05,0.0008058176659509019
670,0.000802578009209496,Tuesday,Tuesday 11:10,0.0007877800253607574
675,0.001361575109227356,Tuesday,Tuesday 11:15,0.0007660614500115937
680,0.00024366427675277352,Tuesday,Tuesday 11:20,0.0007446386842638063
685,0.0001393027348051777,Tuesday,Tuesday 11:25,0.0007276036079053534
690,0.0009334441480141967,Tuesday,Tuesday 11:30,0.0007181365676628267
695,0.0002989598840101627,Tuesday,Tuesday 11:35,0.0007175439944422557
700,0.0007131647907388787,Tuesday,Tuesday 11:40,0.0007250867775758689
705,0.0006739562136572218,Tuesday,Tuesday 11:45,0.000738212932607393
710,0.0008515396387745495,Tuesday,Tuesday 11:50,0.0007535219902476344
715,0.0005411381110936464,Tuesday,Tuesday 11:55,0.0007677191074392617
720,0.002217985281049668,Tuesday,Tuesday 12:00,0.0007783980229936837
725,0.0004084603433384446,Tuesday,Tuesday 12:05,0.000784246260537697
730,0.00022413447972612668,Tuesday,Tuesday 12:10,0.0007849660827308777
735,0.00040456110670853107,Tuesday,Tuesday 12:15,0.0007806695906633284
740,0.0010100653065355136,Tuesday,Tuesday 12:20,0.0007716468751259463
745,0.000711846189712724,Tuesday,Tuesday 12:25,0.0007582746521086377
750,0.0017971836317493596,Tuesday,Tuesday 12:30,0.0007414011397886741
755,0.00048530844133730264,Tuesday,Tuesday 12:35,0.0007225973147821289
760,0.0005128042715220668,Tuesday,Tuesday 12:40,0.0007043706287223896
765,0.0006556254646197556,Tuesday,Tuesday 12:45,0.0006897763758684733
770,0.00024190767074406394,Tuesday,Tuesday 12:50,0.0006816292412411688
775,0.00020891991642278126,Tuesday,Tuesday 12:55,0.0006816417803560122
780,0.0011913067446129386,Tuesday,Tuesday 13:00,0.000689815213393525
785,0.0004177644968310942,Tuesday,Tuesday 13:05,0.000704190389625852
790,0.0004300567045265504,Tuesday,Tuesday 13:10,0.0007214173996273849
795,0.001226355490705206,Tuesday,Tuesday 13:15,0.0007375116038418128
800,0.0009801092117797546,Tuesday,Tuesday 13:20,0.0007490115919135399
805,0.0005445625552996747,Tuesday,Tuesday 13:25,0.0007537795392927527
810,0.001395226663644318,Tuesday,Tuesday 13:30,0.0007516501309139011
815,0.000620457171935594,Tuesday,Tuesday 13:35,0.0007442456031410883
820,0.0007037674298818899,Tuesday,Tuesday 13:40,0.0007345545748988901
825,0.0005273158361842736,Tuesday,Tuesday 13:45,0.0007259386899851644
830,0.00047772462902989486,Tuesday,Tuesday 13:50,0.0007211664744616605
835,0.0004625007557151237,Tuesday,Tuesday 13:55,0.0007215593124306258
840,0.0008635260003234,Tuesday,Tuesday 14:00,0.0007267011463458853
845,0.0005176536099881114,Tuesday,Tuesday 14:05,0.0007345550114925931
850,0.0009108313088405607,Tuesday,Tuesday 14:10,0.0007422822299560739
855,0.0009701658914717519,Tuesday,Tuesday 14:15,0.0007470187726862792
860,0.0011541855620609436,Tuesday,Tuesday 14:20,0.0007468119628945208
865,0.00057702512941134,Tuesday,Tuesday 14:25,0.0007410419036710108
870,0.0010289282325768691,Tuesday,Tuesday 14:30,0.0007304227512253918
875,0.00025914913491007234,Tuesday,Tuesday 14:35,0.0007165458466899406
880,0.0007146870969570878,Tuesday,Tuesday 14:40,0.0007013195869737808
885,0.0007465118641327227,Tuesday,Tuesday 14:45,0.0006863615415277184
890,0.00042637030484279074,Tuesday,Tuesday 14:50,0.000672753457758078
895,0.0006311680410225684,Tuesday,Tuesday 14:55,0.0006610287462576032
900,0.001136525303417521,Tuesday,Tuesday 15:00,0.0006513725097543313
905,0.0006645561638098122,Tuesday,Tuesday 15:05,0.0006438474448506433
910,0.000279239397175195,Tuesday,Tuesday 15:10,0.0006385378077163423
915,0.000654511509191733,Tuesday,Tuesday 15:15,0.0006353912309561244
920,0.0003856393858569831,Tuesday,Tuesday 15:20,0.0006342728196312811
925,0.0003140953052707845,Tuesday,Tuesday 15:25,0.0006348658999477554
930,0.0016016806134657425,Tuesday,Tuesday 15:30,0.0006368783054610822
935,0.00033582233172871166,Tuesday,Tuesday 15:35,0.0006400918205668644
940,0.00047238048279849774,Tuesday,Tuesday 15:40,0.0006445865721306468
945,0.0009898182102029563,Tuesday,Tuesday 15:45,0.0006504983621894176
950,0.00027485476240033264,Tuesday,Tuesday 15:50,0.0006578775536918938
955,0.00019882726824117027,Tuesday,Tuesday 15:55,0.0006663395777442013
960,0.001183788042730041,Tuesday,Tuesday 16:00,0.0006749921478433434
965,0.00046790771704065487,Tuesday,Tuesday 16:05,0.0006825888403156396
970,0.0007544696899707989,Tuesday,Tuesday 16:10,0.000688014986293423
975,0.001589137340026801,Tuesday,Tuesday 16:15,0.0006906768945468449
980,0.00023378816161138141,Tuesday,Tuesday 16:20,0.0006908041783869652
985,0.00013790434424319582,Tuesday,Tuesday 16:25,0.0006893796224026413
990,0.0013402486404314189,Tuesday,Tuesday 16:30,0.0006877510898213977
995,0.0003305879734055463,Tuesday,Tuesday 16:35,0.0006870262585956203
1000,0.0006741410974709591,Tuesday,Tuesday 16:40,0.0006875572682954352
1005,0.0003265130783829557,Tuesday,Tuesday 16:45,0.0006887225907578357
1010,0.0010276562914140726,Tuesday,Tuesday 16:50,0.0006890256285539268
1015,0.00048035573831963516,Tuesday,Tuesday 16:55,0.0006866008227559608
1020,0.001384336516183983,Tuesday,Tuesday 17:00,0.0006799141082666521
1025,0.0004843486624035863,Tuesday,Tuesday 17:05,0.0006682389970395407
1030,0.0005198917204120234,Tuesday,Tuesday 17:10,0.0006521828319380205
1035,0.0011014258755022662,Tuesday,Tuesday 17:15,0.0006335003783989165
1040,0.00045424108286714026,Tuesday,Tuesday 17:20,0.0006147883607416614
1045,0.0001640054537418427,Tuesday,Tuesday 17:25,0.0005988081419679269
1050,0.0005343231668581697,Tuesday,Tuesday 17:30,0.0005879419865453953
1055,0.0004402234848957452,Tuesday,Tuesday 17:35,0.0005836217839448143
1060,0.0007021349177909525,Tuesday,Tuesday 17:40,0.0005862610531604135
1065,0.0006472483106844072,Tuesday,Tuesday 17:45,0.0005952314756464517
1070,0.0004000506168519285,Tuesday,Tuesday 17:50,0.0006091013794775522
1075,0.000584667360155496,Tuesday,Tuesday 17:55,0.0006259965548317212
1080,0.0007667405535871721,Tuesday,Tuesday 18:00,0.000643821940394298
1085,0.0007129266062785454,Tuesday,Tuesday 18:05,0.0006604252789413564
1090,0.0005454077065664585,Tuesday,Tuesday 18:10,0.0006738716854061082
1095,0.0009115841915842297,Tuesday,Tuesday 18:15,0.0006825070814711134
1100,0.000880521821326556,Tuesday,Tuesday 18:20,0.0006852873199519305
1105,0.00020580148823355228,Tuesday,Tuesday 18:25,0.0006818143982544257
1110,0.0015092707011103764,Tuesday,Tuesday 18:30,0.0006724836769247534
1115,0.00035279234889489935,Tuesday,Tuesday 18:35,0.000658315587182528
1120,0.0008171701839261077,Tuesday,Tuesday 18:40,0.0006407565472857478
1125,0.0004544672661428227,Tuesday,Tuesday 18:45,0.000621270527898645
1130,0.0003338324368601061,Tuesday,Tuesday 18:50,0.0006010313596921666
1135,0.0001566874773000168,Tuesday,Tuesday 18:55,0.0005808045441924457
1140,0.001474607069708558,Tuesday,Tuesday 19:00,0.000561029492354105
1145,0.0005391220952783097,Tuesday,Tuesday 19:05,0.0005419612220017633
1150,9.511983885349064e-05,Tuesday,Tuesday 19:10,0.0005240518255607683
1155,0.0008280314279667543,Tuesday,Tuesday 19:15,0.0005079008618446046
1160,0.00020581209303650118,Tuesday,Tuesday 19:20,0.0004943222180711447
1165,0.0002135839614850142,Tuesday,Tuesday 19:25,0.0004841238756532425
1170,0.0008424448634865772,Tuesday,Tuesday 19:30,0.0004778644740854527
1175,0.00021869943225852367,Tuesday,Tuesday 19:35,0.00047574988888646793
1180,0.0004569104311094202,Tuesday,Tuesday 19:40,0.0004776144159906261
1185,0.0007329068944058564,Tuesday,Tuesday 19:45,0.0004829587757714393
1190,0.0001788261048363211,Tuesday,Tuesday 19:50,0.0004910830420132737
1195,0.00023607847545469027,Tuesday,Tuesday 19:55,0.0005011000598075224
1200,0.0010971822024013046,Tuesday,Tuesday 20:00,0.0005120135496776041
1205,0.0004963882383891437,Tuesday,Tuesday 20:05,0.0005225639032547703
1210,0.00016088629036093325,Tuesday,Tuesday 20:10,0.0005313952194670492
1215,0.00042897441793213225,Tuesday,Tuesday 20:15,0.0005369729532728482
1220,0.001052883694252081,Tuesday,Tuesday 20:20,0.000537937671277348
1225,0.00013977598640505388,Tuesday,Tuesday 20:25,0.0005333597291483716
1230,0.0013877271159954577,Tuesday,Tuesday 20:30,0.0005230840494201705
1235,0.0002711998445088371,Tuesday,Tuesday 20:35,0.0005078587626232942
1240,0.00024324938580232418,Tuesday,Tuesday 20:40,0.0004893532733089883
1245,0.0006616499930250941,Tuesday,Tuesday 20:45,0.00046991400587801296
1250,0.00027332225949344463,Tuesday,Tuesday 20:50,0.0004520765181174952
1255,0.0001628694401065621,Tuesday,Tuesday 20:55,0.000438102316743425
1260,0.0008129750921700028,Tuesday,Tuesday 21:00,0.00042949715937723226
1265,0.00019751864227375186,Tuesday,Tuesday 21:05,0.0004266537502914607
1270,5.112160443854078e-05,Tuesday,Tuesday 21:10,0.0004287501208783231
1275,0.0005607399301828582,Tuesday,Tuesday 21:15,0.0004338281622272916
1280,0.00043482575144116386,Tuesday,Tuesday 21:20,0.0004391158173574427
1285,0.00019942109991141305,Tuesday,Tuesday 21:25,0.0004415918369635981
1290,0.0013409839596473425,Tuesday,Tuesday 21:30,0.0004386527204603575
1295,0.0003602205455068003,Tuesday,Tuesday 21:35,0.0004286074758568766
1300,0.00018639160424428072,Tuesday,Tuesday 21:40,0.0004110350298489363
1305,0.0007454739834188179,Tuesday,Tuesday 21:45,0.0003867741932675108
1310,0.00023053136228537663,Tuesday,Tuesday 21:50,0.0003576318694403577
1315,0.00018727065110280626,Tuesday,Tuesday 21:55,0.00032581470477203984
1320,0.0004174179039784626,Tuesday,Tuesday 22:00,0.0002935634617451771
1325,6.771198386355566e-05,Tuesday,Tuesday 22:05,0.00026264770923976834
1330,8.151043428487462e-05,Tuesday,Tuesday 22:10,0.0002343236919389439
1335,0.0005032043690661803,Tuesday,Tuesday 22:15,0.00020937573857145953
1340,7.43206060797493e-05,Tuesday,Tuesday 22:20,0.0001882060413496669
1345,8.121768887467668e-05,Tuesday,Tuesday 22:25,0.00017101583724673332
1350,0.00017008676455167952,Tuesday,Tuesday 22:30,0.00015786488329546484
1355,5.5528602016462994e-05,Tuesday,Tuesday 22:35,0.00014855023103540728
1360,0.00013498471305754483,Tuesday,Tuesday 22:40,0.0001425405303353405
1365,6.699408690957581e-05,Tuesday,Tuesday 22:45,0.00013893059702006885
1370,0.0,Tuesday,Tuesday 22:50,0.00013646715953619112
1375,0.00016696849666619388,Tuesday,Tuesday 22:55,0.0001337671021607007
1380,0.00040078027641040443,Tuesday,Tuesday 23:00,0.00012968669118539514
1385,0.00030543062782701426,Tuesday,Tuesday 23:05,0.0001234859066444346
1390,5.949304482125155e-05,Tuesday,Tuesday 23:10,0.00011503847553658833
1395,0.0,Tuesday,Tuesday 23:15,0.00010478390273036454
1400,4.147025915930957e-05,Tuesday,Tuesday 23:20,9.345451116923178e-05
1405,0.0,Tuesday,Tuesday 23:25,8.184223144519381e-05
1410,4.003099118372284e-05,Tuesday,Tuesday 23:30,7.059245889263388e-05
1415,0.00026799943176664825,Tuesday,Tuesday 23:35,6.008724680042371e-05
1420,0.0,Tuesday,Tuesday 23:40,5.0503964005768875e-05
1425,0.0,Tuesday,Tuesday 23:45,4.1914725270413e-05
1430,0.0,Tuesday,Tuesday 23:50,3.4335697028118305e-05
1435,0.0,Tuesday,Tuesday 23:55,2.7796590882337802e-05
0,0.0,Wednesday,Wednesday 00:00,2.2327271214940363e-05
5,6.331546366494564e-05,Wednesday,Wednesday 00:05,1.792447638884663e-05
10,0.0,Wednesday,Wednesday 00:10,1.4550498722869596e-05
15,0.0,Wednesday,Wednesday 00:15,1.2124737245585454e-05
20,0.0,Wednesday,Wednesday 00:20,1.0535908785568497e-05
25,0.0,Wednesday,Wednesday 00:25,9.656999268815189e-06
30,0.0,Wednesday,Wednesday 00:30,9.346653613715494e-06
35,0.0,Wednesday,Wednesday 00:35,9.43710766464988e-06
40,4.007167010511261e-05,Wednesday,Wednesday 00:40,9.737569922642223e-06
45,0.0,Wednesday,Wednesday 00:45,1.0053549333978544e-05
50,0.0,Wednesday,Wednesday 00:50,1.0207724052336829e-05
55,0.0,Wednesday,Wednesday 00:55,1.0061333216413755e-05
60,6.990788433082102e-05,Wednesday,Wednesday 01:00,9.540623852317292e-06
65,0.0,Wednesday,Wednesday 01:05,8.658008481662615e-06
70,0.0,Wednesday,Wednesday 01:10,7.482914451428436e-06
75,0.0,Wednesday,Wednesday 01:15,6.141320156074422e-06
80,0.0,Wednesday,Wednesday 01:20,4.77554258511361e-06
85,0.0,Wednesday,Wednesday 01:25,3.5123606693361844e-06
90,0.0,Wednesday,Wednesday 01:30,2.4392586600187724e-06
95,0.0,Wednesday,Wednesday 01:35,1.5990213493623953e-06
100,0.0,Wednesday,Wednesday 01:40,9.896574867819797e-07
105,0.0,Wednesday,Wednesday 01:45,5.79344290169168e-07
110,0.0,Wednesday,Wednesday 01:50,3.2569853124357515e-07
115,0.0,Wednesday,Wednesday 01:55,1.88853078125654e-07
120,0.0,Wednesday,Wednesday 02:00,1.3721448733905865e-07
125,0.0,Wednesday,Wednesday 02:05,1.5725695075378608e-07
130,0.0,Wednesday,Wednesday 02:10,2.5608541351503594e-07
135,0.0,Wednesday,Wednesday 02:15,4.533679575936656e-07
140,0.0,Wednesday,Wednesday 02:20,7.864128773760748e-07
145,0.0,Wednesday,Wednesday 02:25,1.2992347235557807e-06
150,0.0,Wednesday,Wednesday 02:30,2.0369878266987427e-06
155,0.0,Wednesday,Wednesday 02:35,3.025655308335444e-06
160,0.0,Wednesday,Wednesday 02:40,4.2785468684451835e-06
165,0.0,Wednesday,Wednesday 02:45,5.750700689874627e-06
170,0.0,Wednesday,Wednesday 02:50,7.379668079273983e-06
175,0.0,Wednesday,Wednesday 02:55,9.082534875038345e-06
180,4.85992987355129e-05,Wednesday,Wednesday 03:00,1.0786599324460512e-05
185,0.0,Wednesday,Wednesday 03:05,1.2467327766586712e-05
190,0.0,Wednesday,Wednesday 03:10,1.4187814917930011e-05
195,5.1815312279422635e-05,Wednesday,Wednesday 03:15,1.6108474906514717e-05
200,0.0,Wednesday,Wednesday 03:20,1.848715065559734e-05
205,0.0,Wednesday,Wednesday 03:25,2.161723872402306e-05
210,4.706809982856546e-05,Wednesday,Wednesday 03:30,2.573120921439661e-05
215,0.0,Wednesday,Wednesday 03:35,3.088046659472452e-05
220,0.0,Wednesday,Wednesday 03:40,3.68418787331948e-05
225,0.0,Wednesday,Wednesday 03:45,4.306586319319896e-05
230,0.0,Wednesday,Wednesday 03:50,4.878121915872809e-05
235,0.0,Wednesday,Wednesday 03:55,5.3148237315324984e-05
240,0.000436854371171723,Wednesday,Wednesday 04:00,5.550614291040391e-05
245,5.9538200063377396e-05,Wednesday,Wednesday 04:05,5.557574022182418e-05
250,0.0,Wednesday,Wednesday 04:10,5.357772332811659e-05
255,0.0,Wednesday,Wednesday 04:15,5.0179180965686204e-05
260,0.0,Wednesday,Wednesday 04:20,4.635066633777827e-05
265,0.0,Wednesday,Wednesday 04:25,4.316448401672731e-05
270,0.00011927779937996625,Wednesday,Wednesday 04:30,4.1594150358272825e-05
275,0.0,Wednesday,Wednesday 04:35,4.236128127581177e-05
280,0.0,Wednesday,Wednesday 04:40,4.588695153082502e-05
285,0.0,Wednesday,Wednesday 04:45,5.221408699672681e-05
290,0.0,Wednesday,Wednesday 04:50,6.10768175658886e-05
295,0.0,Wednesday,Wednesday 04:55,7.193075208713877e-05
300,0.00023916899300582476,Wednesday,Wednesday 05:00,8.404974798857182e-05
305,0.0,Wednesday,Wednesday 05:05,9.664334225729032e-05
310,0.00020488903269022177,Wednesday,Wednesday 05:10,0.00010898910332352092
315,0.00016058707519497794,Wednesday,Wednesday 05:15,0.00012051431075210184
320,0.00011522397110578326,Wednesday,Wednesday 05:20,0.00013088737745545418
325,0.0,Wednesday,Wednesday 05:25,0.00014000349594376515
330,0.0002784698692925116,Wednesday,Wednesday 05:30,0.00014800521883221964
335,0.00027931886586820046,Wednesday,Wednesday 05:35,0.00015520542843497988
340,0.00010405945175334186,Wednesday,Wednesday 05:40,0.00016208599114021782
345,0.00010505190340530433,Wednesday,Wednesday 05:45,0.00016910115910198235
350,0.00014806104070907102,Wednesday,Wednesday 05:50,0.00017674639035605489
355,0.0,Wednesday,Wednesday 05:55,0.00018540010680666177
360,0.000555317747169699,Wednesday,Wednesday 06:00,0.00019534681236532578
365,3.758396633885485e-05,Wednesday,Wednesday 06:05,0.00020674915509128595
370,0.00011214155823520246,Wednesday,Wednesday 06:10,0.0002197593115608221
375,0.0002461709416634535,Wednesday,Wednesday 06:15,0.0002345508389093358
380,0.00027648914678748266,Wednesday,Wednesday 06:20,0.00025140448207986853
385,0.0002655514797332809,Wednesday,Wednesday 06:25,0.00027067242304983395
390,0.00041705879766008435,Wednesday,Wednesday 06:30,0.0002926239784956525
395,0.00012540910941291088,Wednesday,Wednesday 06:35,0.0003172471743826539
400,0.0003354898776938662,Wednesday,Wednesday 06:40,0.0003440801765548644
405,0.000257553684328616,Wednesday,Wednesday 06:45,0.00037198001111432566
410,0.00012279062560380558,Wednesday,Wednesday 06:50,0.00039938610819397494
415,0.00028984913008449646,Wednesday,Wednesday 06:55,0.00042468102588984224
420,0.0016916181403442258,Wednesday,Wednesday 07:00,0.00044665653487558276
425,0.0002047960180941389,Wednesday,Wednesday 07:05,0.0004650017373658169
430,0.0003473937253229832,Wednesday,Wednesday 07:10,0.0004805128926733226
435,0.00019773969521828783,Wednesday,Wednesday 07:15,0.0004948191096529298
440,0.0005746594286950389,Wednesday,Wednesday 07:20,0.0005100123159152137
445,0.0003774329654807692,Wednesday,Wednesday 07:25,0.0005279671525124937
450,0.0007191365057179338,Wednesday,Wednesday 07:30,0.0005498779764167732
455,0.0004023187535574088,Wednesday,Wednesday 07:35,0.0005758721721826443
460,0.0004464028274045643,Wednesday,Wednesday 07:40,0.0006050606249611146
465,0.0009080975545879581,Wednesday,Wednesday 07:45,0.0006355814857256905
470,0.0003931871849309688,Wednesday,Wednesday 07:50,0.0006651302061613143
475,0.00034214554107239346,Wednesday,Wednesday 07:55,0.0006913353413979805
480,0.0018652590675491622,Wednesday,Wednesday 08:00,0.000712280974344719
485,0.0006860542152094505,Wednesday,Wednesday 08:05,0.0007268269003531079
490,0.00020762358046494088,Wednesday,Wednesday 08:10,0.0007349157333073221
495,0.0011200948184453866,Wednesday,Wednesday 08:15,0.0007374627948447017
500,0.000710723450644262,Wednesday,Wednesday 08:20,0.0007361895140008895
505,0.00029969880442519414,Wednesday,Wednesday 08:25,0.0007332745772269555
510,0.001431415183445967,Wednesday,Wednesday 08:30,0.0007309519676714801
515,0.0004985987456209218,Wednesday,Wednesday 08:35,0.0007308805589214092
520,0.0005717541182047387,Wednesday,Wednesday 08:40,0.0007338855416698189
525,0.0004249122570992605,Wednesday,Wednesday 08:45,0.0007395104371878527
530,0.0005044676685689896,Wednesday,Wednesday 08:50,0.000746220371289532
535,0.0005043794386438827,Wednesday,Wednesday 08:55,0.0007516967963964272
540,0.0020769489304493234,Wednesday,Wednesday 09:00,0.0007536198249300484
545,0.0005570254945355737,Wednesday,Wednesday 09:05,0.0007503783658604815
550,0.000738942300187199,Wednesday,Wednesday 09:10,0.0007416690661516001
555,0.0006884606989484087,Wednesday,Wednesday 09:15,0.0007285064011786091
560,0.0008341460763712597,Wednesday,Wednesday 09:20,0.0007129002958650608
565,6.53607387921048e-05,Wednesday,Wednesday 09:25,0.0006971265022999453
570,0.0008383785580230046,Wednesday,Wednesday 09:30,0.0006831834827202682
575,0.0008374964181649964,Wednesday,Wednesday 09:35,0.0006722407109706872
580,0.0005687876829746167,Wednesday,Wednesday 09:40,0.0006647142179863174
585,0.0006694038301772912,Wednesday,Wednesday 09:45,0.000660464646741962
590,0.0006349330744328462,Wednesday,Wednesday 09:50,0.0006592119930476869
595,0.0003077066763730383,Wednesday,Wednesday 09:55,0.0006608127477605967
600,0.001460262283241596,Wednesday,Wednesday 10:00,0.0006653939187769314
605,0.0002482847550431232,Wednesday,Wednesday 10:05,0.0006732109439276445
610,0.0005039012134032754,Wednesday,Wednesday 10:10,0.000684472905186543
615,0.0004934566361903441,Wednesday,Wednesday 10:15,0.0006990159364157215
620,0.000704902019674972,Wednesday,Wednesday 10:20,0.0007163021957054797
625,0.0006130874725389006,Wednesday,Wednesday 10:25,0.0007353979301188455
630,0.0015070347331722707,Wednesday,Wednesday 10:30,0.0007552586137114336
635,0.000493497951756348,Wednesday,Wednesday 10:35,0.0007746705092048951
640,0.0008697680405237107,Wednesday,Wednesday 10:40,0.0007924670296026794
645,0.0005601386986548936,Wednesday,Wednesday 10:45,0.0008072045697300543
650,0.0005918852164746825,Wednesday,Wednesday 10:50,0.0008173078923191229
655,0.0006679561560142162,Wednesday,Wednesday 10:55,0.0008210996646367099
660,0.001814157205239051,Wednesday,Wednesday 11:00,0.0008173549806247331
665,0.0007091889356876256,Wednesday,Wednesday 11:05,0.0008058176659509019
670,0.000802578009209496,Wednesday,Wednesday 11:10,0.0007877800253607574
675,0.001361575109227356,Wednesday,Wednesday 11:15,0.0007660614500115937
680,0.00024366427675277352,Wednesday,Wednesday 11:20,0.0007446386842638063
685,0.0001393027348051777,Wednesday,Wednesday 11:25,0.0007276036079053534
690,0.0009334441480141967,Wednesday,Wednesday 11:30,0.0007181365676628267
695,0.0002989598840101627,Wednesday,Wednesday 11:35,0.0007175439944422557
700,0.0007131647907388787,Wednesday,Wednesday 11:40,0.0007250867775758689
705,0.0006739562136572218,Wednesday,Wednesday 11:45,0.000738212932607393
710,0.0008515396387745495,Wednesday,Wednesday 11:50,0.0007535219902476344
715,0.0005411381110936464,Wednesday,Wednesday 11:55,0.0007677191074392617
720,0.002217985281049668,Wednesday,Wednesday 12:00,0.0007783980229936837
725,0.0004084603433384446,Wednesday,Wednesday 12:05,0.000784246260537697
730,0.00022413447972612668,Wednesday,Wednesday 12:10,0.0007849660827308777
735,0.00040456110670853107,Wednesday,Wednesday 12:15,0.0007806695906633284
740,0.0010100653065355136,Wednesday,Wednesday 12:20,0.0007716468751259463
745,0.000711846189712724,Wednesday,Wednesday 12:25,0.0007582746521086377
750,0.0017971836317493596,Wednesday,Wednesday 12:30,0.0007414011397886741
755,0.00048530844133730264,Wednesday,Wednesday 12:35,0.0007225973147821289
760,0.0005128042715220668,Wednesday,Wednesday 12:40,0.0007043706287223896
765,0.0006556254646197556,Wednesday,Wednesday 12:45,0.0006897763758684733
770,0.00024190767074406394,Wednesday,Wednesday 12:50,0.0006816292412411688
775,0.00020891991642278126,Wednesday,Wednesday 12:55,0.0006816417803560122
780,0.0011913067446129386,Wednesday,Wednesday 13:00,0.000689815213393525
785,0.0004177644968310942,Wednesday,Wednesday 13:05,0.000704190389625852
790,0.0004300567045265504,Wednesday,Wednesday 13:10,0.0007214173996273849
795,0.001226355490705206,Wednesday,Wednesday 13:15,0.0007375116038418128
800,0.0009801092117797546,Wednesday,Wednesday 13:20,0.0007490115919135399
805,0.0005445625552996747,Wednesday,Wednesday 13:25,0.0007537795392927527
810,0.001395226663644318,Wednesday,Wednesday 13:30,0.0007516501309139011
815,0.000620457171935594,Wednesday,Wednesday 13:35,0.0007442456031410883
820,0.0007037674298818899,Wednesday,Wednesday 13:40,0.0007345545748988901
825,0.0005273158361842736,Wednesday,Wednesday 13:45,0.0007259386899851644
830,0.00047772462902989486,Wednesday,Wednesday 13:50,0.0007211664744616605
835,0.0004625007557151237,Wednesday,Wednesday 13:55,0.0007215593124306258
840,0.0008635260003234,Wednesday,Wednesday 14:00,0.0007267011463458853
845,0.0005176536099881114,Wednesday,Wednesday 14:05,0.0007345550114925931
850,0.0009108313088405607,Wednesday,Wednesday 14:10,0.0007422822299560739
855,0.0009701658914717519,Wednesday,Wednesday 14:15,0.0007470187726862792
860,0.0011541855620609436,Wednesday,Wednesday 14:20,0.0007468119628945208
865,0.00057702512941134,Wednesday,Wednesday 14:25,0.0007410419036710108
870,0.0010289282325768691,Wednesday,Wednesday 14:30,0.0007304227512253918
875,0.00025914913491007234,Wednesday,Wednesday 14:35,0.0007165458466899406
880,0.0007146870969570878,Wednesday,Wednesday 14:40,0.0007013195869737808
885,0.0007465118641327227,Wednesday,Wednesday 14:45,0.0006863615415277184
890,0.00042637030484279074,Wednesday,Wednesday 14:50,0.000672753457758078
895,0.0006311680410225684,Wednesday,Wednesday 14:55,0.0006610287462576032
900,0.001136525303417521,Wednesday,Wednesday 15:00,0.0006513725097543313
905,0.0006645561638098122,Wednesday,Wednesday 15:05,0.0006438474448506433
910,0.000279239397175195,Wednesday,Wednesday 15:10,0.0006385378077163423
915,0.000654511509191733,Wednesday,Wednesday 15:15,0.0006353912309561244
920,0.0003856393858569831,Wednesday,Wednesday 15:20,0.0006342728196312811
925,0.0003140953052707845,Wednesday,Wednesday 15:25,0.0006348658999477554
930,0.0016016806134657425,Wednesday,Wednesday 15:30,0.0006368783054610822
935,0.00033582233172871166,Wednesday,Wednesday 15:35,0.0006400918205668644
940,0.00047238048279849774,Wednesday,Wednesday 15:40,0.0006445865721306468
945,0.0009898182102029563,Wednesday,Wednesday 15:45,0.0006504983621894176
950,0.00027485476240033264,Wednesday,Wednesday 15:50,0.0006578775536918938
955,0.00019882726824117027,Wednesday,Wednesday 15:55,0.0006663395777442013
960,0.001183788042730041,Wednesday,Wednesday 16:00,0.0006749921478433434
965,0.00046790771704065487,Wednesday,Wednesday 16:05,0.0006825888403156396
970,0.0007544696899707989,Wednesday,Wednesday 16:10,0.000688014986293423
975,0.001589137340026801,Wednesday,Wednesday 16:15,0.0006906768945468449
980,0.00023378816161138141,Wednesday,Wednesday 16:20,0.0006908041783869652
985,0.00013790434424319582,Wednesday,Wednesday 16:25,0.0006893796224026413
990,0.0013402486404314189,Wednesday,Wednesday 16:30,0.0006877510898213977
995,0.0003305879734055463,Wednesday,Wednesday 16:35,0.0006870262585956203
1000,0.0006741410974709591,Wednesday,Wednesday 16:40,0.0006875572682954352
1005,0.0003265130783829557,Wednesday,Wednesday 16:45,0.0006887225907578357
1010,0.0010276562914140726,Wednesday,Wednesday 16:50,0.0006890256285539268
1015,0.00048035573831963516,Wednesday,Wednesday 16:55,0.0006866008227559608
1020,0.001384336516183983,Wednesday,Wednesday 17:00,0.0006799141082666521
1025,0.0004843486624035863,Wednesday,Wednesday 17:05,0.0006682389970395407
1030,0.0005198917204120234,Wednesday,Wednesday 17:10,0.0006521828319380205
1035,0.0011014258755022662,Wednesday,Wednesday 17:15,0.0006335003783989165
1040,0.00045424108286714026,Wednesday,Wednesday 17:20,0.0006147883607416614
1045,0.0001640054537418427,Wednesday,Wednesday 17:25,0.0005988081419679269
1050,0.0005343231668581697,Wednesday,Wednesday 17:30,0.0005879419865453953
1055,0.0004402234848957452,Wednesday,Wednesday 17:35,0.0005836217839448143
1060,0.0007021349177909525,Wednesday,Wednesday 17:40,0.0005862610531604135
1065,0.0006472483106844072,Wednesday,Wednesday 17:45,0.0005952314756464517
1070,0.0004000506168519285,Wednesday,Wednesday 17:50,0.0006091013794775522
1075,0.000584667360155496,Wednesday,Wednesday 17:55,0.0006259965548317212
1080,0.0007667405535871721,Wednesday,Wednesday 18:00,0.000643821940394298
1085,0.0007129266062785454,Wednesday,Wednesday 18:05,0.0006604252789413564
1090,0.0005454077065664585,Wednesday,Wednesday 18:10,0.0006738716854061082
1095,0.0009115841915842297,Wednesday,Wednesday 18:15,0.0006825070814711134
1100,0.000880521821326556,Wednesday,Wednesday 18:20,0.0006852873199519305
1105,0.00020580148823355228,Wednesday,Wednesday 18:25,0.0006818143982544257
1110,0.0015092707011103764,Wednesday,Wednesday 18:30,0.0006724836769247534
1115,0.00035279234889489935,Wednesday,Wednesday 18:35,0.000658315587182528
1120,0.0008171701839261077,Wednesday,Wednesday 18:40,0.0006407565472857478
1125,0.0004544672661428227,Wednesday,Wednesday 18:45,0.000621270527898645
1130,0.0003338324368601061,Wednesday,Wednesday 18:50,0.0006010313596921666
1135,0.0001566874773000168,Wednesday,Wednesday 18:55,0.0005808045441924457
1140,0.001474607069708558,Wednesday,Wednesday 19:00,0.000561029492354105
1145,0.0005391220952783097,Wednesday,Wednesday 19:05,0.0005419612220017633
1150,9.511983885349064e-05,Wednesday,Wednesday 19:10,0.0005240518255607683
1155,0.0008280314279667543,Wednesday,Wednesday 19:15,0.0005079008618446046
1160,0.00020581209303650118,Wednesday,Wednesday 19:20,0.0004943222180711447
1165,0.0002135839614850142,Wednesday,Wednesday 19:25,0.0004841238756532425
1170,0.0008424448634865772,Wednesday,Wednesday 19:30,0.0004778644740854527
1175,0.00021869943225852367,Wednesday,Wednesday 19:35,0.00047574988888646793
1180,0.0004569104311094202,Wednesday,Wednesday 19:40,0.0004776144159906261
1185,0.0007329068944058564,Wednesday,Wednesday 19:45,0.0004829587757714393
1190,0.0001788261048363211,Wednesday,Wednesday 19:50,0.0004910830420132737
1195,0.00023607847545469027,Wednesday,Wednesday 19:55,0.0005011000598075224
1200,0.0010971822024013046,Wednesday,Wednesday 20:00,0.0005120135496776041
1205,0.0004963882383891437,Wednesday,Wednesday 20:05,0.0005225639032547703
1210,0.00016088629036093325,Wednesday,Wednesday 20:10,0.0005313952194670492
1215,0.00042897441793213225,Wednesday,Wednesday 20:15,0.0005369729532728482
1220,0.001052883694252081,Wednesday,Wednesday 20:20,0.000537937671277348
1225,0.00013977598640505388,Wednesday,Wednesday 20:25,0.0005333597291483716
1230,0.0013877271159954577,Wednesday,Wednesday 20:30,0.0005230840494201705
1235,0.0002711998445088371,Wednesday,Wednesday 20:35,0.0005078587626232942
1240,0.00024324938580232418,Wednesday,Wednesday 20:40,0.0004893532733089883
1245,0.0006616499930250941,Wednesday,Wednesday 20:45,0.00046991400587801296
1250,0.00027332225949344463,Wednesday,Wednesday 20:50,0.0004520765181174952
1255,0.0001628694401065621,Wednesday,Wednesday 20:55,0.000438102316743425
1260,0.0008129750921700028,Wednesday,Wednesday 21:00,0.00042949715937723226
1265,0.00019751864227375186,Wednesday,Wednesday 21:05,0.0004266537502914607
1270,5.112160443854078e-05,Wednesday,Wednesday 21:10,0.0004287501208783231
1275,0.0005607399301828582,Wednesday,Wednesday 21:15,0.0004338281622272916
1280,0.00043482575144116386,Wednesday,Wednesday 21:20,0.0004391158173574427
1285,0.00019942109991141305,Wednesday,Wednesday 21:25,0.0004415918369635981
1290,0.0013409839596473425,Wednesday,Wednesday 21:30,0.0004386527204603575
1295,0.0003602205455068003,Wednesday,Wednesday 21:35,0.0004286074758568766
1300,0.00018639160424428072,Wednesday,Wednesday 21:40,0.0004110350298489363
1305,0.0007454739834188179,Wednesday,Wednesday 21:45,0.0003867741932675108
1310,0.00023053136228537663,Wednesday,Wednesday 21:50,0.0003576318694403577
1315,0.00018727065110280626,Wednesday,Wednesday 21:55,0.00032581470477203984
1320,0.0004174179039784626,Wednesday,Wednesday 22:00,0.0002935634617451771
1325,6.771198386355566e-05,Wednesday,Wednesday 22:05,0.00026264770923976834
1330,8.151043428487462e-05,Wednesday,Wednesday 22:10,0.0002343236919389439
1335,0.0005032043690661803,Wednesday,Wednesday 22:15,0.00020937573857145953
1340,7.43206060797493e-05,Wednesday,Wednesday 22:20,0.0001882060413496669
1345,8.121768887467668e-05,Wednesday,Wednesday 22:25,0.00017101583724673332
1350,0.00017008676455167952,Wednesday,Wednesday 22:30,0.00015786488329546484
1355,5.5528602016462994e-05,Wednesday,Wednesday 22:35,0.00014855023103540728
1360,0.00013498471305754483,Wednesday,Wednesday 22:40,0.0001425405303353405
1365,6.699408690957581e-05,Wednesday,Wednesday 22:45,0.00013893059702006885
1370,0.0,Wednesday,Wednesday 22:50,0.00013646715953619112
1375,0.00016696849666619388,Wednesday,Wednesday 22:55,0.0001337671021607007
1380,0.00040078027641040443,Wednesday,Wednesday 23:00,0.00012968669118539514
1385,0.00030543062782701426,Wednesday,Wednesday 23:05,0.0001234859066444346
1390,5.949304482125155e-05,Wednesday,Wednesday 23:10,0.00011503847553658833
1395,0.0,Wednesday,Wednesday 23:15,0.00010478390273036454
1400,4.147025915930957e-05,Wednesday,Wednesday 23:20,9.345451116923178e-05
1405,0.0,Wednesday,Wednesday 23:25,8.184223144519381e-05
1410,4.003099118372284e-05,Wednesday,Wednesday 23:30,7.059245889263388e-05
1415,0.00026799943176664825,Wednesday,Wednesday 23:35,6.008724680042371e-05
1420,0.0,Wednesday,Wednesday 23:40,5.0503964005768875e-05
1425,0.0,Wednesday,Wednesday 23:45,4.1914725270413e-05
1430,0.0,Wednesday,Wednesday 23:50,3.4335697028118305e-05
1435,0.0,Wednesday,Wednesday 23:55,2.7796590882337802e-05
0,0.0,Thursday,Thursday 00:00,2.2327271214940363e-05
5,6.331546366494564e-05,Thursday,Thursday 00:05,1.792447638884663e-05
10,0.0,Thursday,Thursday 00:10,1.4550498722869596e-05
15,0.0,Thursday,Thursday 00:15,1.2124737245585454e-05
20,0.0,Thursday,Thursday 00:20,1.0535908785568497e-05
25,0.0,Thursday,Thursday 00:25,9.656999268815189e-06
30,0.0,Thursday,Thursday 00:30,9.346653613715494e-06
35,0.0,Thursday,Thursday 00:35,9.43710766464988e-06
40,4.007167010511261e-05,Thursday,Thursday 00:40,9.737569922642223e-06
45,0.0,Thursday,Thursday 00:45,1.0053549333978544e-05
50,0.0,Thursday,Thursday 00:50,1.0207724052336829e-05
55,0.0,Thursday,Thursday 00:55,1.0061333216413755e-05
60,6.990788433082102e-05,Thursday,Thursday 01:00,9.540623852317292e-06
65,0.0,Thursday,Thursday 01:05,8.658008481662615e-06
70,0.0,Thursday,Thursday 01:10,7.482914451428436e-06
75,0.0,Thursday,Thursday 01:15,6.141320156074422e-06
80,0.0,Thursday,Thursday 01:20,4.77554258511361e-06
85,0.0,Thursday,Thursday 01:25,3.5123606693361844e-06
90,0.0,Thursday,Thursday 01:30,2.4392586600187724e-06
95,0.0,Thursday,Thursday 01:35,1.5990213493623953e-06
100,0.0,Thursday,Thursday 01:40,9.896574867819797e-07
105,0.0,Thursday,Thursday 01:45,5.79344290169168e-07
110,0.0,Thursday,Thursday 01:50,3.2569853124357515e-07
115,0.0,Thursday,Thursday 01:55,1.88853078125654e-07
120,0.0,Thursday,Thursday 02:00,1.3721448733905865e-07
125,0.0,Thursday,Thursday 02:05,1.5725695075378608e-07
130,0.0,Thursday,Thursday 02:10,2.5608541351503594e-07
135,0.0,Thursday,Thursday 02:15,4.533679575936656e-07
140,0.0,Thursday,Thursday 02:20,7.864128773760748e-07
145,0.0,Thursday,Thursday 02:25,1.2992347235557807e-06
150,0.0,Thursday,Thursday 02:30,2.0369878266987427e-06
155,0.0,Thursday,Thursday 02:35,3.025655308335444e-06
160,0.0,Thursday,Thursday 02:40,4.2785468684451835e-06
165,0.0,Thursday,Thursday 02:45,5.750700689874627e-06
170,0.0,Thursday,Thursday 02:50,7.379668079273983e-06
175,0.0,Thursday,Thursday 02:55,9.082534875038345e-06
180,4.85992987355129e-05,Thursday,Thursday 03:00,1.0786599324460512e-05
185,0.0,Thursday,Thursday 03:05,1.2467327766586712e-05
190,0.0,Thursday,Thursday 03:10,1.4187814917930011e-05
195,5.1815312279422635e-05,Thursday,Thursday 03:15,1.6108474906514717e-05
200,0.0,Thursday,Thursday 03:20,1.848715065559734e-05
205,0.0,Thursday,Thursday 03:25,2.161723872402306e-05
210,4.706809982856546e-05,Thursday,Thursday 03:30,2.573120921439661e-05
215,0.0,Thursday,Thursday 03:35,3.088046659472452e-05
220,0.0,Thursday,Thursday 03:40,3.68418787331948e-05
225,0.0,Thursday,Thursday 03:45,4.306586319319896e-05
230,0.0,Thursday,Thursday 03:50,4.878121915872809e-05
235,0.0,Thursday,Thursday 03:55,5.3148237315324984e-05
240,0.000436854371171723,Thursday,Thursday 04:00,5.550614291040391e-05
245,5.9538200063377396e-05,Thursday,Thursday 04:05,5.557574022182418e-05
250,0.0,Thursday,Thursday 04:10,5.357772332811659e-05
255,0.0,Thursday,Thursday 04:15,5.0179180965686204e-05
260,0.0,Thursday,Thursday 04:20,4.635066633777827e-05
265,0.0,Thursday,Thursday 04:25,4.316448401672731e-05
270,0.00011927779937996625,Thursday,Thursday 04:30,4.1594150358272825e-05
275,0.0,Thursday,Thursday 04:35,4.236128127581177e-05
280,0.0,Thursday,Thursday 04:40,4.588695153082502e-05
285,0.0,Thursday,Thursday 04:45,5.221408699672681e-05
290,0.0,Thursday,Thursday 04:50,6.10768175658886e-05
295,0.0,Thursday,Thursday 04:55,7.193075208713877e-05
300,0.00023916899300582476,Thursday,Thursday 05:00,8.404974798857182e-05
305,0.0,Thursday,Thursday 05:05,9.664334225729032e-05
310,0.00020488903269022177,Thursday,Thursday 05:10,0.00010898910332352092
315,0.00016058707519497794,Thursday,Thursday 05:15,0.00012051431075210184
320,0.00011522397110578326,Thursday,Thursday 05:20,0.00013088737745545418
325,0.0,Thursday,Thursday 05:25,0.00014000349594376515
330,0.0002784698692925116,Thursday,Thursday 05:30,0.00014800521883221964
335,0.00027931886586820046,Thursday,Thursday 05:35,0.00015520542843497988
340,0.00010405945175334186,Thursday,Thursday 05:40,0.00016208599114021782
345,0.00010505190340530433,Thursday,Thursday 05:45,0.00016910115910198235
350,0.00014806104070907102,Thursday,Thursday 05:50,0.00017674639035605489
355,0.0,Thursday,Thursday 05:55,0.00018540010680666177
360,0.000555317747169699,Thursday,Thursday 06:00,0.00019534681236532578
365,3.758396633885485e-05,Thursday,Thursday 06:05,0.00020674915509128595
370,0.00011214155823520246,Thursday,Thursday 06:10,0.0002197593115608221
375,0.0002461709416634535,Thursday,Thursday 06:15,0.0002345508389093358
380,0.00027648914678748266,Thursday,Thursday 06:20,0.00025140448207986853
385,0.0002655514797332809,Thursday,Thursday 06:25,0.00027067242304983395
390,0.00041705879766008435,Thursday,Thursday 06:30,0.0002926239784956525
395,0.00012540910941291088,Thursday,Thursday 06:35,0.0003172471743826539
400,0.0003354898776938662,Thursday,Thursday 06:40,0.0003440801765548644
405,0.000257553684328616,Thursday,Thursday 06:45,0.00037198001111432566
410,0.00012279062560380558,Thursday,Thursday 06:50,0.00039938610819397494
415,0.00028984913008449646,Thursday,Thursday 06:55,0.00042468102588984224
420,0.0016916181403442258,Thursday,Thursday 07:00,0.00044665653487558276
425,0.0002047960180941389,Thursday,Thursday 07:05,0.0004650017373658169
430,0.0003473937253229832,Thursday,Thursday 07:10,0.0004805128926733226
435,0.00019773969521828783,Thursday,Thursday 07:15,0.0004948191096529298
440,0.0005746594286950389,Thursday,Thursday 07:20,0.0005100123159152137
445,0.0003774329654807692,Thursday,Thursday 07:25,0.0005279671525124937
450,0.0007191365057179338,Thursday,Thursday 07:30,0.0005498779764167732
455,0.0004023187535574088,Thursday,Thursday 07:35,0.0005758721721826443
460,0.0004464028274045643,Thursday,Thursday 07:40,0.0006050606249611146
465,0.0009080975545879581,Thursday,Thursday 07:45,0.0006355814857256905
470,0.0003931871849309688,Thursday,Thursday 07:50,0.0006651302061613143
475,0.00034214554107239346,Thursday,Thursday 07:55,0.0006913353413979805
480,0.0018652590675491622,Thursday,Thursday 08:00,0.000712280974344719
485,0.0006860542152094505,Thursday,Thursday 08:05,0.0007268269003531079
490,0.00020762358046494088,Thursday,Thursday 08:10,0.0007349157333073221
495,0.0011200948184453866,Thursday,Thursday 08:15,0.0007374627948447017
500,0.000710723450644262,Thursday,Thursday 08:20,0.0007361895140008895
505,0.00029969880442519414,Thursday,Thursday 08:25,0.0007332745772269555
510,0.001431415183445967,Thursday,Thursday 08:30,0.0007309519676714801
515,0.0004985987456209218,Thursday,Thursday 08:35,0.0007308805589214092
520,0.0005717541182047387,Thursday,Thursday 08:40,0.0007338855416698189
525,0.0004249122570992605,Thursday,Thursday 08:45,0.0007395104371878527
530,0.0005044676685689896,Thursday,Thursday 08:50,0.000746220371289532
535,0.0005043794386438827,Thursday,Thursday 08:55,0.0007516967963964272
540,0.0020769489304493234,Thursday,Thursday 09:00,0.0007536198249300484
545,0.0005570254945355737,Thursday,Thursday 09:05,0.0007503783658604815
550,0.000738942300187199,Thursday,Thursday 09:10,0.0007416690661516001
555,0.0006884606989484087,Thursday,Thursday 09:15,0.0007285064011786091
560,0.0008341460763712597,Thursday,Thursday 09:20,0.0007129002958650608
565,6.53607387921048e-05,Thursday,Thursday 09:25,0.0006971265022999453
570,0.0008383785580230046,Thursday,Thursday 09:30,0.0006831834827202682
575,0.0008374964181649964,Thursday,Thursday 09:35,0.0006722407109706872
580,0.0005687876829746167,Thursday,Thursday 09:40,0.0006647142179863174
585,0.0006694038301772912,Thursday,Thursday 09:45,0.000660464646741962
590,0.0006349330744328462,Thursday,Thursday 09:50,0.0006592119930476869
595,0.0003077066763730383,Thursday,Thursday 09:55,0.0006608127477605967
600,0.001460262283241596,Thursday,Thursday 10:00,0.0006653939187769314
605,0.0002482847550431232,Thursday,Thursday 10:05,0.0006732109439276445
610,0.0005039012134032754,Thursday,Thursday 10:10,0.000684472905186543
615,0.0004934566361903441,Thursday,Thursday 10:15,0.0006990159364157215
620,0.000704902019674972,Thursday,Thursday 10:20,0.0007163021957054797
625,0.0006130874725389006,Thursday,Thursday 10:25,0.0007353979301188455
630,0.0015070347331722707,Thursday,Thursday 10:30,0.0007552586137114336
635,0.000493497951756348,Thursday,Thursday 10:35,0.0007746705092048951
640,0.0008697680405237107,Thursday,Thursday 10:40,0.0007924670296026794
645,0.0005601386986548936,Thursday,Thursday 10:45,0.0008072045697300543
650,0.0005918852164746825,Thursday,Thursday 10:50,0.0008173078923191229
655,0.0006679561560142162,Thursday,Thursday 10:55,0.0008210996646367099
660,0.001814157205239051,Thursday,Thursday 11:00,0.0008173549806247331
665,0.0007091889356876256,Thursday,Thursday 11:05,0.0008058176659509019
670,0.000802578009209496,Thursday,Thursday 11:10,0.0007877800253607574
675,0.001361575109227356,Thursday,Thursday 11:15,0.0007660614500115937
680,0.00024366427675277352,Thursday,Thursday 11:20,0.0007446386842638063
685,0.0001393027348051777,Thursday,Thursday 11:25,0.0007276036079053534
690,0.0009334441480141967,Thursday,Thursday 11:30,0.0007181365676628267
695,0.0002989598840101627,Thursday,Thursday 11:35,0.0007175439944422557
700,0.0007131647907388787,Thursday,Thursday 11:40,0.0007250867775758689
705,0.0006739562136572218,Thursday,Thursday 11:45,0.000738212932607393
710,0.0008515396387745495,Thursday,Thursday 11:50,0.0007535219902476344
715,0.0005411381110936464,Thursday,Thursday 11:55,0.0007677191074392617
720,0.002217985281049668,Thursday,Thursday 12:00,0.0007783980229936837
725,0.0004084603433384446,Thursday,Thursday 12:05,0.000784246260537697
730,0.00022413447972612668,Thursday,Thursday 12:10,0.0007849660827308777
735,0.00040456110670853107,Thursday,Thursday 12:15,0.0007806695906633284
740,0.0010100653065355136,Thursday,Thursday 12:20,0.0007716468751259463
745,0.000711846189712724,Thursday,Thursday 12:25,0.0007582746521086377
750,0.0017971836317493596,Thursday,Thursday 12:30,0.0007414011397886741
755,0.00048530844133730264,Thursday,Thursday 12:35,0.0007225973147821289
760,0.0005128042715220668,Thursday,Thursday 12:40,0.0007043706287223896
765,0.0006556254646197556,Thursday,Thursday 12:45,0.0006897763758684733
770,0.00024190767074406394,Thursday,Thursday 12:50,0.0006816292412411688
775,0.00020891991642278126,Thursday,Thursday 12:55,0.0006816417803560122
780,0.0011913067446129386,Thursday,Thursday 13:00,0.000689815213393525
785,0.0004177644968310942,Thursday,Thursday 13:05,0.000704190389625852
790,0.0004300567045265504,Thursday,Thursday 13:10,0.0007214173996273849
795,0.001226355490705206,Thursday,Thursday 13:15,0.0007375116038418128
800,0.0009801092117797546,Thursday,Thursday 13:20,0.0007490115919135399
805,0.0005445625552996747,Thursday,Thursday 13:25,0.0007537795392927527
810,0.001395226663644318,Thursday,Thursday 13:30,0.0007516501309139011
815,0.000620457171935594,Thursday,Thursday 13:35,0.0007442456031410883
820,0.0007037674298818899,Thursday,Thursday 13:40,0.0007345545748988901
825,0.0005273158361842736,Thursday,Thursday 13:45,0.0007259386899851644
830,0.00047772462902989486,Thursday,Thursday 13:50,0.0007211664744616605
835,0.0004625007557151237,Thursday,Thursday 13:55,0.0007215593124306258
840,0.0008635260003234,Thursday,Thursday 14:00,0.0007267011463458853
845,0.0005176536099881114,Thursday,Thursday 14:05,0.0007345550114925931
850,0.0009108313088405607,Thursday,Thursday 14:10,0.0007422822299560739
855,0.0009701658914717519,Thursday,Thursday 14:15,0.0007470187726862792
860,0.0011541855620609436,Thursday,Thursday 14:20,0.0007468119628945208
865,0.00057702512941134,Thursday,Thursday 14:25,0.0007410419036710108
870,0.0010289282325768691,Thursday,Thursday 14:30,0.0007304227512253918
875,0.00025914913491007234,Thursday,Thursday 14:35,0.0007165458466899406
880,0.0007146870969570878,Thursday,Thursday 14:40,0.0007013195869737808
885,0.0007465118641327227,Thursday,Thursday 14:45,0.0006863615415277184
890,0.00042637030484279074,Thursday,Thursday 14:50,0.000672753457758078
895,0.0006311680410225684,Thursday,Thursday 14:55,0.0006610287462576032
900,0.001136525303417521,Thursday,Thursday 15:00,0.0006513725097543313
905,0.0006645561638098122,Thursday,Thursday 15:05,0.0006438474448506433
910,0.000279239397175195,Thursday,Thursday 15:10,0.0006385378077163423
915,0.000654511509191733,Thursday,Thursday 15:15,0.0006353912309561244
920,0.0003856393858569831,Thursday,Thursday 15:20,0.0006342728196312811
925,0.0003140953052707845,Thursday,Thursday 15:25,0.0006348658999477554
930,0.0016016806134657425,Thursday,Thursday 15:30,0.0006368783054610822
935,0.00033582233172871166,Thursday,Thursday 15:35,0.0006400918205668644
940,0.00047238048279849774,Thursday,Thursday 15:40,0.0006445865721306468
945,0.0009898182102029563,Thursday,Thursday 15:45,0.0006504983621894176
950,0.00027485476240033264,Thursday,Thursday 15:50,0.0006578775536918938
955,0.00019882726824117027,Thursday,Thursday 15:55,0.0006663395777442013
960,0.001183788042730041,Thursday,Thursday 16:00,0.0006749921478433434
965,0.00046790771704065487,Thursday,Thursday 16:05,0.0006825888403156396
970,0.0007544696899707989,Thursday,Thursday 16:10,0.000688014986293423
975,0.001589137340026801,Thursday,Thursday 16:15,0.0006906768945468449
980,0.00023378816161138141,Thursday,Thursday 16:20,0.0006908041783869652
985,0.00013790434424319582,Thursday,Thursday 16:25,0.0006893796224026413
990,0.0013402486404314189,Thursday,Thursday 16:30,0.0006877510898213977
995,0.0003305879734055463,Thursday,Thursday 16:35,0.0006870262585956203
1000,0.0006741410974709591,Thursday,Thursday 16:40,0.0006875572682954352
1005,0.0003265130783829557,Thursday,Thursday 16:45,0.0006887225907578357
1010,0.0010276562914140726,Thursday,Thursday 16:50,0.0006890256285539268
1015,0.00048035573831963516,Thursday,Thursday 16:55,0.0006866008227559608
1020,0.001384336516183983,Thursday,Thursday 17:00,0.0006799141082666521
1025,0.0004843486624035863,Thursday,Thursday 17:05,0.0006682389970395407
1030,0.0005198917204120234,Thursday,Thursday 17:10,0.0006521828319380205
1035,0.0011014258755022662,Thursday,Thursday 17:15,0.0006335003783989165
1040,0.00045424108286714026,Thursday,Thursday 17:20,0.0006147883607416614
1045,0.0001640054537418427,Thursday,Thursday 17:25,0.0005988081419679269
1050,0.0005343231668581697,Thursday,Thursday 17:30,0.0005879419865453953
1055,0.0004402234848957452,Thursday,Thursday 17:35,0.0005836217839448143
1060,0.0007021349177909525,Thursday,Thursday 17:40,0.0005862610531604135
1065,0.0006472483106844072,Thursday,Thursday 17:45,0.0005952314756464517
1070,0.0004000506168519285,Thursday,Thursday 17:50,0.0006091013794775522
1075,0.000584667360155496,Thursday,Thursday 17:55,0.0006259965548317212
1080,0.0007667405535871721,Thursday,Thursday 18:00,0.000643821940394298
1085,0.0007129266062785454,Thursday,Thursday 18:05,0.0006604252789413564
1090,0.0005454077065664585,Thursday,Thursday 18:10,0.0006738716854061082
1095,0.0009115841915842297,Thursday,Thursday 18:15,0.0006825070814711134
1100,0.000880521821326556,Thursday,Thursday 18:20,0.0006852873199519305
1105,0.00020580148823355228,Thursday,Thursday 18:25,0.0006818143982544257
1110,0.0015092707011103764,Thursday,Thursday 18:30,0.0006724836769247534
1115,0.00035279234889489935,Thursday,Thursday 18:35,0.000658315587182528
1120,0.0008171701839261077,Thursday,Thursday 18:40,0.0006407565472857478
1125,0.0004544672661428227,Thursday,Thursday 18:45,0.000621270527898645
1130,0.0003338324368601061,Thursday,Thursday 18:50,0.0006010313596921666
1135,0.0001566874773000168,Thursday,Thursday 18:55,0.0005808045441924457
1140,0.001474607069708558,Thursday,Thursday 19:00,0.000561029492354105
1145,0.0005391220952783097,Thursday,Thursday 19:05,0.0005419612220017633
1150,9.511983885349064e-05,Thursday,Thursday 19:10,0.0005240518255607683
1155,0.0008280314279667543,Thursday,Thursday 19:15,0.0005079008618446046
1160,0.00020581209303650118,Thursday,Thursday 19:20,0.0004943222180711447
1165,0.0002135839614850142,Thursday,Thursday 19:25,0.0004841238756532425
1170,0.0008424448634865772,Thursday,Thursday 19:30,0.0004778644740854527
1175,0.00021869943225852367,Thursday,Thursday 19:35,0.00047574988888646793
1180,0.0004569104311094202,Thursday,Thursday 19:40,0.0004776144159906261
1185,0.0007329068944058564,Thursday,Thursday 19:45,0.0004829587757714393
1190,0.0001788261048363211,Thursday,Thursday 19:50,0.0004910830420132737
1195,0.00023607847545469027,Thursday,Thursday 19:55,0.0005011000598075224
1200,0.0010971822024013046,Thursday,Thursday 20:00,0.0005120135496776041
1205,0.0004963882383891437,Thursday,Thursday 20:05,0.0005225639032547703
1210,0.00016088629036093325,Thursday,Thursday 20:10,0.0005313952194670492
1215,0.00042897441793213225,Thursday,Thursday 20:15,0.0005369729532728482
1220,0.001052883694252081,Thursday,Thursday 20:20,0.000537937671277348
1225,0.00013977598640505388,Thursday,Thursday 20:25,0.0005333597291483716
1230,0.0013877271159954577,Thursday,Thursday 20:30,0.0005230840494201705
1235,0.0002711998445088371,Thursday,Thursday 20:35,0.0005078587626232942
1240,0.00024324938580232418,Thursday,Thursday 20:40,0.0004893532733089883
1245,0.0006616499930250941,Thursday,Thursday 20:45,0.00046991400587801296
1250,0.00027332225949344463,Thursday,Thursday 20:50,0.0004520765181174952
1255,0.0001628694401065621,Thursday,Thursday 20:55,0.000438102316743425
1260,0.0008129750921700028,Thursday,Thursday 21:00,0.00042949715937723226
1265,0.00019751864227375186,Thursday,Thursday 21:05,0.0004266537502914607
1270,5.112160443854078e-05,Thursday,Thursday 21:10,0.0004287501208783231
1275,0.0005607399301828582,Thursday,Thursday 21:15,0.0004338281622272916
1280,0.00043482575144116386,Thursday,Thursday 21:20,0.0004391158173574427
1285,0.00019942109991141305,Thursday,Thursday 21:25,0.0004415918369635981
1290,0.0013409839596473425,Thursday,Thursday 21:30,0.0004386527204603575
1295,0.0003602205455068003,Thursday,Thursday 21:35,0.0004286074758568766
1300,0.00018639160424428072,Thursday,Thursday 21:40,0.0004110350298489363
1305,0.0007454739834188179,Thursday,Thursday 21:45,0.0003867741932675108
1310,0.00023053136228537663,Thursday,Thursday 21:50,0.0003576318694403577
1315,0.00018727065110280626,Thursday,Thursday 21:55,0.00032581470477203984
1320,0.0004174179039784626,Thursday,Thursday 22:00,0.0002935634617451771
1325,6.771198386355566e-05,Thursday,Thursday 22:05,0.00026264770923976834
1330,8.151043428487462e-05,Thursday,Thursday 22:10,0.0002343236919389439
1335,0.0005032043690661803,Thursday,Thursday 22:15,0.00020937573857145953
1340,7.43206060797493e-05,Thursday,Thursday 22:20,0.0001882060413496669
1345,8.121768887467668e-05,Thursday,Thursday 22:25,0.00017101583724673332
1350,0.00017008676455167952,Thursday,Thursday 22:30,0.00015786488329546484
1355,5.5528602016462994e-05,Thursday,Thursday 22:35,0.00014855023103540728
1360,0.00013498471305754483,Thursday,Thursday 22:40,0.0001425405303353405
1365,6.699408690957581e-05,Thursday,Thursday 22:45,0.00013893059702006885
1370,0.0,Thursday,Thursday 22:50,0.00013646715953619112
1375,0.00016696849666619388,Thursday,Thursday 22:55,0.0001337671021607007
1380,0.00040078027641040443,Thursday,Thursday 23:00,0.00012968669118539514
1385,0.00030543062782701426,Thursday,Thursday 23:05,0.0001234859066444346
1390,5.949304482125155e-05,Thursday,Thursday 23:10,0.00011503847553658833
1395,0.0,Thursday,Thursday 23:15,0.00010478390273036454
1400,4.147025915930957e-05,Thursday,Thursday 23:20,9.345451116923178e-05
1405,0.0,Thursday,Thursday 23:25,8.184223144519381e-05
1410,4.003099118372284e-05,Thursday,Thursday 23:30,7.059245889263388e-05
1415,0.00026799943176664825,Thursday,Thursday 23:35,6.008724680042371e-05
1420,0.0,Thursday,Thursday 23:40,5.0503964005768875e-05
1425,0.0,Thursday,Thursday 23:45,4.1914725270413e-05
1430,0.0,Thursday,Thursday 23:50,3.4335697028118305e-05
1435,0.0,Thursday,Thursday 23:55,2.7796590882337802e-05
0,0.0,Friday,Friday 00:00,2.2327271214940363e-05
5,6.331546366494564e-05,Friday,Friday 00:05,1.792447638884663e-05
10,0.0,Friday,Friday 00:10,1.4550498722869596e-05
15,0.0,Friday,Friday 00:15,1.2124737245585454e-05
20,0.0,Friday,Friday 00:20,1.0535908785568497e-05
25,0.0,Friday,Friday 00:25,9.656999268815189e-06
30,0.0,Friday,Friday 00:30,9.346653613715494e-06
35,0.0,Friday,Friday 00:35,9.43710766464988e-06
40,4.007167010511261e-05,Friday,Friday 00:40,9.737569922642223e-06
45,0.0,Friday,Friday 00:45,1.0053549333978544e-05
50,0.0,Friday,Friday 00:50,1.0207724052336829e-05
55,0.0,Friday,Friday 00:55,1.0061333216413755e-05
60,6.990788433082102e-05,Friday,Friday 01:00,9.540623852317292e-06
65,0.0,Friday,Friday 01:05,8.658008481662615e-06
70,0.0,Friday,Friday 01:10,7.482914451428436e-06
75,0.0,Friday,Friday 01:15,6.141320156074422e-06
80,0.0,Friday,Friday 01:20,4.77554258511361e-06
85,0.0,Friday,Friday 01:25,3.5123606693361844e-06
90,0.0,Friday,Friday 01:30,2.4392586600187724e-06
95,0.0,Friday,Friday 01:35,1.5990213493623953e-06
100,0.0,Friday,Friday 01:40,9.896574867819797e-07
105,0.0,Friday,Friday 01:45,5.79344290169168e-07
110,0.0,Friday,Friday 01:50,3.2569853124357515e-07
115,0.0,Friday,Friday 01:55,1.88853078125654e-07
120,0.0,Friday,Friday 02:00,1.3721448733905865e-07
125,0.0,Friday,Friday 02:05,1.5725695075378608e-07
130,0.0,Friday,Friday 02:10,2.5608541351503594e-07
135,0.0,Friday,Friday 02:15,4.533679575936656e-07
140,0.0,Friday,Friday 02:20,7.864128773760748e-07
145,0.0,Friday,Friday 02:25,1.2992347235557807e-06
150,0.0,Friday,Friday 02:30,2.0369878266987427e-06
155,0.0,Friday,Friday 02:35,3.025655308335444e-06
160,0.0,Friday,Friday 02:40,4.2785468684451835e-06
165,0.0,Friday,Friday 02:45,5.750700689874627e-06
170,0.0,Friday,Friday 02:50,7.379668079273983e-06
175,0.0,Friday,Friday 02:55,9.082534875038345e-06
180,4.85992987355129e-05,Friday,Friday 03:00,1.0786599324460512e-05
185,0.0,Friday,Friday 03:05,1.2467327766586712e-05
190,0.0,Friday,Friday 03:10,1.4187814917930011e-05
195,5.1815312279422635e-05,Friday,Friday 03:15,1.6108474906514717e-05
200,0.0,Friday,Friday 03:20,1.848715065559734e-05
205,0.0,Friday,Friday 03:25,2.161723872402306e-05
210,4.706809982856546e-05,Friday,Friday 03:30,2.573120921439661e-05
215,0.0,Friday,Friday 03:35,3.088046659472452e-05
220,0.0,Friday,Friday 03:40,3.68418787331948e-05
225,0.0,Friday,Friday 03:45,4.306586319319896e-05
230,0.0,Friday,Friday 03:50,4.878121915872809e-05
235,0.0,Friday,Friday 03:55,5.3148237315324984e-05
240,0.000436854371171723,Friday,Friday 04:00,5.550614291040391e-05
245,5.9538200063377396e-05,Friday,Friday 04:05,5.557574022182418e-05
250,0.0,Friday,Friday 04:10,5.357772332811659e-05
255,0.0,Friday,Friday 04:15,5.0179180965686204e-05
260,0.0,Friday,Friday 04:20,4.635066633777827e-05
265,0.0,Friday,Friday 04:25,4.316448401672731e-05
270,0.00011927779937996625,Friday,Friday 04:30,4.1594150358272825e-05
275,0.0,Friday,Friday 04:35,4.236128127581177e-05
280,0.0,Friday,Friday 04:40,4.588695153082502e-05
285,0.0,Friday,Friday 04:45,5.221408699672681e-05
290,0.0,Friday,Friday 04:50,6.10768175658886e-05
295,0.0,Friday,Friday 04:55,7.193075208713877e-05
300,0.00023916899300582476,Friday,Friday 05:00,8.404974798857182e-05
305,0.0,Friday,Friday 05:05,9.664334225729032e-05
310,0.00020488903269022177,Friday,Friday 05:10,0.00010898910332352092
315,0.00016058707519497794,Friday,Friday 05:15,0.00012051431075210184
320,0.00011522397110578326,Friday,Friday 05:20,0.00013088737745545418
325,0.0,Friday,Friday 05:25,0.00014000349594376515
330,0.0002784698692925116,Friday,Friday 05:30,0.00014800521883221964
335,0.00027931886586820046,Friday,Friday 05:35,0.00015520542843497988
340,0.00010405945175334186,Friday,Friday 05:40,0.00016208599114021782
345,0.00010505190340530433,Friday,Friday 05:45,0.00016910115910198235
350,0.00014806104070907102,Friday,Friday 05:50,0.00017674639035605489
355,0.0,Friday,Friday 05:55,0.00018540010680666177
360,0.000555317747169699,Friday,Friday 06:00,0.00019534681236532578
365,3.758396633885485e-05,Friday,Friday 06:05,0.00020674915509128595
370,0.00011214155823520246,Friday,Friday 06:10,0.0002197593115608221
375,0.0002461709416634535,Friday,Friday 06:15,0.0002345508389093358
380,0.00027648914678748266,Friday,Friday 06:20,0.00025140448207986853
385,0.0002655514797332809,Friday,Friday 06:25,0.00027067242304983395
390,0.00041705879766008435,Friday,Friday 06:30,0.0002926239784956525
395,0.00012540910941291088,Friday,Friday 06:35,0.0003172471743826539
400,0.0003354898776938662,Friday,Friday 06:40,0.0003440801765548644
405,0.000257553684328616,Friday,Friday 06:45,0.00037198001111432566
410,0.00012279062560380558,Friday,Friday 06:50,0.00039938610819397494
415,0.00028984913008449646,Friday,Friday 06:55,0.00042468102588984224
420,0.0016916181403442258,Friday,Friday 07:00,0.00044665653487558276
425,0.0002047960180941389,Friday,Friday 07:05,0.0004650017373658169
430,0.0003473937253229832,Friday,Friday 07:10,0.0004805128926733226
435,0.00019773969521828783,Friday,Friday 07:15,0.0004948191096529298
440,0.0005746594286950389,Friday,Friday 07:20,0.0005100123159152137
445,0.0003774329654807692,Friday,Friday 07:25,0.0005279671525124937
450,0.0007191365057179338,Friday,Friday 07:30,0.0005498779764167732
455,0.0004023187535574088,Friday,Friday 07:35,0.0005758721721826443
460,0.0004464028274045643,Friday,Friday 07:40,0.0006050606249611146
465,0.0009080975545879581,Friday,Friday 07:45,0.0006355814857256905
470,0.0003931871849309688,Friday,Friday 07:50,0.0006651302061613143
475,0.00034214554107239346,Friday,Friday 07:55,0.0006913353413979805
480,0.0018652590675491622,Friday,Friday 08:00,0.000712280974344719
485,0.0006860542152094505,Friday,Friday 08:05,0.0007268269003531079
490,0.00020762358046494088,Friday,Friday 08:10,0.0007349157333073221
495,0.0011200948184453866,Friday,Friday 08:15,0.0007374627948447017
500,0.000710723450644262,Friday,Friday 08:20,0.0007361895140008895
505,0.00029969880442519414,Friday,Friday 08:25,0.0007332745772269555
510,0.001431415183445967,Friday,Friday 08:30,0.0007309519676714801
515,0.0004985987456209218,Friday,Friday 08:35,0.0007308805589214092
520,0.0005717541182047387,Friday,Friday 08:40,0.0007338855416698189
525,0.0004249122570992605,Friday,Friday 08:45,0.0007395104371878527
530,0.0005044676685689896,Friday,Friday 08:50,0.000746220371289532
535,0.0005043794386438827,Friday,Friday 08:55,0.0007516967963964272
540,0.0020769489304493234,Friday,Friday 09:00,0.0007536198249300484
545,0.0005570254945355737,Friday,Friday 09:05,0.0007503783658604815
550,0.000738942300187199,Friday,Friday 09:10,0.0007416690661516001
555,0.0006884606989484087,Friday,Friday 09:15,0.0007285064011786091
560,0.0008341460763712597,Friday,Friday 09:20,0.0007129002958650608
565,6.53607387921048e-05,Friday,Friday 09:25,0.0006971265022999453
570,0.0008383785580230046,Friday,Friday 09:30,0.0006831834827202682
575,0.0008374964181649964,Friday,Friday 09:35,0.0006722407109706872
580,0.0005687876829746167,Friday,Friday 09:40,0.0006647142179863174
585,0.0006694038301772912,Friday,Friday 09:45,0.000660464646741962
590,0.0006349330744328462,Friday,Friday 09:50,0.0006592119930476869
595,0.0003077066763730383,Friday,Friday 09:55,0.0006608127477605967
600,0.001460262283241596,Friday,Friday 10:00,0.0006653939187769314
605,0.0002482847550431232,Friday,Friday 10:05,0.0006732109439276445
610,0.0005039012134032754,Friday,Friday 10:10,0.000684472905186543
615,0.0004934566361903441,Friday,Friday 10:15,0.0006990159364157215
620,0.000704902019674972,Friday,Friday 10:20,0.0007163021957054797
625,0.0006130874725389006,Friday,Friday 10:25,0.0007353979301188455
630,0.0015070347331722707,Friday,Friday 10:30,0.0007552586137114336
635,0.000493497951756348,Friday,Friday 10:35,0.0007746705092048951
640,0.0008697680405237107,Friday,Friday 10:40,0.0007924670296026794
645,0.0005601386986548936,Friday,Friday 10:45,0.0008072045697300543
650,0.0005918852164746825,Friday,Friday 10:50,0.0008173078923191229
655,0.0006679561560142162,Friday,Friday 10:55,0.0008210996646367099
660,0.001814157205239051,Friday,Friday 11:00,0.0008173549806247331
665,0.0007091889356876256,Friday,Friday 11:05,0.0008058176659509019
670,0.000802578009209496,Friday,Friday 11:10,0.0007877800253607574
675,0.001361575109227356,Friday,Friday 11:15,0.0007660614500115937
680,0.00024366427675277352,Friday,Friday 11:20,0.0007446386842638063
685,0.0001393027348051777,Friday,Friday 11:25,0.0007276036079053534
690,0.0009334441480141967,Friday,Friday 11:30,0.0007181365676628267
695,0.0002989598840101627,Friday,Friday 11:35,0.0007175439944422557
700,0.0007131647907388787,Friday,Friday 11:40,0.0007250867775758689
705,0.0006739562136572218,Friday,Friday 11:45,0.000738212932607393
710,0.0008515396387745495,Friday,Friday 11:50,0.0007535219902476344
715,0.0005411381110936464,Friday,Friday 11:55,0.0007677191074392617
720,0.002217985281049668,Friday,Friday 12:00,0.0007783980229936837
725,0.0004084603433384446,Friday,Friday 12:05,0.000784246260537697
730,0.00022413447972612668,Friday,Friday 12:10,0.0007849660827308777
735,0.00040456110670853107,Friday,Friday 12:15,0.0007806695906633284
740,0.0010100653065355136,Friday,Friday 12:20,0.0007716468751259463
745,0.000711846189712724,Friday,Friday 12:25,0.0007582746521086377
750,0.0017971836317493596,Friday,Friday 12:30,0.0007414011397886741
755,0.00048530844133730264,Friday,Friday 12:35,0.0007225973147821289
760,0.0005128042715220668,Friday,Friday 12:40,0.0007043706287223896
765,0.0006556254646197556,Friday,Friday 12:45,0.0006897763758684733
770,0.00024190767074406394,Friday,Friday 12:50,0.0006816292412411688
775,0.00020891991642278126,Friday,Friday 12:55,0.0006816417803560122
780,0.0011913067446129386,Friday,Friday 13:00,0.000689815213393525
785,0.0004177644968310942,Friday,Friday 13:05,0.000704190389625852
790,0.0004300567045265504,Friday,Friday 13:10,0.0007214173996273849
795,0.001226355490705206,Friday,Friday 13:15,0.0007375116038418128
800,0.0009801092117797546,Friday,Friday 13:20,0.0007490115919135399
805,0.0005445625552996747,Friday,Friday 13:25,0.0007537795392927527
810,0.001395226663644318,Friday,Friday 13:30,0.0007516501309139011
815,0.000620457171935594,Friday,Friday 13:35,0.0007442456031410883
820,0.0007037674298818899,Friday,Friday 13:40,0.0007345545748988901
825,0.0005273158361842736,Friday,Friday 13:45,0.0007259386899851644
830,0.00047772462902989486,Friday,Friday 13:50,0.0007211664744616605
835,0.0004625007557151237,Friday,Friday 13:55,0.0007215593124306258
840,0.0008635260003234,Friday,Friday 14:00,0.0007267011463458853
845,0.0005176536099881114,Friday,Friday 14:05,0.0007345550114925931
850,0.0009108313088405607,Friday,Friday 14:10,0.0007422822299560739
855,0.0009701658914717519,Friday,Friday 14:15,0.0007470187726862792
860,0.0011541855620609436,Friday,Friday 14:20,0.0007468119628945208
865,0.00057702512941134,Friday,Friday 14:25,0.0007410419036710108
870,0.0010289282325768691,Friday,Friday 14:30,0.0007304227512253918
875,0.00025914913491007234,Friday,Friday 14:35,0.0007165458466899406
880,0.0007146870969570878,Friday,Friday 14:40,0.0007013195869737808
885,0.0007465118641327227,Friday,Friday 14:45,0.0006863615415277184
890,0.00042637030484279074,Friday,Friday 14:50,0.000672753457758078
895,0.0006311680410225684,Friday,Friday 14:55,0.0006610287462576032
900,0.001136525303417521,Friday,Friday 15:00,0.0006513725097543313
905,0.0006645561638098122,Friday,Friday 15:05,0.0006438474448506433
910,0.000279239397175195,Friday,Friday 15:10,0.0006385378077163423
915,0.000654511509191733,Friday,Friday 15:15,0.0006353912309561244
920,0.0003856393858569831,Friday,Friday 15:20,0.0006342728196312811
925,0.0003140953052707845,Friday,Friday 15:25,0.0006348658999477554
930,0.0016016806134657425,Friday,Friday 15:30,0.0006368783054610822
935,0.00033582233172871166,Friday,Friday 15:35,0.0006400918205668644
940,0.00047238048279849774,Friday,Friday 15:40,0.0006445865721306468
945,0.0009898182102029563,Friday,Friday 15:45,0.0006504983621894176
950,0.00027485476240033264,Friday,Friday 15:50,0.0006578775536918938
955,0.00019882726824117027,Friday,Friday 15:55,0.0006663395777442013
960,0.001183788042730041,Friday,Friday 16:00,0.0006749921478433434
965,0.00046790771704065487,Friday,Friday 16:05,0.0006825888403156396
970,0.0007544696899707989,Friday,Friday 16:10,0.000688014986293423
975,0.001589137340026801,Friday,Friday 16:15,0.0006906768945468449
980,0.00023378816161138141,Friday,Friday 16:20,0.0006908041783869652
985,0.00013790434424319582,Friday,Friday 16:25,0.0006893796224026413
990,0.0013402486404314189,Friday,Friday 16:30,0.0006877510898213977
995,0.0003305879734055463,Friday,Friday 16:35,0.0006870262585956203
1000,0.0006741410974709591,Friday,Friday 16:40,0.0006875572682954352
1005,0.0003265130783829557,Friday,Friday 16:45,0.0006887225907578357
1010,0.0010276562914140726,Friday,Friday 16:50,0.0006890256285539268
1015,0.00048035573831963516,Friday,Friday 16:55,0.0006866008227559608
1020,0.001384336516183983,Friday,Friday 17:00,0.0006799141082666521
1025,0.0004843486624035863,Friday,Friday 17:05,0.0006682389970395407
1030,0.0005198917204120234,Friday,Friday 17:10,0.0006521828319380205
1035,0.0011014258755022662,Friday,Friday 17:15,0.0006335003783989165
1040,0.00045424108286714026,Friday,Friday 17:20,0.0006147883607416614
1045,0.0001640054537418427,Friday,Friday 17:25,0.0005988081419679269
1050,0.0005343231668581697,Friday,Friday 17:30,0.0005879419865453953
1055,0.0004402234848957452,Friday,Friday 17:35,0.0005836217839448143
1060,0.0007021349177909525,Friday,Friday 17:40,0.0005862610531604135
1065,0.0006472483106844072,Friday,Friday 17:45,0.0005952314756464517
1070,0.0004000506168519285,Friday,Friday 17:50,0.0006091013794775522
1075,0.000584667360155496,Friday,Friday 17:55,0.0006259965548317212
1080,0.0007667405535871721,Friday,Friday 18:00,0.000643821940394298
1085,0.0007129266062785454,Friday,Friday 18:05,0.0006604252789413564
1090,0.0005454077065664585,Friday,Friday 18:10,0.0006738716854061082
1095,0.0009115841915842297,Friday,Friday 18:15,0.0006825070814711134
1100,0.000880521821326556,Friday,Friday 18:20,0.0006852873199519305
1105,0.00020580148823355228,Friday,Friday 18:25,0.0006818143982544257
1110,0.0015092707011103764,Friday,Friday 18:30,0.0006724836769247534
1115,0.00035279234889489935,Friday,Friday 18:35,0.000658315587182528
1120,0.0008171701839261077,Friday,Friday 18:40,0.0006407565472857478
1125,0.0004544672661428227,Friday,Friday 18:45,0.000621270527898645
1130,0.0003338324368601061,Friday,Friday 18:50,0.0006010313596921666
1135,0.0001566874773000168,Friday,Friday 18:55,0.0005808045441924457
1140,0.001474607069708558,Friday,Friday 19:00,0.000561029492354105
1145,0.0005391220952783097,Friday,Friday 19:05,0.0005419612220017633
1150,9.511983885349064e-05,Friday,Friday 19:10,0.0005240518255607683
1155,0.0008280314279667543,Friday,Friday 19:15,0.0005079008618446046
1160,0.00020581209303650118,Friday,Friday 19:20,0.0004943222180711447
1165,0.0002135839614850142,Friday,Friday 19:25,0.0004841238756532425
1170,0.0008424448634865772,Friday,Friday 19:30,0.0004778644740854527
1175,0.00021869943225852367,Friday,Friday 19:35,0.00047574988888646793
1180,0.0004569104311094202,Friday,Friday 19:40,0.0004776144159906261
1185,0.0007329068944058564,Friday,Friday 19:45,0.0004829587757714393
1190,0.0001788261048363211,Friday,Friday 19:50,0.0004910830420132737
1195,0.00023607847545469027,Friday,Friday 19:55,0.0005011000598075224
1200,0.0010971822024013046,Friday,Friday 20:00,0.0005120135496776041
1205,0.0004963882383891437,Friday,Friday 20:05,0.0005225639032547703
1210,0.00016088629036093325,Friday,Friday 20:10,0.0005313952194670492
1215,0.00042897441793213225,Friday,Friday 20:15,0.0005369729532728482
1220,0.001052883694252081,Friday,Friday 20:20,0.000537937671277348
1225,0.00013977598640505388,Friday,Friday 20:25,0.0005333597291483716
1230,0.0013877271159954577,Friday,Friday 20:30,0.0005230840494201705
1235,0.0002711998445088371,Friday,Friday 20:35,0.0005078587626232942
1240,0.00024324938580232418,Friday,Friday 20:40,0.0004893532733089883
1245,0.0006616499930250941,Friday,Friday 20:45,0.00046991400587801296
1250,0.00027332225949344463,Friday,Friday 20:50,0.0004520765181174952
1255,0.0001628694401065621,Friday,Friday 20:55,0.000438102316743425
1260,0.0008129750921700028,Friday,Friday 21:00,0.00042949715937723226
1265,0.00019751864227375186,Friday,Friday 21:05,0.0004266537502914607
1270,5.112160443854078e-05,Friday,Friday 21:10,0.0004287501208783231
1275,0.0005607399301828582,Friday,Friday 21:15,0.0004338281622272916
1280,0.00043482575144116386,Friday,Friday 21:20,0.0004391158173574427
1285,0.00019942109991141305,Friday,Friday 21:25,0.0004415918369635981
1290,0.0013409839596473425,Friday,Friday 21:30,0.0004386527204603575
1295,0.0003602205455068003,Friday,Friday 21:35,0.0004286074758568766
1300,0.00018639160424428072,Friday,Friday 21:40,0.0004110350298489363
1305,0.0007454739834188179,Friday,Friday 21:45,0.0003867741932675108
1310,0.00023053136228537663,Friday,Friday 21:50,0.0003576318694403577
1315,0.00018727065110280626,Friday,Friday 21:55,0.00032581470477203984
1320,0.0004174179039784626,Friday,Friday 22:00,0.0002935634617451771
1325,6.771198386355566e-05,Friday,Friday 22:05,0.00026264770923976834
1330,8.151043428487462e-05,Friday,Friday 22:10,0.0002343236919389439
1335,0.0005032043690661803,Friday,Friday 22:15,0.00020937573857145953
1340,7.43206060797493e-05,Friday,Friday 22:20,0.0001882060413496669
1345,8.121768887467668e-05,Friday,Friday 22:25,0.00017101583724673332
1350,0.00017008676455167952,Friday,Friday 22:30,0.00015786488329546484
1355,5.5528602016462994e-05,Friday,Friday 22:35,0.00014855023103540728
1360,0.00013498471305754483,Friday,Friday 22:40,0.00014254397378033113
1365,6.699408690957581e-05,Friday,Friday 22:45,0.00013893755083361166
1370,0.0,Friday,Friday 22:50,0.00013648403223084053
1375,0.00016696849666619388,Friday,Friday 22:55,0.00013380549539915602
1380,0.00040078027641040443,Friday,Friday 23:00,0.00012976860375634694
1385,0.00030543062782701426,Friday,Friday 23:05,0.00012365534887989708
1390,5.949304482125155e-05,Friday,Friday 23:10,0.0001153648227022665
1395,0.0,Friday,Friday 23:15,0.00010537156071162205
1400,4.147025915930957e-05,Friday,Friday 23:20,9.445438326398414e-05
1405,0.0,Friday,Friday 23:25,8.345806401213109e-05
1410,4.003099118372284e-05,Friday,Friday 23:30,7.308085820238253e-05
1415,0.00026799943176664825,Friday,Friday 23:35,6.375708974355977e-05
1420,0.0,Friday,Friday 23:40,5.571215375869016e-05
1425,0.0,Friday,Friday 23:45,4.906640399630978e-05
1430,0.0,Friday,Friday 23:50,4.386914296799742e-05
1435,0.0,Friday,Friday 23:55,4.015199574860462e-05
0,0.00010291615721458913,Saturday,Saturday 00:00,3.787030450339416e-05
5,0.0,Saturday,Saturday 00:05,3.683401770981675e-05
10,0.0,Saturday,Saturday 00:10,3.6684901383834716e-05
15,0.0,Saturday,Saturday 00:15,3.6893816301167e-05
20,0.0,Saturday,Saturday 00:20,3.688098835424801e-05
25,0.0001679365539647052,Saturday,Saturday 00:25,3.615045966026655e-05
30,0.00013409947056723345,Saturday,Saturday 00:30,3.443830135613659e-05
35,0.0,Saturday,Saturday 00:35,3.178903635716339e-05
40,0.0,Saturday,Saturday 00:40,2.8555502289744564e-05
45,0.0,Saturday,Saturday 00:45,2.5310194283143172e-05
50,0.0,Saturday,Saturday 00:50,2.2683875570798803e-05
55,0.0,Saturday,Saturday 00:55,2.1186216134361337e-05
60,0.0,Saturday,Saturday 01:00,2.1071863538786595e-05
65,0.0,Saturday,Saturday 01:05,2.2283611335279362e-05
70,0.0,Saturday,Saturday 01:10,2.4443298075478372e-05
75,7.381852719424742e-05,Saturday,Saturday 01:15,2.6959417585780283e-05
80,0.0,Saturday,Saturday 01:20,2.9153478116882657e-05
85,0.0,Saturday,Saturday 01:25,3.041063609860953e-05
90,0.00021505553521808705,Saturday,Saturday 01:30,3.0318745165990175e-05
95,0.0,Saturday,Saturday 01:35,2.874028621626074e-05
100,3.496897022604965e-05,Saturday,Saturday 01:40,2.583349979269373e-05
105,0.0,Saturday,Saturday 01:45,2.1983703845495182e-05
110,0.0,Saturday,Saturday 01:50,1.7695896258883284e-05
115,0.0,Saturday,Saturday 01:55,1.3476001774150601e-05
120,0.0,Saturday,Saturday 02:00,9.7229249067624e-06
125,0.0,Saturday,Saturday 02:05,6.678297600102869e-06
130,0.0,Saturday,Saturday 02:10,4.43280949693481e-06
135,0.0,Saturday,Saturday 02:15,2.9610329335664677e-06
140,0.0,Saturday,Saturday 02:20,2.165871274930937e-06
145,0.0,Saturday,Saturday 02:25,1.928836936094521e-06
150,0.0,Saturday,Saturday 02:30,2.137737356219721e-06
155,0.0,Saturday,Saturday 02:35,2.679559210020071e-06
160,0.0,Saturday,Saturday 02:40,3.4843167863620536e-06
165,0.0,Saturday,Saturday 02:45,4.456235174063511e-06
170,0.0,Saturday,Saturday 02:50,5.56683848645479e-06
175,0.0,Saturday,Saturday 02:55,6.847167947272906e-06
180,5.243999562157143e-05,Saturday,Saturday 03:00,8.446066027223983e-06
185,0.0,Saturday,Saturday 03:05,1.0640009941150489e-05
190,0.0,Saturday,Saturday 03:10,1.3847443005188175e-05
195,0.0,Saturday,Saturday 03:15,1.8578091831704717e-05
200,0.0,Saturday,Saturday 03:20,2.532671619777514e-05
205,0.0,Saturday,Saturday 03:25,3.441523709122506e-05
210,0.0,Saturday,Saturday 03:30,4.581077111867327e-05
215,6.961116676304708e-05,Saturday,Saturday 03:35,5.8971705026946764e-05
220,0.0,Saturday,Saturday 03:40,7.280813312058747e-05
225,0.0,Saturday,Saturday 03:45,8.573832787195105e-05
230,0.00019003210112583156,Saturday,Saturday 03:50,9.601701139557325e-05
235,0.0,Saturday,Saturday 03:55,0.00010210929535492638
240,0.0007944885129198596,Saturday,Saturday 04:00,0.00010312070545220577
245,0.0,Saturday,Saturday 04:05,9.908383701785707e-05
250,0.0,Saturday,Saturday 04:10,9.101513596066206e-05
255,0.0,Saturday,Saturday 04:15,8.069569575622536e-05
260,0.0,Saturday,Saturday 04:20,7.029256389696081e-05
265,7.102079521688965e-05,Saturday,Saturday 04:25,6.186664148963128e-05
270,0.0,Saturday,Saturday 04:30,5.696789727455716e-05
275,0.0,Saturday,Saturday 04:35,5.6376333937259955e-05
280,0.0,Saturday,Saturday 04:40,6.00480348347684e-05
285,0.0,Saturday,Saturday 04:45,6.714746145342109e-05
290,0.0,Saturday,Saturday 04:50,7.64090994239961e-05
295,0.0,Saturday,Saturday 04:55,8.64333854762408e-05
300,0.0005504866373296286,Saturday,Saturday 05:00,9.606648690121223e-05
305,8.147808290093623e-05,Saturday,Saturday 05:05,0.00010471647732475106
310,9.289560647990983e-05,Saturday,Saturday 05:10,0.00011248330602523914
315,0.0,Saturday,Saturday 05:15,0.00012006726144409444
320,3.498872743103158e-05,Saturday,Saturday 05:20,0.00012861823500878345
325,0.00012799687832345556,Saturday,Saturday 05:25,0.00013936137398035055
330,0.0002806837635929149,Saturday,Saturday 05:30,0.00015331579974280077
335,3.195134770527488e-05,Saturday,Saturday 05:35,0.00017091636342381577
340,0.00015116601097767024,Saturday,Saturday 05:40,0.00019196528197097868
345,0.00013584121481882548,Saturday,Saturday 05:45,0.0002154479003814239
350,0.0,Saturday,Saturday 05:50,0.00023992185511323603
355,0.00015021039576527845,Saturday,Saturday 05:55,0.00026381146623622495
360,0.0011463804428061448,Saturday,Saturday 06:00,0.0002858550373346029
365,0.00018541948420009875,Saturday,Saturday 06:05,0.0003055416155233828
370,0.0003033969958956856,Saturday,Saturday 06:10,0.0003232848569044445
375,0.0002827053388686956,Saturday,Saturday 06:15,0.00034021996075939934
380,0.0,Saturday,Saturday 06:20,0.00035791735988703757
385,0.00019579803158215756,Saturday,Saturday 06:25,0.0003778268416625935
390,0.0009133795326332467,Saturday,Saturday 06:30,0.00040078089277952153
395,0.0003497508188564971,Saturday,Saturday 06:35,0.0004265824318516762
400,0.0002488395573905546,Saturday,Saturday 06:40,0.00045418455974535787
405,0.0002971457832198331,Saturday,Saturday 06:45,0.00048155304371397104
410,0.0003536154844871341,Saturday,Saturday 06:50,0.0005065798369716347
415,0.00035194279537835156,Saturday,Saturday 06:55,0.0005277089948854583
420,0.002158448797670278,Saturday,Saturday 07:00,0.0005447761616859442
425,0.0002235922960605884,Saturday,Saturday 07:05,0.0005595436018031906
430,0.00017839589006547459,Saturday,Saturday 07:10,0.0005758456275404735
435,0.0005542748533524539,Saturday,Saturday 07:15,0.0005985820279111369
440,0.00019689231853067514,Saturday,Saturday 07:20,0.0006328387907460111
445,0.0002401093620578528,Saturday,Saturday 07:25,0.0006822741520379401
450,0.0011604404012467396,Saturday,Saturday 07:30,0.0007478529314392767
455,0.00013314848709762076,Saturday,Saturday 07:35,0.0008272666941380928
460,0.00028462667053400333,Saturday,Saturday 07:40,0.00091536867222535
465,0.001477247086979531,Saturday,Saturday 07:45,0.0010049913436823458
470,0.0019558282044659417,Saturday,Saturday 07:50,0.0010889980825118327
475,0.00025732403898289386,Saturday,Saturday 07:55,0.001161867912168775
480,0.003700917122814295,Saturday,Saturday 08:00,0.0012208487055798802
485,0.0006645893555602303,Saturday,Saturday 08:05,0.0012661434338741028
490,0.0006849083817246925,Saturday,Saturday 08:10,0.0013002076404751515
495,0.0009913544791385542,Saturday,Saturday 08:15,0.0013263298008454286
500,0.0008902011524539966,Saturday,Saturday 08:20,0.0013474982249178384
505,0.0005949642045138767,Saturday,Saturday 08:25,0.0013656475924972615
510,0.004289132604511769,Saturday,Saturday 08:30,0.0013816551457769837
515,0.0007803339125167592,Saturday,Saturday 08:35,0.0013955408372202573
520,0.0005912795185266409,Saturday,Saturday 08:40,0.0014070490765466675
525,0.0017103578887442958,Saturday,Saturday 08:45,0.00141547422963249
530,0.0004707709954788134,Saturday,Saturday 08:50,0.0014199953011116706
535,0.0004365080710066112,Saturday,Saturday 08:55,0.0014196332633655434
540,0.004478885462467437,Saturday,Saturday 09:00,0.0014136833819830348
545,0.001229004291525977,Saturday,Saturday 09:05,0.0014020871616836695
550,0.0007889981958677938,Saturday,Saturday 09:10,0.0013858841541573319
555,0.0011610154832696015,Saturday,Saturday 09:15,0.0013670179284922027
560,0.0006946675534052111,Saturday,Saturday 09:20,0.0013479383482353903
565,0.0009141633839715787,Saturday,Saturday 09:25,0.0013306888986193467
570,0.002504345704216676,Saturday,Saturday 09:30,0.0013167228805159856
575,0.0014250334605734726,Saturday,Saturday 09:35,0.0013062561730401803
580,0.0008952530131005123,Saturday,Saturday 09:40,0.0012987049849661535
585,0.0012514792214067825,Saturday,Saturday 09:45,0.0012926386180859973
590,0.0006247340585879678,Saturday,Saturday 09:50,0.001286424189100189
595,0.0005591714914403679,Saturday,Saturday 09:55,0.0012784432605856214
600,0.003989449004952947,Saturday,Saturday 10:00,0.0012677507943808673
605,0.0005290422381985323,Saturday,Saturday 10:05,0.00125402718232854
610,0.0006340798225264972,Saturday,Saturday 10:10,0.0012380353231906441
615,0.001015242151483032,Saturday,Saturday 10:15,0.0012213047617749184
620,0.0013274620093014142,Saturday,Saturday 10:20,0.0012057991048177678
625,0.0009375603652418563,Saturday,Saturday 10:25,0.0011934518718702428
630,0.0018423101683124558,Saturday,Saturday 10:30,0.0011858572720335556
635,0.0006999309281189478,Saturday,Saturday 10:35,0.0011835985624251517
640,0.0014471291568838567,Saturday,Saturday 10:40,0.0011863216773764355
645,0.0008398001739406371,Saturday,Saturday 10:45,0.0011924145131903005
650,0.0006496457611859259,Saturday,Saturday 10:50,0.001199394101851681
655,0.0005695214578405902,Saturday,Saturday 10:55,0.0012042990621235535
660,0.0035039871892915946,Saturday,Saturday 11:00,0.0012044679610474294
665,0.0008315205084322122,Saturday,Saturday 11:05,0.0011982923293130934
670,0.0009847374354228593,Saturday,Saturday 11:10,0.001185915607271683
675,0.0010683428750534979,Saturday,Saturday 11:15,0.0011692404465526943
680,0.0009376984839430881,Saturday,Saturday 11:20,0.0011516853109267127
685,0.0006899036961871963,Saturday,Saturday 11:25,0.0011372925540475054
690,0.0022066762546251945,Saturday,Saturday 11:30,0.0011299932535997616
695,0.0006312557477816771,Saturday,Saturday 11:35,0.0011323555755614288
700,0.0003851199789499079,Saturday,Saturday 11:40,0.001145384297281646
705,0.0011174210966496594,Saturday,Saturday 11:45,0.0011679674816105151
710,0.000850264626840335,Saturday,Saturday 11:50,0.0011973529558848245
715,0.0010491688448166596,Saturday,Saturday 11:55,0.0012296357942385193
720,0.003268801420449697,Saturday,Saturday 12:00,0.001260705458954435
725,0.0004682701044477123,Saturday,Saturday 12:05,0.0012869927488932623
730,0.000747093195802605,Saturday,Saturday 12:10,0.0013061936290057528
735,0.001872658800451577,Saturday,Saturday 12:15,0.0013172077347179045
740,0.0013337802901877821,Saturday,Saturday 12:20,0.0013201559216831494
745,0.0009372434596111361,Saturday,Saturday 12:25,0.0013159108911816896
750,0.002420657323764471,Saturday,Saturday 12:30,0.0013058949981634169
755,0.0005684382392502316,Saturday,Saturday 12:35,0.0012914720922207273
760,0.0011964603637598286,Saturday,Saturday 12:40,0.001273969289704623
765,0.0014856864834449546,Saturday,Saturday 12:45,0.0012542758793108878
770,0.0013628557632852452,Saturday,Saturday 12:50,0.0012328742828770064
775,0.00021947586713943264,Saturday,Saturday 12:55,0.0012098739043939024
780,0.0025030632102099274,Saturday,Saturday 13:00,0.0011853218760431593
785,0.0006094204596197125,Saturday,Saturday 13:05,0.0011594313637775535
790,0.001120470908894382,Saturday,Saturday 13:10,0.0011330414760561717
795,0.0016359534415590511,Saturday,Saturday 13:15,0.0011077304695743318
800,0.0008818827442837345,Saturday,Saturday 13:20,0.0010857453134161033
805,0.00024137725130528816,Saturday,Saturday 13:25,0.0010695445883441707
810,0.0016626277288048885,Saturday,Saturday 13:30,0.0010612825796298363
815,0.0006927519042247573,Saturday,Saturday 13:35,0.0010619760555042584
820,0.0009953191999597093,Saturday,Saturday 13:40,0.0010712603187365062
825,0.0010049251725925553,Saturday,Saturday 13:45,0.00108706932916101
830,0.0007555196454593995,Saturday,Saturday 13:50,0.0011061349976693173
835,0.000740345385104192,Saturday,Saturday 13:55,0.0011245907462870096
840,0.0025009278887108037,Saturday,Saturday 14:00,0.0011389710010565803
845,0.0014683692777083632,Saturday,Saturday 14:05,0.001146962372598707
850,0.0007525709423051889,Saturday,Saturday 14:10,0.001148115672491993
855,0.0009533273525974565,Saturday,Saturday 14:15,0.0011436611674583814
860,0.0009510660968151146,Saturday,Saturday 14:20,0.0011361998446184772
865,0.0012233822357827916,Saturday,Saturday 14:25,0.0011287038052141933
870,0.0017977685994335232,Saturday,Saturday 14:30,0.0011237032379138637
875,0.0004609211576018243,Saturday,Saturday 14:35,0.001122226020003871
880,0.0006922559406429484,Saturday,Saturday 14:40,0.001123548858866831
885,0.0011430255305984187,Saturday,Saturday 14:45,0.0011250931461353568
890,0.0007540891918279258,Saturday,Saturday 14:50,0.0011233640535996715
895,0.0013750663586962362,Saturday,Saturday 14:55,0.0011149857267941975
900,0.0032606264037710274,Saturday,Saturday 15:00,0.0010981424644279072
905,0.00032570386232554967,Saturday,Saturday 15:05,0.0010732063910029138
910,0.0005496039730731026,Saturday,Saturday 15:10,0.0010429180281114592
915,0.0012420736211087482,Saturday,Saturday 15:15,0.0010114775240701484
920,0.0003504400308727864,Saturday,Saturday 15:20,0.0009833028323285313
925,0.00021587304601875063,Saturday,Saturday 15:25,0.0009617364702978571
930,0.0019599427778454353,Saturday,Saturday 15:30,0.0009482846167940535
935,0.0006236274710861517,Saturday,Saturday 15:35,0.0009423209203684411
940,0.0009083089342087785,Saturday,Saturday 15:40,0.0009416350482842084
945,0.0011900674819355255,Saturday,Saturday 15:45,0.0009430721407964241
950,0.0004752524299595671,Saturday,Saturday 15:50,0.0009434742415611684
955,0.0004798879443233283,Saturday,Saturday 15:55,0.0009403607143888199
960,0.002510960654681455,Saturday,Saturday 16:00,0.0009324864217564906
965,0.0004631195354394883,Saturday,Saturday 16:05,0.0009199527353888376
970,0.0012395750188568932,Saturday,Saturday 16:10,0.0009041830609998352
975,0.0005117697820646536,Saturday,Saturday 16:15,0.0008872335790167715
980,0.0005046703800401206,Saturday,Saturday 16:20,0.0008711436767161469
985,0.0003776417992314961,Saturday,Saturday 16:25,0.0008572456776386249
990,0.001354094493047756,Saturday,Saturday 16:30,0.0008458883447383725
995,0.001033201175622887,Saturday,Saturday 16:35,0.0008363180972980132
1000,0.0007546268141051132,Saturday,Saturday 16:40,0.0008273975769651346
1005,0.0009436051837629245,Saturday,Saturday 16:45,0.0008179954385217003
1010,0.0007947087906571786,Saturday,Saturday 16:50,0.0008075026233305372
1015,0.00029346037125992227,Saturday,Saturday 16:55,0.0007960577105607373
1020,0.0016038560110006493,Saturday,Saturday 17:00,0.0007844934258116293
1025,0.0004080618343781446,Saturday,Saturday 17:05,0.0007738678257199162
1030,0.00061203088649731,Saturday,Saturday 17:10,0.0007652321546983231
1035,0.0007812606284579267,Saturday,Saturday 17:15,0.0007591640625529239
1040,0.0006910514055025601,Saturday,Saturday 17:20,0.0007556029578914093
1045,0.00022852171084274947,Saturday,Saturday 17:25,0.000753846919032131
1050,0.0015559473658064496,Saturday,Saturday 17:30,0.0007528161477951944
1055,0.0005630260709567987,Saturday,Saturday 17:35,0.000751135033311337
1060,0.0007539620727586716,Saturday,Saturday 17:40,0.0007477383968084722
1065,0.0009385700992241645,Saturday,Saturday 17:45,0.0007418028598027716
1070,0.000568417009608497,Saturday,Saturday 17:50,0.0007330889397658818
1075,0.00014084264852450096,Saturday,Saturday 17:55,0.0007218915918319668
1080,0.001707879752313865,Saturday,Saturday 18:00,0.0007090425452844374
1085,0.0007354274877952857,Saturday,Saturday 18:05,0.0006958333695530428
1090,0.00019610929322633636,Saturday,Saturday 18:10,0.0006839729199710276
1095,0.0005667153427670503,Saturday,Saturday 18:15,0.0006753903323495694
1100,0.0006642160489429837,Saturday,Saturday 18:20,0.0006721636840665451
1105,0.00044993676910957606,Saturday,Saturday 18:25,0.0006761813808892999
1110,0.001200326299148954,Saturday,Saturday 18:30,0.0006889389531002137
1115,0.00042040643474093315,Saturday,Saturday 18:35,0.000710991975571336
1120,0.00031555929815432434,Saturday,Saturday 18:40,0.0007416842169523587
1125,0.0006729402449176919,Saturday,Saturday 18:45,0.0007787463780016301
1130,0.0007236119358275847,Saturday,Saturday 18:50,0.0008183922432109484
1135,0.000264779994025253,Saturday,Saturday 18:55,0.0008556996649506017
1140,0.0022294893839583164,Saturday,Saturday 19:00,0.0008855533766523617
1145,0.0011137080799568347,Saturday,Saturday 19:05,0.0009035472413826749
1150,0.0008750838262438928,Saturday,Saturday 19:10,0.0009070030465223587
1155,0.001221392066922336,Saturday,Saturday 19:15,0.0008953838749840801
1160,0.0006743203360457497,Saturday,Saturday 19:20,0.0008702990185959822
1165,0.0005758546492538021,Saturday,Saturday 19:25,0.0008349742106090814
1170,0.0015728237618964401,Saturday,Saturday 19:30,0.0007935032648537458
1175,0.00033718919658329516,Saturday,Saturday 19:35,0.0007499983730455107
1180,0.0005331763317214223,Saturday,Saturday 19:40,0.0007080364204536636
1185,0.0005366476979375428,Saturday,Saturday 19:45,0.0006702327876815929
1190,0.0005080004186038397,Saturday,Saturday 19:50,0.000638256587276081
1195,0.00040289489751483393,Saturday,Saturday 19:55,0.0006128871453020724
1200,0.001209893820362935,Saturday,Saturday 20:00,0.0005943133673610547
1205,0.00039653762478550727,Saturday,Saturday 20:05,0.0005822249613297659
1210,0.0003067387348051737,Saturday,Saturday 20:10,0.0005759461353418875
1215,0.0003572446517277436,Saturday,Saturday 20:15,0.0005744053987205542
1220,0.00042999502597382955,Saturday,Saturday 20:20,0.00057614142428286
1225,0.0005935735395368836,Saturday,Saturday 20:25,0.0005793400221448201
1230,0.0012226668155417674,Saturday,Saturday 20:30,0.000582153133106572
1235,0.0004595496479117342,Saturday,Saturday 20:35,0.0005828170161002672
1240,0.00029037628247843687,Saturday,Saturday 20:40,0.0005800099814950863
1245,0.0010812097546772318,Saturday,Saturday 20:45,0.0005729249505123061
1250,0.0002301450180047154,Saturday,Saturday 20:50,0.0005612793982699964
1255,0.00015428620893051287,Saturday,Saturday 20:55,0.0005452481988436871
1260,0.001399320191791831,Saturday,Saturday 21:00,0.0005254579798204364
1265,0.0003874356897936071,Saturday,Saturday 21:05,0.0005027940273212481
1270,0.0004251193624109264,Saturday,Saturday 21:10,0.0004784477581188125
1275,0.00025633547087355044,Saturday,Saturday 21:15,0.00045371973962975913
1280,0.000307379395533609,Saturday,Saturday 21:20,0.0004298415588521381
1285,0.000445738263671136,Saturday,Saturday 21:25,0.00040773591628354974
1290,0.0006100587085246806,Saturday,Saturday 21:30,0.0003878773760858446
1295,0.0001788063639215451,Saturday,Saturday 21:35,0.0003701357500966001
1300,0.00018171755808950616,Saturday,Saturday 21:40,0.00035388819213460945
1305,0.00047087601351469745,Saturday,Saturday 21:45,0.00033815114477091186
1310,0.00033213457847605557,Saturday,Saturday 21:50,0.00032186448487894753
1315,0.00018767295477871177,Saturday,Saturday 21:55,0.0003041644725459705
1320,0.000734240106967175,Saturday,Saturday 22:00,0.0002846569335191291
1325,0.00020712125355745742,Saturday,Saturday 22:05,0.000263469886510232
1330,0.00015748856586118683,Saturday,Saturday 22:10,0.0002412472689426834
1335,4.232137759587664e-05,Saturday,Saturday 22:15,0.00021897321539971143
1340,0.0002350739690652628,Saturday,Saturday 22:20,0.00019761394030973477
1345,0.000134785067836559,Saturday,Saturday 22:25,0.00017789688720108924
1350,0.00020903842632985495,Saturday,Saturday 22:30,0.0001602088683498905
1355,7.472872442499107e-05,Saturday,Saturday 22:35,0.0001444528569116634
1360,9.63328821044309e-05,Saturday,Saturday 22:40,0.00013026298056630398
1365,0.00019482485890540686,Saturday,Saturday 22:45,0.0001171321213484784
1370,6.564071439050685e-05,Saturday,Saturday 22:50,0.00010463257174211566
1375,4.142442987819989e-05,Saturday,Saturday 22:55,9.256369503224862e-05
1380,0.00027455307244766915,Saturday,Saturday 23:00,8.103647107589804e-05
1385,0.0,Saturday,Saturday 23:05,7.04314964656586e-05
1390,0.0,Saturday,Saturday 23:10,6.129555199704107e-05
1395,0.0,Saturday,Saturday 23:15,5.416555256843989e-05
1400,0.0,Saturday,Saturday 23:20,4.9361782825363855e-05
1405,0.0,Saturday,Saturday 23:25,4.685176554796634e-05
1410,4.537406124849511e-05,Saturday,Saturday 23:30,4.625803839214529e-05
1415,0.0,Saturday,Saturday 23:35,4.689275734200187e-05
1420,0.00014302254248122737,Saturday,Saturday 23:40,4.7983990276483595e-05
1425,7.926083168362567e-05,Saturday,Saturday 23:45,4.8860579800862096e-05
1430,0.00010158712482770843,Saturday,Saturday 23:50,4.912267587641481e-05
1435,0.0,Saturday,Saturday 23:55,4.867538506538397e-05
0,0.00010291615721458913,Sunday,Sunday 00:00,4.7672374122364124e-05
5,0.0,Sunday,Sunday 00:05,4.636121998913323e-05
10,0.0,Sunday,Sunday 00:10,4.49332509933064e-05
15,0.0,Sunday,Sunday 00:15,4.340265380193743e-05
20,0.0,Sunday,Sunday 00:20,4.1617358157951855e-05
25,0.0001679365539647052,Sunday,Sunday 00:25,3.934770638749169e-05
30,0.00013409947056723345,Sunday,Sunday 00:30,3.645084710005501e-05
35,0.0,Sunday,Sunday 00:35,3.296975772212906e-05
40,0.0,Sunday,Sunday 00:40,2.920317428595451e-05
45,0.0,Sunday,Sunday 00:45,2.5643522565764293e-05
50,0.0,Sunday,Sunday 00:50,2.284440017471576e-05
55,0.0,Sunday,Sunday 00:55,2.125868305396779e-05
60,0.0,Sunday,Sunday 01:00,2.1105800012698756e-05
65,0.0,Sunday,Sunday 01:05,2.229521841516403e-05
70,0.0,Sunday,Sunday 01:10,2.4446697052719347e-05
75,7.381852719424742e-05,Sunday,Sunday 01:15,2.6959417585780283e-05
80,0.0,Sunday,Sunday 01:20,2.9153478116882657e-05
85,0.0,Sunday,Sunday 01:25,3.041063609860953e-05
90,0.00021505553521808705,Sunday,Sunday 01:30,3.0318745165990175e-05
95,0.0,Sunday,Sunday 01:35,2.874028621626074e-05
100,3.496897022604965e-05,Sunday,Sunday 01:40,2.583349979269373e-05
105,0.0,Sunday,Sunday 01:45,2.1983703845495182e-05
110,0.0,Sunday,Sunday 01:50,1.7695896258883284e-05
115,0.0,Sunday,Sunday 01:55,1.3476001774150601e-05
120,0.0,Sunday,Sunday 02:00,9.7229249067624e-06
125,0.0,Sunday,Sunday 02:05,6.678297600102869e-06
130,0.0,Sunday,Sunday 02:10,4.43280949693481e-06
135,0.0,Sunday,Sunday 02:15,2.9610329335664677e-06
140,0.0,Sunday,Sunday 02:20,2.165871274930937e-06
145,0.0,Sunday,Sunday 02:25,1.928836936094521e-06
150,0.0,Sunday,Sunday 02:30,2.137737356219721e-06
155,0.0,Sunday,Sunday 02:35,2.679559210020071e-06
160,0.0,Sunday,Sunday 02:40,3.4843167863620536e-06
165,0.0,Sunday,Sunday 02:45,4.456235174063511e-06
170,0.0,Sunday,Sunday 02:50,5.56683848645479e-06
175,0.0,Sunday,Sunday 02:55,6.847167947272906e-06
180,5.243999562157143e-05,Sunday,Sunday 03:00,8.446066027223983e-06
185,0.0,Sunday,Sunday 03:05,1.0640009941150489e-05
190,0.0,Sunday,Sunday 03:10,1.3847443005188175e-05
195,0.0,Sunday,Sunday 03:15,1.8578091831704717e-05
200,0.0,Sunday,Sunday 03:20,2.532671619777514e-05
205,0.0,Sunday,Sunday 03:25,3.441523709122506e-05
210,0.0,Sunday,Sunday 03:30,4.581077111867327e-05
215,6.961116676304708e-05,Sunday,Sunday 03:35,5.8971705026946764e-05
220,0.0,Sunday,Sunday 03:40,7.280813312058747e-05
225,0.0,Sunday,Sunday 03:45,8.573832787195105e-05
230,0.00019003210112583156,Sunday,Sunday 03:50,9.601701139557325e-05
235,0.0,Sunday,Sunday 03:55,0.00010210929535492638
240,0.0007944885129198596,Sunday,Sunday 04:00,0.00010312070545220577
245,0.0,Sunday,Sunday 04:05,9.908383701785707e-05
250,0.0,Sunday,Sunday 04:10,9.101513596066206e-05
255,0.0,Sunday,Sunday 04:15,8.069569575622536e-05
260,0.0,Sunday,Sunday 04:20,7.029256389696081e-05
265,7.102079521688965e-05,Sunday,Sunday 04:25,6.186664148963128e-05
270,0.0,Sunday,Sunday 04:30,5.696789727455716e-05
275,0.0,Sunday,Sunday 04:35,5.6376333937259955e-05
280,0.0,Sunday,Sunday 04:40,6.00480348347684e-05
285,0.0,Sunday,Sunday 04:45,6.714746145342109e-05
290,0.0,Sunday,Sunday 04:50,7.64090994239961e-05
295,0.0,Sunday,Sunday 04:55,8.64333854762408e-05
300,0.0005504866373296286,Sunday,Sunday 05:00,9.606648690121223e-05
305,8.147808290093623e-05,Sunday,Sunday 05:05,0.00010471647732475106
310,9.289560647990983e-05,Sunday,Sunday 05:10,0.00011248330602523914
315,0.0,Sunday,Sunday 05:15,0.00012006726144409444
320,3.498872743103158e-05,Sunday,Sunday 05:20,0.00012861823500878345
325,0.00012799687832345556,Sunday,Sunday 05:25,0.00013936137398035055
330,0.0002806837635929149,Sunday,Sunday 05:30,0.00015331579974280077
335,3.195134770527488e-05,Sunday,Sunday 05:35,0.00017091636342381577
340,0.00015116601097767024,Sunday,Sunday 05:40,0.00019196528197097868
345,0.00013584121481882548,Sunday,Sunday 05:45,0.0002154479003814239
350,0.0,Sunday,Sunday 05:50,0.00023992185511323603
355,0.00015021039576527845,Sunday,Sunday 05:55,0.00026381146623622495
360,0.0011463804428061448,Sunday,Sunday 06:00,0.0002858550373346029
365,0.00018541948420009875,Sunday,Sunday 06:05,0.0003055416155233828
370,0.0003033969958956856,Sunday,Sunday 06:10,0.0003232848569044445
375,0.0002827053388686956,Sunday,Sunday 06:15,0.00034021996075939934
380,0.0,Sunday,Sunday 06:20,0.00035791735988703757
385,0.00019579803158215756,Sunday,Sunday 06:25,0.0003778268416625935
390,0.0009133795326332467,Sunday,Sunday 06:30,0.00040078089277952153
395,0.0003497508188564971,Sunday,Sunday 06:35,0.0004265824318516762
400,0.0002488395573905546,Sunday,Sunday 06:40,0.00045418455974535787
405,0.0002971457832198331,Sunday,Sunday 06:45,0.00048155304371397104
410,0.0003536154844871341,Sunday,Sunday 06:50,0.0005065798369716347
415,0.00035194279537835156,Sunday,Sunday 06:55,0.0005277089948854583
420,0.002158448797670278,Sunday,Sunday 07:00,0.0005447761616859442
425,0.0002235922960605884,Sunday,Sunday 07:05,0.0005595436018031906
430,0.00017839589006547459,Sunday,Sunday 07:10,0.0005758456275404735
435,0.0005542748533524539,Sunday,Sunday 07:15,0.0005985820279111369
440,0.00019689231853067514,Sunday,Sunday 07:20,0.0006328387907460111
445,0.0002401093620578528,Sunday,Sunday 07:25,0.0006822741520379401
450,0.0011604404012467396,Sunday,Sunday 07:30,0.0007478529314392767
455,0.00013314848709762076,Sunday,Sunday 07:35,0.0008272666941380928
460,0.00028462667053400333,Sunday,Sunday 07:40,0.00091536867222535
465,0.001477247086979531,Sunday,Sunday 07:45,0.0010049913436823458
470,0.0019558282044659417,Sunday,Sunday 07:50,0.0010889980825118327
475,0.00025732403898289386,Sunday,Sunday 07:55,0.001161867912168775
480,0.003700917122814295,Sunday,Sunday 08:00,0.0012208487055798802
485,0.0006645893555602303,Sunday,Sunday 08:05,0.0012661434338741028
490,0.0006849083817246925,Sunday,Sunday 08:10,0.0013002076404751515
495,0.0009913544791385542,Sunday,Sunday 08:15,0.0013263298008454286
500,0.0008902011524539966,Sunday,Sunday 08:20,0.0013474982249178384
505,0.0005949642045138767,Sunday,Sunday 08:25,0.0013656475924972615
510,0.004289132604511769,Sunday,Sunday 08:30,0.0013816551457769837
515,0.0007803339125167592,Sunday,Sunday 08:35,0.0013955408372202573
520,0.0005912795185266409,Sunday,Sunday 08:40,0.0014070490765466675
525,0.0017103578887442958,Sunday,Sunday 08:45,0.00141547422963249
530,0.0004707709954788134,Sunday,Sunday 08:50,0.0014199953011116706
535,0.0004365080710066112,Sunday,Sunday 08:55,0.0014196332633655434
540,0.004478885462467437,Sunday,Sunday 09:00,0.0014136833819830348
545,0.001229004291525977,Sunday,Sunday 09:05,0.0014020871616836695
550,0.0007889981958677938,Sunday,Sunday 09:10,0.0013858841541573319
555,0.0011610154832696015,Sunday,Sunday 09:15,0.0013670179284922027
560,0.0006946675534052111,Sunday,Sunday 09:20,0.0013479383482353903
565,0.0009141633839715787,Sunday,Sunday 09:25,0.0013306888986193467
570,0.002504345704216676,Sunday,Sunday 09:30,0.0013167228805159856
575,0.0014250334605734726,Sunday,Sunday 09:35,0.0013062561730401803
580,0.0008952530131005123,Sunday,Sunday 09:40,0.0012987049849661535
585,0.0012514792214067825,Sunday,Sunday 09:45,0.0012926386180859973
590,0.0006247340585879678,Sunday,Sunday 09:50,0.001286424189100189
595,0.0005591714914403679,Sunday,Sunday 09:55,0.0012784432605856214
600,0.003989449004952947,Sunday,Sunday 10:00,0.0012677507943808673
605,0.0005290422381985323,Sunday,Sunday 10:05,0.00125402718232854
610,0.0006340798225264972,Sunday,Sunday 10:10,0.0012380353231906441
615,0.001015242151483032,Sunday,Sunday 10:15,0.0012213047617749184
620,0.0013274620093014142,Sunday,Sunday 10:20,0.0012057991048177678
625,0.0009375603652418563,Sunday,Sunday 10:25,0.0011934518718702428
630,0.0018423101683124558,Sunday,Sunday 10:30,0.0011858572720335556
635,0.0006999309281189478,Sunday,Sunday 10:35,0.0011835985624251517
640,0.0014471291568838567,Sunday,Sunday 10:40,0.0011863216773764355
645,0.0008398001739406371,Sunday,Sunday 10:45,0.0011924145131903005
650,0.0006496457611859259,Sunday,Sunday 10:50,0.001199394101851681
655,0.0005695214578405902,Sunday,Sunday 10:55,0.0012042990621235535
660,0.0035039871892915946,Sunday,Sunday 11:00,0.0012044679610474294
665,0.0008315205084322122,Sunday,Sunday 11:05,0.0011982923293130934
670,0.0009847374354228593,Sunday,Sunday 11:10,0.001185915607271683
675,0.0010683428750534979,Sunday,Sunday 11:15,0.0011692404465526943
680,0.0009376984839430881,Sunday,Sunday 11:20,0.0011516853109267127
685,0.0006899036961871963,Sunday,Sunday 11:25,0.0011372925540475054
690,0.0022066762546251945,Sunday,Sunday 11:30,0.0011299932535997616
695,0.0006312557477816771,Sunday,Sunday 11:35,0.0011323555755614288
700,0.0003851199789499079,Sunday,Sunday 11:40,0.001145384297281646
705,0.0011174210966496594,Sunday,Sunday 11:45,0.0011679674816105151
710,0.000850264626840335,Sunday,Sunday 11:50,0.0011973529558848245
715,0.0010491688448166596,Sunday,Sunday 11:55,0.0012296357942385193
720,0.003268801420449697,Sunday,Sunday 12:00,0.001260705458954435
725,0.0004682701044477123,Sunday,Sunday 12:05,0.0012869927488932623
730,0.000747093195802605,Sunday,Sunday 12:10,0.0013061936290057528
735,0.001872658800451577,Sunday,Sunday 12:15,0.0013172077347179045
740,0.0013337802901877821,Sunday,Sunday 12:20,0.0013201559216831494
745,0.0009372434596111361,Sunday,Sunday 12:25,0.0013159108911816896
750,0.002420657323764471,Sunday,Sunday 12:30,0.0013058949981634169
755,0.0005684382392502316,Sunday,Sunday 12:35,0.0012914720922207273
760,0.0011964603637598286,Sunday,Sunday 12:40,0.001273969289704623
765,0.0014856864834449546,Sunday,Sunday 12:45,0.0012542758793108878
770,0.0013628557632852452,Sunday,Sunday 12:50,0.0012328742828770064
775,0.00021947586713943264,Sunday,Sunday 12:55,0.0012098739043939024
780,0.0025030632102099274,Sunday,Sunday 13:00,0.0011853218760431593
785,0.0006094204596197125,Sunday,Sunday 13:05,0.0011594313637775535
790,0.001120470908894382,Sunday,Sunday 13:10,0.0011330414760561717
795,0.0016359534415590511,Sunday,Sunday 13:15,0.0011077304695743318
800,0.0008818827442837345,Sunday,Sunday 13:20,0.0010857453134161033
805,0.00024137725130528816,Sunday,Sunday 13:25,0.0010695445883441707
810,0.0016626277288048885,Sunday,Sunday 13:30,0.0010612825796298363
815,0.0006927519042247573,Sunday,Sunday 13:35,0.0010619760555042584
820,0.0009953191999597093,Sunday,Sunday 13:40,0.0010712603187365062
825,0.0010049251725925553,Sunday,Sunday 13:45,0.00108706932916101
830,0.0007555196454593995,Sunday,Sunday 13:50,0.0011061349976693173
835,0.000740345385104192,Sunday,Sunday 13:55,0.0011245907462870096
840,0.0025009278887108037,Sunday,Sunday 14:00,0.0011389710010565803
845,0.0014683692777083632,Sunday,Sunday 14:05,0.001146962372598707
850,0.0007525709423051889,Sunday,Sunday 14:10,0.001148115672491993
855,0.0009533273525974565,Sunday,Sunday 14:15,0.0011436611674583814
860,0.0009510660968151146,Sunday,Sunday 14:20,0.0011361998446184772
865,0.0012233822357827916,Sunday,Sunday 14:25,0.0011287038052141933
870,0.0017977685994335232,Sunday,Sunday 14:30,0.0011237032379138637
875,0.0004609211576018243,Sunday,Sunday 14:35,0.001122226020003871
880,0.0006922559406429484,Sunday,Sunday 14:40,0.001123548858866831
885,0.0011430255305984187,Sunday,Sunday 14:45,0.0011250931461353568
890,0.0007540891918279258,Sunday,Sunday 14:50,0.0011233640535996715
895,0.0013750663586962362,Sunday,Sunday 14:55,0.0011149857267941975
900,0.0032606264037710274,Sunday,Sunday 15:00,0.0010981424644279072
905,0.00032570386232554967,Sunday,Sunday 15:05,0.0010732063910029138
910,0.0005496039730731026,Sunday,Sunday 15:10,0.0010429180281114592
915,0.0012420736211087482,Sunday,Sunday 15:15,0.0010114775240701484
920,0.0003504400308727864,Sunday,Sunday 15:20,0.0009833028323285313
925,0.00021587304601875063,Sunday,Sunday 15:25,0.0009617364702978571
930,0.0019599427778454353,Sunday,Sunday 15:30,0.0009482846167940535
935,0.0006236274710861517,Sunday,Sunday 15:35,0.0009423209203684411
940,0.0009083089342087785,Sunday,Sunday 15:40,0.0009416350482842084
945,0.0011900674819355255,Sunday,Sunday 15:45,0.0009430721407964241
950,0.0004752524299595671,Sunday,Sunday 15:50,0.0009434742415611684
955,0.0004798879443233283,Sunday,Sunday 15:55,0.0009403607143888199
960,0.002510960654681455,Sunday,Sunday 16:00,0.0009324864217564906
965,0.0004631195354394883,Sunday,Sunday 16:05,0.0009199527353888376
970,0.0012395750188568932,Sunday,Sunday 16:10,0.0009041830609998352
975,0.0005117697820646536,Sunday,Sunday 16:15,0.0008872335790167715
980,0.0005046703800401206,Sunday,Sunday 16:20,0.0008711436767161469
985,0.0003776417992314961,Sunday,Sunday 16:25,0.0008572456776386249
990,0.001354094493047756,Sunday,Sunday 16:30,0.0008458883447383725
995,0.001033201175622887,Sunday,Sunday 16:35,0.0008363180972980132
1000,0.0007546268141051132,Sunday,Sunday 16:40,0.0008273975769651346
1005,0.0009436051837629245,Sunday,Sunday 16:45,0.0008179954385217003
1010,0.0007947087906571786,Sunday,Sunday 16:50,0.0008075026233305372
1015,0.00029346037125992227,Sunday,Sunday 16:55,0.0007960577105607373
1020,0.0016038560110006493,Sunday,Sunday 17:00,0.0007844934258116293
1025,0.0004080618343781446,Sunday,Sunday 17:05,0.0007738678257199162
1030,0.00061203088649731,Sunday,Sunday 17:10,0.0007652321546983231
1035,0.0007812606284579267,Sunday,Sunday 17:15,0.0007591640625529239
1040,0.0006910514055025601,Sunday,Sunday 17:20,0.0007556029578914093
1045,0.00022852171084274947,Sunday,Sunday 17:25,0.000753846919032131
1050,0.0015559473658064496,Sunday,Sunday 17:30,0.0007528161477951944
1055,0.0005630260709567987,Sunday,Sunday 17:35,0.000751135033311337
1060,0.0007539620727586716,Sunday,Sunday 17:40,0.0007477383968084722
1065,0.0009385700992241645,Sunday,Sunday 17:45,0.0007418028598027716
1070,0.000568417009608497,Sunday,Sunday 17:50,0.0007330889397658818
1075,0.00014084264852450096,Sunday,Sunday 17:55,0.0007218915918319668
1080,0.001707879752313865,Sunday,Sunday 18:00,0.0007090425452844374
1085,0.0007354274877952857,Sunday,Sunday 18:05,0.0006958333695530428
1090,0.00019610929322633636,Sunday,Sunday 18:10,0.0006839729199710276
1095,0.0005667153427670503,Sunday,Sunday 18:15,0.0006753903323495694
1100,0.0006642160489429837,Sunday,Sunday 18:20,0.0006721636840665451
1105,0.00044993676910957606,Sunday,Sunday 18:25,0.0006761813808892999
1110,0.001200326299148954,Sunday,Sunday 18:30,0.0006889389531002137
1115,0.00042040643474093315,Sunday,Sunday 18:35,0.000710991975571336
1120,0.00031555929815432434,Sunday,Sunday 18:40,0.0007416842169523587
1125,0.0006729402449176919,Sunday,Sunday 18:45,0.0007787463780016301
1130,0.0007236119358275847,Sunday,Sunday 18:50,0.0008183922432109484
1135,0.000264779994025253,Sunday,Sunday 18:55,0.0008556996649506017
1140,0.0022294893839583164,Sunday,Sunday 19:00,0.0008855533766523617
1145,0.0011137080799568347,Sunday,Sunday 19:05,0.0009035472413826749
1150,0.0008750838262438928,Sunday,Sunday 19:10,0.0009070030465223587
1155,0.001221392066922336,Sunday,Sunday 19:15,0.0008953838749840801
1160,0.0006743203360457497,Sunday,Sunday 19:20,0.0008702990185959822
1165,0.0005758546492538021,Sunday,Sunday 19:25,0.0008349742106090814
1170,0.0015728237618964401,Sunday,Sunday 19:30,0.0007935032648537458
1175,0.00033718919658329516,Sunday,Sunday 19:35,0.0007499983730455107
1180,0.0005331763317214223,Sunday,Sunday 19:40,0.0007080364204536636
1185,0.0005366476979375428,Sunday,Sunday 19:45,0.0006702327876815929
1190,0.0005080004186038397,Sunday,Sunday 19:50,0.000638256587276081
1195,0.00040289489751483393,Sunday,Sunday 19:55,0.0006128871453020724
1200,0.001209893820362935,Sunday,Sunday 20:00,0.0005943133673610547
1205,0.00039653762478550727,Sunday,Sunday 20:05,0.0005822249613297659
1210,0.0003067387348051737,Sunday,Sunday 20:10,0.0005759461353418875
1215,0.0003572446517277436,Sunday,Sunday 20:15,0.0005744053987205542
1220,0.00042999502597382955,Sunday,Sunday 20:20,0.00057614142428286
1225,0.0005935735395368836,Sunday,Sunday 20:25,0.0005793400221448201
1230,0.0012226668155417674,Sunday,Sunday 20:30,0.000582153133106572
1235,0.0004595496479117342,Sunday,Sunday 20:35,0.0005828170161002672
1240,0.00029037628247843687,Sunday,Sunday 20:40,0.0005800099814950863
1245,0.0010812097546772318,Sunday,Sunday 20:45,0.0005729249505123061
1250,0.0002301450180047154,Sunday,Sunday 20:50,0.0005612793982699964
1255,0.00015428620893051287,Sunday,Sunday 20:55,0.0005452481988436871
1260,0.001399320191791831,Sunday,Sunday 21:00,0.0005254579798204364
1265,0.0003874356897936071,Sunday,Sunday 21:05,0.0005027940273212481
1270,0.0004251193624109264,Sunday,Sunday 21:10,0.0004784477581188125
1275,0.00025633547087355044,Sunday,Sunday 21:15,0.00045371973962975913
1280,0.000307379395533609,Sunday,Sunday 21:20,0.0004298415588521381
1285,0.000445738263671136,Sunday,Sunday 21:25,0.00040773591628354974
1290,0.0006100587085246806,Sunday,Sunday 21:30,0.0003878773760858446
1295,0.0001788063639215451,Sunday,Sunday 21:35,0.0003701357500966001
1300,0.00018171755808950616,Sunday,Sunday 21:40,0.00035388819213460945
1305,0.00047087601351469745,Sunday,Sunday 21:45,0.00033815114477091186
1310,0.00033213457847605557,Sunday,Sunday 21:50,0.00032186448487894753
1315,0.00018767295477871177,Sunday,Sunday 21:55,0.0003041644725459705
1320,0.000734240106967175,Sunday,Sunday 22:00,0.0002846569335191291
1325,0.00020712125355745742,Sunday,Sunday 22:05,0.000263469886510232
1330,0.00015748856586118683,Sunday,Sunday 22:10,0.0002412472689426834
1335,4.232137759587664e-05,Sunday,Sunday 22:15,0.00021897321539971143
1340,0.0002350739690652628,Sunday,Sunday 22:20,0.00019761394030973477
1345,0.000134785067836559,Sunday,Sunday 22:25,0.00017789688720108924
1350,0.00020903842632985495,Sunday,Sunday 22:30,0.0001602088683498905
1355,7.472872442499107e-05,Sunday,Sunday 22:35,0.0001444528569116634
1360,9.63328821044309e-05,Sunday,Sunday 22:40,0.00013025953712131333
1365,0.00019482485890540686,Sunday,Sunday 22:45,0.00011712516753493559
1370,6.564071439050685e-05,Sunday,Sunday 22:50,0.00010461569904746623
1375,4.142442987819989e-05,Sunday,Sunday 22:55,9.252530179379334e-05
1380,0.00027455307244766915,Sunday,Sunday 23:00,8.095455850494623e-05
1385,0.0,Sunday,Sunday 23:05,7.02620542301961e-05
1390,0.0,Sunday,Sunday 23:10,6.0969204831362895e-05
1395,0.0,Sunday,Sunday 23:15,5.3577894587182386e-05
1400,0.0,Sunday,Sunday 23:20,4.836191073061152e-05
1405,0.0,Sunday,Sunday 23:25,4.523593298102905e-05
1410,4.537406124849511e-05,Sunday,Sunday 23:30,4.376963908239664e-05
1415,0.0,Sunday,Sunday 23:35,4.322291439886582e-05
1420,0.00014302254248122737,Sunday,Sunday 23:40,4.277580052356231e-05
1425,7.926083168362567e-05,Sunday,Sunday 23:45,4.170890107496531e-05
1430,0.00010158712482770843,Sunday,Sunday 23:50,3.958922993653569e-05
1435,0.0,Sunday,Sunday 23:55,3.631998019911715e-05
